ISO-10303-21;
HEADER;
FILE_DESCRIPTION (( 'STEP AP214' ),
    '1' );
FILE_NAME ('ACSC02-41SURKWA-F01.STEP',
    '2024-11-21T09:50:29',
    ( '' ),
    ( '' ),
    'SwSTEP 2.0',
    'SolidWorks 2016',
    '' );
FILE_SCHEMA (( 'AUTOMOTIVE_DESIGN' ));
ENDSEC;

DATA;
#1 = VERTEX_POINT ( 'NONE', #4424 ) ;
#2 = UNCERTAINTY_MEASURE_WITH_UNIT (LENGTH_MEASURE( 1.000000000000000100E-005 ), #2005, 'distance_accuracy_value', 'NONE');
#3 =( GEOMETRIC_REPRESENTATION_CONTEXT ( 3 ) GLOBAL_UNCERTAINTY_ASSIGNED_CONTEXT ( ( #781 ) ) GLOBAL_UNIT_ASSIGNED_CONTEXT ( ( #3391, #219, #3925 ) ) REPRESENTATION_CONTEXT ( 'NONE', 'WORKASPACE' ) );
#4 = PRESENTATION_LAYER_ASSIGNMENT (  '', '', ( #6566 ) ) ;
#5 = VECTOR ( 'NONE', #402, 1000.000000000000000 ) ;
#6 = AXIS2_PLACEMENT_3D ( 'NONE', #5700, #5156, #4647 ) ;
#7 = EDGE_CURVE ( 'NONE', #6163, #4725, #622, .T. ) ;
#8 = DIRECTION ( 'NONE',  ( -0.6427876096865424700, 0.0000000000000000000, -0.7660444431189754600 ) ) ;
#9 = EDGE_CURVE ( 'NONE', #1627, #1709, #3430, .T. ) ;
#10 = DIRECTION ( 'NONE',  ( 0.0000000000000000000, 1.000000000000000000, 0.0000000000000000000 ) ) ;
#11 = LINE ( 'NONE', #3266, #5323 ) ;
#12 = VERTEX_POINT ( 'NONE', #550 ) ;
#13 = ORIENTED_EDGE ( 'NONE', *, *, #3111, .F. ) ;
#14 = DIRECTION ( 'NONE',  ( 0.0000000000000000000, -0.0000000000000000000, 1.000000000000000000 ) ) ;
#15 = ORIENTED_EDGE ( 'NONE', *, *, #4860, .T. ) ;
#16 = CARTESIAN_POINT ( 'NONE',  ( -0.9899999999999986600, -3.050000000000000300, -3.800000000000001200 ) ) ;
#17 = ORIENTED_EDGE ( 'NONE', *, *, #5316, .T. ) ;
#18 = AXIS2_PLACEMENT_3D ( 'NONE', #5848, #2127, #1070 ) ;
#19 = DIRECTION ( 'NONE',  ( -1.301042606982605300E-015, 0.0000000000000000000, -1.000000000000000000 ) ) ;
#20 = DIRECTION ( 'NONE',  ( -3.252606517456510500E-015, 0.0000000000000000000, 1.000000000000000000 ) ) ;
#21 = ORIENTED_EDGE ( 'NONE', *, *, #3730, .F. ) ;
#22 = CARTESIAN_POINT ( 'NONE',  ( 2.429999999999999700, -3.050000000000000300, 5.000000000000000000 ) ) ;
#23 = EDGE_CURVE ( 'NONE', #2030, #3674, #4690, .T. ) ;
#24 = FACE_OUTER_BOUND ( 'NONE', #4125, .T. ) ;
#25 = VECTOR ( 'NONE', #5708, 1000.000000000000000 ) ;
#26 = ORIENTED_EDGE ( 'NONE', *, *, #3696, .F. ) ;
#27 = DIRECTION ( 'NONE',  ( -1.000000000000000000, 0.0000000000000000000, 2.602085213965210600E-015 ) ) ;
#28 = AXIS2_PLACEMENT_3D ( 'NONE', #1401, #1934, #5640 ) ;
#29 = LINE ( 'NONE', #3694, #2690 ) ;
#30 = CIRCLE ( 'NONE', #4532, 0.3249999999999997900 ) ;
#31 = CARTESIAN_POINT ( 'NONE',  ( -3.450000000000000200, -3.000000000000000000, 5.000000000000000900 ) ) ;
#32 = CIRCLE ( 'NONE', #107, 0.3249999999999997900 ) ;
#33 = DIRECTION ( 'NONE',  ( -4.650144802115173900E-017, 0.0000000000000000000, 1.000000000000000000 ) ) ;
#34 = DIRECTION ( 'NONE',  ( 1.000000000000000000, 0.0000000000000000000, -0.0000000000000000000 ) ) ;
#35 = VECTOR ( 'NONE', #2336, 1000.000000000000000 ) ;
#36 = DIRECTION ( 'NONE',  ( -1.000000000000000000, 0.0000000000000000000, -0.0000000000000000000 ) ) ;
#37 = CLOSED_SHELL ( 'NONE', ( #5539, #5532, #3571, #3970, #5797, #5155, #182, #6813 ) ) ;
#38 = AXIS2_PLACEMENT_3D ( 'NONE', #3384, #210, #3919 ) ;
#39 = ORIENTED_EDGE ( 'NONE', *, *, #4371, .T. ) ;
#40 = CARTESIAN_POINT ( 'NONE',  ( -1.890000000000000100, -2.149999999999999900, 4.000000000000000000 ) ) ;
#41 = EDGE_LOOP ( 'NONE', ( #2581, #4136, #5375, #6113, #5125, #805, #1542, #1877 ) ) ;
#42 = VERTEX_POINT ( 'NONE', #5329 ) ;
#43 = DIRECTION ( 'NONE',  ( 1.000000000000000000, 0.0000000000000000000, 0.0000000000000000000 ) ) ;
#44 = PLANE ( 'NONE',  #6741 ) ;
#45 = FACE_OUTER_BOUND ( 'NONE', #3037, .T. ) ;
#46 = ORIENTED_EDGE ( 'NONE', *, *, #1682, .T. ) ;
#47 = CARTESIAN_POINT ( 'NONE',  ( 0.4500000000000005700, -3.000000000000000000, 5.000000000000000000 ) ) ;
#48 = ORIENTED_EDGE ( 'NONE', *, *, #2830, .F. ) ;
#49 = VECTOR ( 'NONE', #2298, 1000.000000000000000 ) ;
#50 = CARTESIAN_POINT ( 'NONE',  ( 1.439999999999998600, -3.050000000000000300, -5.000000000000000900 ) ) ;
#51 = VERTEX_POINT ( 'NONE', #1625 ) ;
#52 =( GEOMETRIC_REPRESENTATION_CONTEXT ( 3 ) GLOBAL_UNCERTAINTY_ASSIGNED_CONTEXT ( ( #2119 ) ) GLOBAL_UNIT_ASSIGNED_CONTEXT ( ( #240, #3951, #767 ) ) REPRESENTATION_CONTEXT ( 'NONE', 'WORKASPACE' ) );
#53 = PLANE ( 'NONE',  #5368 ) ;
#54 = EDGE_CURVE ( 'NONE', #6350, #6228, #5956, .T. ) ;
#55 = DIRECTION ( 'NONE',  ( -0.1736481776669218100, 0.0000000000000000000, 0.9848077530122095700 ) ) ;
#56 = CIRCLE ( 'NONE', #4227, 0.4000000000000006300 ) ;
#57 =( NAMED_UNIT ( * ) PLANE_ANGLE_UNIT ( ) SI_UNIT ( $, .RADIAN. ) );
#58 = VECTOR ( 'NONE', #5379, 1000.000000000000000 ) ;
#59 = DIRECTION ( 'NONE',  ( 0.0000000000000000000, 1.000000000000000000, 0.0000000000000000000 ) ) ;
#60 = VECTOR ( 'NONE', #5731, 1000.000000000000000 ) ;
#61 = VERTEX_POINT ( 'NONE', #6417 ) ;
#62 = ORIENTED_EDGE ( 'NONE', *, *, #1435, .F. ) ;
#63 = ORIENTED_EDGE ( 'NONE', *, *, #2165, .T. ) ;
#64 = DIRECTION ( 'NONE',  ( 0.0000000000000000000, 0.0000000000000000000, -1.000000000000000000 ) ) ;
#65 = LINE ( 'NONE', #6104, #2724 ) ;
#66 = CARTESIAN_POINT ( 'NONE',  ( -9.855445003483749700, -2.200000000000000200, -4.999999999999999100 ) ) ;
#67 = ORIENTED_EDGE ( 'NONE', *, *, #254, .F. ) ;
#68 = ORIENTED_EDGE ( 'NONE', *, *, #5970, .T. ) ;
#69 = CARTESIAN_POINT ( 'NONE',  ( -0.9899999999999995500, -2.149999999999999900, 5.000000000000000900 ) ) ;
#70 = UNCERTAINTY_MEASURE_WITH_UNIT (LENGTH_MEASURE( 1.000000000000000100E-005 ), #359, 'distance_accuracy_value', 'NONE');
#71 = DIRECTION ( 'NONE',  ( 1.000000000000000000, 0.0000000000000000000, 0.0000000000000000000 ) ) ;
#72 =( NAMED_UNIT ( * ) PLANE_ANGLE_UNIT ( ) SI_UNIT ( $, .RADIAN. ) );
#73 = CARTESIAN_POINT ( 'NONE',  ( 0.9899999999999961100, -2.149999999999999900, -4.000000000000000000 ) ) ;
#74 = VECTOR ( 'NONE', #2909, 1000.000000000000000 ) ;
#75 = LINE ( 'NONE', #3726, #2735 ) ;
#76 = AXIS2_PLACEMENT_3D ( 'NONE', #1073, #6396, #3192 ) ;
#77 = EDGE_LOOP ( 'NONE', ( #6592, #6067, #2031, #6079 ) ) ;
#78 = AXIS2_PLACEMENT_3D ( 'NONE', #3164, #6899, #6361 ) ;
#79 = FILL_AREA_STYLE_COLOUR ( '', #2598 ) ;
#80 = DIRECTION ( 'NONE',  ( 0.0000000000000000000, 0.0000000000000000000, -1.000000000000000000 ) ) ;
#81 = EDGE_CURVE ( 'NONE', #5768, #3149, #461, .T. ) ;
#82 = AXIS2_PLACEMENT_3D ( 'NONE', #733, #1266, #4970 ) ;
#83 = DIRECTION ( 'NONE',  ( 0.0000000000000000000, 0.0000000000000000000, -1.000000000000000000 ) ) ;
#84 = CARTESIAN_POINT ( 'NONE',  ( -1.138373323344469100, -0.05000000000000000300, 1.273142497792080200 ) ) ;
#85 = ORIENTED_EDGE ( 'NONE', *, *, #5970, .F. ) ;
#86 = CARTESIAN_POINT ( 'NONE',  ( 0.9899999999999984400, -2.149999999999999900, -4.999999999999999100 ) ) ;
#87 = VECTOR ( 'NONE', #960, 1000.000000000000000 ) ;
#88 = CARTESIAN_POINT ( 'NONE',  ( 2.007555736996880800, 0.0000000000000000000, -2.171381580069955400 ) ) ;
#89 = EDGE_CURVE ( 'NONE', #5391, #42, #2038, .T. ) ;
#90 = ORIENTED_EDGE ( 'NONE', *, *, #6780, .F. ) ;
#91 = EDGE_LOOP ( 'NONE', ( #3183, #48, #3732, #6302 ) ) ;
#92 = AXIS2_PLACEMENT_3D ( 'NONE', #490, #4204, #1023 ) ;
#93 = EDGE_CURVE ( 'NONE', #3401, #274, #3282, .T. ) ;
#94 = EDGE_CURVE ( 'NONE', #5913, #1415, #282, .T. ) ;
#95 = ORIENTED_EDGE ( 'NONE', *, *, #5371, .F. ) ;
#96 = ORIENTED_EDGE ( 'NONE', *, *, #4748, .F. ) ;
#97 = ORIENTED_EDGE ( 'NONE', *, *, #1540, .F. ) ;
#98 = CARTESIAN_POINT ( 'NONE',  ( -3.450000000000000200, -2.200000000000000200, -4.000000000000000000 ) ) ;
#99 = ORIENTED_EDGE ( 'NONE', *, *, #458, .T. ) ;
#100 = DIRECTION ( 'NONE',  ( -1.000000000000000000, -0.0000000000000000000, 0.0000000000000000000 ) ) ;
#101 = EDGE_CURVE ( 'NONE', #5406, #6380, #3119, .T. ) ;
#102 = DIRECTION ( 'NONE',  ( -1.000000000000000000, -0.0000000000000000000, 0.0000000000000000000 ) ) ;
#103 = VECTOR ( 'NONE', #5308, 1000.000000000000000 ) ;
#104 = CARTESIAN_POINT ( 'NONE',  ( -2.989254451489293400, -0.05000000000000000300, -4.505519267349762400 ) ) ;
#105 = DIRECTION ( 'NONE',  ( -0.0000000000000000000, -1.000000000000000000, -0.0000000000000000000 ) ) ;
#106 = ORIENTED_EDGE ( 'NONE', *, *, #3672, .F. ) ;
#107 = AXIS2_PLACEMENT_3D ( 'NONE', #6685, #3483, #311 ) ;
#108 = LINE ( 'NONE', #6550, #2767 ) ;
#109 = DIRECTION ( 'NONE',  ( 2.372734900658680300E-016, -0.0000000000000000000, 1.000000000000000000 ) ) ;
#110 = FACE_OUTER_BOUND ( 'NONE', #3277, .T. ) ;
#111 = PLANE ( 'NONE',  #6385 ) ;
#112 = FACE_OUTER_BOUND ( 'NONE', #4950, .T. ) ;
#113 = VECTOR ( 'NONE', #5733, 1000.000000000000000 ) ;
#114 = ORIENTED_EDGE ( 'NONE', *, *, #2500, .T. ) ;
#115 = DIRECTION ( 'NONE',  ( 0.0000000000000000000, -0.0000000000000000000, -1.000000000000000000 ) ) ;
#116 = VERTEX_POINT ( 'NONE', #3142 ) ;
#117 = VERTEX_POINT ( 'NONE', #473 ) ;
#118 = LINE ( 'NONE', #1862, #2435 ) ;
#119 = SURFACE_STYLE_FILL_AREA ( #6002 ) ;
#120 = PRODUCT_DEFINITION_SHAPE ( 'NONE', 'NONE',  #5934 ) ;
#121 = LINE ( 'NONE', #3675, #5592 ) ;
#122 = VECTOR ( 'NONE', #741, 1000.000000000000000 ) ;
#123 = ORIENTED_EDGE ( 'NONE', *, *, #6087, .T. ) ;
#124 = LINE ( 'NONE', #5356, #1553 ) ;
#125 = ORIENTED_EDGE ( 'NONE', *, *, #445, .F. ) ;
#126 = EDGE_CURVE ( 'NONE', #4784, #1972, #121, .T. ) ;
#127 = EDGE_CURVE ( 'NONE', #4523, #6071, #2939, .T. ) ;
#128 = LINE ( 'NONE', #431, #5605 ) ;
#129 = DIRECTION ( 'NONE',  ( 0.0000000000000000000, 0.0000000000000000000, -1.000000000000000000 ) ) ;
#130 = ORIENTED_EDGE ( 'NONE', *, *, #6572, .T. ) ;
#131 = LINE ( 'NONE', #4595, #5608 ) ;
#132 = CARTESIAN_POINT ( 'NONE',  ( 3.329999999999997900, -2.149999999999999900, -4.000000000000000000 ) ) ;
#133 = DIRECTION ( 'NONE',  ( 0.0000000000000000000, 1.000000000000000000, 0.0000000000000000000 ) ) ;
#134 = DIRECTION ( 'NONE',  ( 0.0000000000000000000, 0.0000000000000000000, -1.000000000000000000 ) ) ;
#135 = VECTOR ( 'NONE', #6093, 1000.000000000000000 ) ;
#136 = PLANE ( 'NONE',  #6048 ) ;
#137 = DIRECTION ( 'NONE',  ( -0.0000000000000000000, -1.000000000000000000, -0.0000000000000000000 ) ) ;
#138 = EDGE_CURVE ( 'NONE', #1361, #6524, #5780, .T. ) ;
#139 = EDGE_CURVE ( 'NONE', #2147, #718, #2778, .T. ) ;
#140 = CARTESIAN_POINT ( 'NONE',  ( 1.889999999999999200, -2.200000000000000200, 0.01782600801236681300 ) ) ;
#141 = ORIENTED_EDGE ( 'NONE', *, *, #807, .F. ) ;
#142 = ORIENTED_EDGE ( 'NONE', *, *, #2258, .F. ) ;
#143 = ORIENTED_EDGE ( 'NONE', *, *, #6651, .T. ) ;
#144 = EDGE_LOOP ( 'NONE', ( #1605, #6693, #5100, #5187 ) ) ;
#145 = FACE_OUTER_BOUND ( 'NONE', #5888, .T. ) ;
#146 = CARTESIAN_POINT ( 'NONE',  ( 1.890000000000001000, -3.050000000000000300, -5.000000000000000000 ) ) ;
#147 = PLANE ( 'NONE',  #2323 ) ;
#148 = LINE ( 'NONE', #4293, #6901 ) ;
#149 = CARTESIAN_POINT ( 'NONE',  ( 2.429999999999997100, -2.149999999999999900, 0.01782600801235615900 ) ) ;
#150 = ORIENTED_EDGE ( 'NONE', *, *, #452, .F. ) ;
#151 = EDGE_CURVE ( 'NONE', #3980, #339, #4196, .T. ) ;
#152 = CARTESIAN_POINT ( 'NONE',  ( 2.461714443247939000, -0.05000000000000000300, 1.740000000000001100 ) ) ;
#153 = CARTESIAN_POINT ( 'NONE',  ( -0.9899999999999856700, -2.200000000000000200, 0.01782600801233413100 ) ) ;
#154 = FACE_OUTER_BOUND ( 'NONE', #2704, .T. ) ;
#155 =( NAMED_UNIT ( * ) PLANE_ANGLE_UNIT ( ) SI_UNIT ( $, .RADIAN. ) );
#156 = DIRECTION ( 'NONE',  ( -1.000000000000000000, -0.0000000000000000000, 0.0000000000000000000 ) ) ;
#157 = ORIENTED_EDGE ( 'NONE', *, *, #5969, .T. ) ;
#158 = CARTESIAN_POINT ( 'NONE',  ( 2.429999999999997900, -2.149999999999999900, 0.01782600801236681300 ) ) ;
#159 = UNCERTAINTY_MEASURE_WITH_UNIT (LENGTH_MEASURE( 1.000000000000000100E-005 ), #1777, 'distance_accuracy_value', 'NONE');
#160 = AXIS2_PLACEMENT_3D ( 'NONE', #3337, #3888, #694 ) ;
#161 = ORIENTED_EDGE ( 'NONE', *, *, #4860, .F. ) ;
#162 = VECTOR ( 'NONE', #1451, 1000.000000000000000 ) ;
#163 = PLANE ( 'NONE',  #160 ) ;
#164 = DIRECTION ( 'NONE',  ( -1.000000000000000000, 0.0000000000000000000, 2.710505431213764000E-016 ) ) ;
#165 = ORIENTED_EDGE ( 'NONE', *, *, #693, .F. ) ;
#166 = CARTESIAN_POINT ( 'NONE',  ( -3.450000000000000200, -3.000000000000000000, -4.999999999999999100 ) ) ;
#167 = FACE_OUTER_BOUND ( 'NONE', #2948, .T. ) ;
#168 = DIRECTION ( 'NONE',  ( -8.673617379884035500E-016, 0.0000000000000000000, -1.000000000000000000 ) ) ;
#169 = CARTESIAN_POINT ( 'NONE',  ( -2.880000000000001700, -2.200000000000000200, -5.000000000000002700 ) ) ;
#170 = EDGE_LOOP ( 'NONE', ( #2980, #5294, #5877, #2790 ) ) ;
#171 = VERTEX_POINT ( 'NONE', #6329 ) ;
#172 = ORIENTED_EDGE ( 'NONE', *, *, #1420, .T. ) ;
#173 = DIRECTION ( 'NONE',  ( 0.0000000000000000000, 0.0000000000000000000, -1.000000000000000000 ) ) ;
#174 = DIRECTION ( 'NONE',  ( 0.0000000000000000000, 1.000000000000000000, 0.0000000000000000000 ) ) ;
#175 = DIRECTION ( 'NONE',  ( -0.7660444431189741300, 0.0000000000000000000, 0.6427876096865439100 ) ) ;
#176 = DIRECTION ( 'NONE',  ( 0.0000000000000000000, 0.0000000000000000000, -1.000000000000000000 ) ) ;
#177 = AXIS2_PLACEMENT_3D ( 'NONE', #5422, #6512, #3315 ) ;
#178 = ORIENTED_EDGE ( 'NONE', *, *, #5206, .T. ) ;
#179 = EDGE_LOOP ( 'NONE', ( #1628, #1033, #4776, #2799 ) ) ;
#180 = VECTOR ( 'NONE', #976, 1000.000000000000000 ) ;
#181 = VECTOR ( 'NONE', #3838, 1000.000000000000000 ) ;
#182 = ADVANCED_FACE ( 'NONE', ( #6870 ), #3133, .T. ) ;
#183 = LINE ( 'NONE', #4038, #6762 ) ;
#184 = VECTOR ( 'NONE', #4446, 1000.000000000000000 ) ;
#185 = CARTESIAN_POINT ( 'NONE',  ( -9.855445003483749700, -2.200000000000000200, 0.01782600801236681300 ) ) ;
#186 = VECTOR ( 'NONE', #3783, 1000.000000000000000 ) ;
#187 = ORIENTED_EDGE ( 'NONE', *, *, #6221, .T. ) ;
#188 = EDGE_CURVE ( 'NONE', #6837, #4454, #6690, .T. ) ;
#189 = CARTESIAN_POINT ( 'NONE',  ( -1.689844449592064100, 0.0000000000000000000, 0.3695513319235997900 ) ) ;
#190 = VECTOR ( 'NONE', #2064, 1000.000000000000000 ) ;
#191 = FACE_OUTER_BOUND ( 'NONE', #2051, .T. ) ;
#192 = VECTOR ( 'NONE', #3971, 1000.000000000000000 ) ;
#193 = DIRECTION ( 'NONE',  ( 0.0000000000000000000, -1.000000000000000000, -0.0000000000000000000 ) ) ;
#194 = PLANE ( 'NONE',  #1745 ) ;
#195 = VECTOR ( 'NONE', #5636, 1000.000000000000000 ) ;
#196 = ORIENTED_EDGE ( 'NONE', *, *, #4649, .T. ) ;
#197 = CARTESIAN_POINT ( 'NONE',  ( 0.3249999999999997900, -2.200000000000000200, 5.000000000000000900 ) ) ;
#198 = VERTEX_POINT ( 'NONE', #1014 ) ;
#199 = ORIENTED_EDGE ( 'NONE', *, *, #3077, .T. ) ;
#200 = VERTEX_POINT ( 'NONE', #5258 ) ;
#201 = FACE_OUTER_BOUND ( 'NONE', #4335, .T. ) ;
#202 = ORIENTED_EDGE ( 'NONE', *, *, #4242, .F. ) ;
#203 = FILL_AREA_STYLE ('',( #1255 ) ) ;
#204 = ORIENTED_EDGE ( 'NONE', *, *, #6891, .F. ) ;
#205 = VECTOR ( 'NONE', #6513, 1000.000000000000000 ) ;
#206 = LINE ( 'NONE', #2652, #1792 ) ;
#207 = ORIENTED_EDGE ( 'NONE', *, *, #4634, .F. ) ;
#208 =( GEOMETRIC_REPRESENTATION_CONTEXT ( 3 ) GLOBAL_UNCERTAINTY_ASSIGNED_CONTEXT ( ( #5654 ) ) GLOBAL_UNIT_ASSIGNED_CONTEXT ( ( #5643, #2469, #6195 ) ) REPRESENTATION_CONTEXT ( 'NONE', 'WORKASPACE' ) );
#209 = LINE ( 'NONE', #2558, #1471 ) ;
#210 = DIRECTION ( 'NONE',  ( 0.0000000000000000000, 1.000000000000000000, 0.0000000000000000000 ) ) ;
#211 = ADVANCED_FACE ( 'NONE', ( #5271 ), #6343, .T. ) ;
#212 = EDGE_CURVE ( 'NONE', #3979, #3360, #2437, .T. ) ;
#213 = DIRECTION ( 'NONE',  ( 1.000000000000000000, 0.0000000000000000000, -0.0000000000000000000 ) ) ;
#214 = DIRECTION ( 'NONE',  ( 0.0000000000000000000, -1.000000000000000000, -0.0000000000000000000 ) ) ;
#215 = EDGE_CURVE ( 'NONE', #930, #3623, #1206, .T. ) ;
#216 = VECTOR ( 'NONE', #6657, 1000.000000000000000 ) ;
#217 = ORIENTED_EDGE ( 'NONE', *, *, #2360, .T. ) ;
#218 = ORIENTED_EDGE ( 'NONE', *, *, #866, .T. ) ;
#219 =( NAMED_UNIT ( * ) PLANE_ANGLE_UNIT ( ) SI_UNIT ( $, .RADIAN. ) );
#220 = CARTESIAN_POINT ( 'NONE',  ( 1.323646059186054800, -0.05000000000000000300, 1.707262941959384300 ) ) ;
#221 = CARTESIAN_POINT ( 'NONE',  ( -9.855445003483749700, -2.149999999999999900, -4.000000000000000000 ) ) ;
#222 = EDGE_LOOP ( 'NONE', ( #503, #4169, #1335, #1111 ) ) ;
#223 = AXIS2_PLACEMENT_3D ( 'NONE', #820, #1384, #5081 ) ;
#224 = ADVANCED_FACE ( 'NONE', ( #5093 ), #4218, .F. ) ;
#225 =( GEOMETRIC_REPRESENTATION_CONTEXT ( 3 ) GLOBAL_UNCERTAINTY_ASSIGNED_CONTEXT ( ( #1398 ) ) GLOBAL_UNIT_ASSIGNED_CONTEXT ( ( #6305, #3113, #6840 ) ) REPRESENTATION_CONTEXT ( 'NONE', 'WORKASPACE' ) );
#226 = VECTOR ( 'NONE', #6082, 1000.000000000000000 ) ;
#227 = DIRECTION ( 'NONE',  ( 3.686287386450715100E-015, 0.0000000000000000000, 1.000000000000000000 ) ) ;
#228 = EDGE_CURVE ( 'NONE', #673, #2595, #2281, .T. ) ;
#229 = ORIENTED_EDGE ( 'NONE', *, *, #5689, .F. ) ;
#230 = VERTEX_POINT ( 'NONE', #836 ) ;
#231 = EDGE_CURVE ( 'NONE', #1260, #5129, #6370, .T. ) ;
#232 =( LENGTH_UNIT ( ) NAMED_UNIT ( * ) SI_UNIT ( .MILLI., .METRE. ) );
#233 = LINE ( 'NONE', #153, #1661 ) ;
#234 = LINE ( 'NONE', #5029, #74 ) ;
#235 = DIRECTION ( 'NONE',  ( 0.0000000000000000000, 1.000000000000000000, 0.0000000000000000000 ) ) ;
#236 = VECTOR ( 'NONE', #4734, 1000.000000000000000 ) ;
#237 = CARTESIAN_POINT ( 'NONE',  ( -0.9899999999999995500, -2.149999999999999900, 4.000000000000000000 ) ) ;
#238 = AXIS2_PLACEMENT_3D ( 'NONE', #3295, #626, #4358 ) ;
#239 = VERTEX_POINT ( 'NONE', #1043 ) ;
#240 =( LENGTH_UNIT ( ) NAMED_UNIT ( * ) SI_UNIT ( .MILLI., .METRE. ) );
#241 = DIRECTION ( 'NONE',  ( 0.0000000000000000000, -0.0000000000000000000, -1.000000000000000000 ) ) ;
#242 = CARTESIAN_POINT ( 'NONE',  ( 2.429999999999997500, -3.000000000000000000, -4.999999999999999100 ) ) ;
#243 = EDGE_CURVE ( 'NONE', #1790, #4213, #3702, .T. ) ;
#244 = DIRECTION ( 'NONE',  ( 1.000000000000000000, -0.0000000000000000000, 2.710505431213764000E-016 ) ) ;
#245 = ADVANCED_FACE ( 'NONE', ( #3516 ), #2966, .F. ) ;
#246 = CARTESIAN_POINT ( 'NONE',  ( -1.440000000000001500, -2.149999999999999900, -5.000000000000000000 ) ) ;
#247 = ORIENTED_EDGE ( 'NONE', *, *, #5099, .F. ) ;
#248 = FACE_OUTER_BOUND ( 'NONE', #4936, .T. ) ;
#249 = VERTEX_POINT ( 'NONE', #1909 ) ;
#250 = VERTEX_POINT ( 'NONE', #862 ) ;
#251 = EDGE_CURVE ( 'NONE', #3174, #3938, #4766, .T. ) ;
#252 = MANIFOLD_SOLID_BREP ( 'Imported11', #37 ) ;
#253 = ORIENTED_EDGE ( 'NONE', *, *, #338, .T. ) ;
#254 = EDGE_CURVE ( 'NONE', #4515, #1670, #6340, .T. ) ;
#255 = ADVANCED_FACE ( 'NONE', ( #1946 ), #5134, .F. ) ;
#256 = ORIENTED_EDGE ( 'NONE', *, *, #3017, .T. ) ;
#257 = STYLED_ITEM ( 'NONE', ( #3512 ), #4431 ) ;
#258 = CARTESIAN_POINT ( 'NONE',  ( -0.4500000000000007300, -2.200000000000000200, 0.01782600801236681300 ) ) ;
#259 = EDGE_CURVE ( 'NONE', #5009, #5836, #1599, .T. ) ;
#260 = ORIENTED_EDGE ( 'NONE', *, *, #5251, .F. ) ;
#261 = DIRECTION ( 'NONE',  ( 0.0000000000000000000, 0.0000000000000000000, 1.000000000000000000 ) ) ;
#262 = VERTEX_POINT ( 'NONE', #2686 ) ;
#263 = DIRECTION ( 'NONE',  ( 0.6427876096865421400, 0.0000000000000000000, 0.7660444431189756800 ) ) ;
#264 = EDGE_CURVE ( 'NONE', #375, #3655, #4244, .T. ) ;
#265 = CARTESIAN_POINT ( 'NONE',  ( 1.797055987703438700, -0.05000000000000000300, -2.472006377443097100 ) ) ;
#266 = ORIENTED_EDGE ( 'NONE', *, *, #5555, .F. ) ;
#267 = DIRECTION ( 'NONE',  ( 0.0000000000000000000, 1.000000000000000000, 0.0000000000000000000 ) ) ;
#268 = LINE ( 'NONE', #6366, #1849 ) ;
#269 = VERTEX_POINT ( 'NONE', #5885 ) ;
#270 = FACE_OUTER_BOUND ( 'NONE', #6089, .T. ) ;
#271 = LINE ( 'NONE', #616, #4340 ) ;
#272 = VECTOR ( 'NONE', #1357, 1000.000000000000100 ) ;
#273 = VECTOR ( 'NONE', #2525, 1000.000000000000000 ) ;
#274 = VERTEX_POINT ( 'NONE', #3766 ) ;
#275 = ADVANCED_FACE ( 'NONE', ( #2994 ), #2159, .T. ) ;
#276 = VERTEX_POINT ( 'NONE', #6422 ) ;
#277 = DIRECTION ( 'NONE',  ( 0.0000000000000000000, 0.0000000000000000000, 1.000000000000000000 ) ) ;
#278 = EDGE_LOOP ( 'NONE', ( #3014, #2531, #6791, #6394 ) ) ;
#279 = ORIENTED_EDGE ( 'NONE', *, *, #6637, .F. ) ;
#280 = VECTOR ( 'NONE', #214, 1000.000000000000000 ) ;
#281 = LINE ( 'NONE', #6510, #2937 ) ;
#282 = LINE ( 'NONE', #1006, #4355 ) ;
#283 = EDGE_LOOP ( 'NONE', ( #2908, #5383, #4394, #6660 ) ) ;
#284 = DIRECTION ( 'NONE',  ( 0.0000000000000000000, -0.0000000000000000000, -1.000000000000000000 ) ) ;
#285 = DIRECTION ( 'NONE',  ( -1.000000000000000000, 0.0000000000000000000, 1.084202172485504400E-016 ) ) ;
#286 = DIRECTION ( 'NONE',  ( -1.000000000000000000, 0.0000000000000000000, -0.0000000000000000000 ) ) ;
#287 = VECTOR ( 'NONE', #4261, 1000.000000000000000 ) ;
#288 = DIRECTION ( 'NONE',  ( 0.0000000000000000000, 1.000000000000000000, -0.0000000000000000000 ) ) ;
#289 = ORIENTED_EDGE ( 'NONE', *, *, #5075, .F. ) ;
#290 = ADVANCED_FACE ( 'NONE', ( #5652 ), #44, .T. ) ;
#291 = EDGE_LOOP ( 'NONE', ( #4510, #4205, #4282, #3219 ) ) ;
#292 = DIRECTION ( 'NONE',  ( -0.0000000000000000000, 0.0000000000000000000, 1.000000000000000000 ) ) ;
#293 = VECTOR ( 'NONE', #371, 1000.000000000000000 ) ;
#294 = VECTOR ( 'NONE', #3024, 1000.000000000000000 ) ;
#295 = DIRECTION ( 'NONE',  ( -0.0000000000000000000, -0.0000000000000000000, 1.000000000000000000 ) ) ;
#296 = FILL_AREA_STYLE ('',( #3467 ) ) ;
#297 =( LENGTH_UNIT ( ) NAMED_UNIT ( * ) SI_UNIT ( .MILLI., .METRE. ) );
#298 = PRESENTATION_LAYER_ASSIGNMENT (  '', '', ( #6501 ) ) ;
#299 = DIRECTION ( 'NONE',  ( -0.0000000000000000000, -1.000000000000000000, -0.0000000000000000000 ) ) ;
#300 = FILL_AREA_STYLE_COLOUR ( '', #4930 ) ;
#301 = LINE ( 'NONE', #5417, #5801 ) ;
#302 = DIRECTION ( 'NONE',  ( 1.000000000000000000, 0.0000000000000000000, 0.0000000000000000000 ) ) ;
#303 = ORIENTED_EDGE ( 'NONE', *, *, #848, .F. ) ;
#304 = LINE ( 'NONE', #4300, #1575 ) ;
#305 = CARTESIAN_POINT ( 'NONE',  ( 3.450000000000000600, -2.200000000000000200, -4.000000000000000000 ) ) ;
#306 = DIRECTION ( 'NONE',  ( -0.6945357798944160600, 0.0000000000000000000, -0.7194581644866191400 ) ) ;
#307 = DIRECTION ( 'NONE',  ( 0.0000000000000000000, 0.0000000000000000000, -1.000000000000000000 ) ) ;
#308 = DIRECTION ( 'NONE',  ( 0.0000000000000000000, 1.000000000000000000, -0.0000000000000000000 ) ) ;
#309 =( GEOMETRIC_REPRESENTATION_CONTEXT ( 3 ) GLOBAL_UNCERTAINTY_ASSIGNED_CONTEXT ( ( #5833 ) ) GLOBAL_UNIT_ASSIGNED_CONTEXT ( ( #1807, #5507, #2329 ) ) REPRESENTATION_CONTEXT ( 'NONE', 'WORKASPACE' ) );
#310 = VECTOR ( 'NONE', #4543, 1000.000000000000000 ) ;
#311 = DIRECTION ( 'NONE',  ( 0.0000000000000000000, 0.0000000000000000000, 1.000000000000000000 ) ) ;
#312 = ADVANCED_FACE ( 'NONE', ( #1425 ), #3792, .T. ) ;
#313 = VECTOR ( 'NONE', #2134, 1000.000000000000000 ) ;
#314 = ORIENTED_EDGE ( 'NONE', *, *, #3232, .T. ) ;
#315 = ADVANCED_BREP_SHAPE_REPRESENTATION ( 'ACSC02-41SURKWA-F01', ( #6602, #1501, #5933, #3383, #2166, #929, #5351, #2875, #1663, #416, #252, #4116, #5551 ), #2722 ) ;
#316 = AXIS2_PLACEMENT_3D ( 'NONE', #1560, #6887, #3686 ) ;
#317 = FACE_OUTER_BOUND ( 'NONE', #1321, .T. ) ;
#318 = VERTEX_POINT ( 'NONE', #69 ) ;
#319 = DIRECTION ( 'NONE',  ( 0.6427876096865431400, 0.0000000000000000000, 0.7660444431189747900 ) ) ;
#320 = DIRECTION ( 'NONE',  ( 0.0000000000000000000, 1.000000000000000000, 0.0000000000000000000 ) ) ;
#321 = ADVANCED_FACE ( 'NONE', ( #167 ), #5385, .T. ) ;
#322 = EDGE_CURVE ( 'NONE', #1426, #2331, #2663, .T. ) ;
#323 = ORIENTED_EDGE ( 'NONE', *, *, #5802, .T. ) ;
#324 = CIRCLE ( 'NONE', #330, 0.3249999999999997900 ) ;
#325 = DIRECTION ( 'NONE',  ( -1.000000000000000000, 0.0000000000000000000, -0.0000000000000000000 ) ) ;
#326 = DIRECTION ( 'NONE',  ( 0.0000000000000000000, 1.000000000000000000, -0.0000000000000000000 ) ) ;
#327 = VERTEX_POINT ( 'NONE', #618 ) ;
#328 = CARTESIAN_POINT ( 'NONE',  ( 0.3249999999999984600, -3.000000000000000000, -4.999999999999999100 ) ) ;
#329 = CARTESIAN_POINT ( 'NONE',  ( 0.9899999999999995500, -2.200000000000000200, 0.01782600801236681300 ) ) ;
#330 = AXIS2_PLACEMENT_3D ( 'NONE', #3559, #381, #4082 ) ;
#331 =( LENGTH_UNIT ( ) NAMED_UNIT ( * ) SI_UNIT ( .MILLI., .METRE. ) );
#332 = ORIENTED_EDGE ( 'NONE', *, *, #5251, .T. ) ;
#333 = DIRECTION ( 'NONE',  ( 1.000000000000000000, 0.0000000000000000000, -0.0000000000000000000 ) ) ;
#334 = VERTEX_POINT ( 'NONE', #2737 ) ;
#335 = CARTESIAN_POINT ( 'NONE',  ( 2.430000000000000200, -3.050000000000000300, -3.800000000000000300 ) ) ;
#336 = DIRECTION ( 'NONE',  ( -0.7660444431189747900, 0.0000000000000000000, 0.6427876096865431400 ) ) ;
#337 = EDGE_CURVE ( 'NONE', #5233, #1490, #11, .T. ) ;
#339 = VERTEX_POINT ( 'NONE', #4329 ) ;
#338 = EDGE_CURVE ( 'NONE', #5403, #1759, #4070, .T. ) ;
#340 = SURFACE_STYLE_USAGE ( .BOTH. , #3524 ) ;
#341 = EDGE_CURVE ( 'NONE', #897, #6328, #2503, .T. ) ;
#342 = EDGE_LOOP ( 'NONE', ( #1265, #3520, #3375, #3027 ) ) ;
#343 = VERTEX_POINT ( 'NONE', #2257 ) ;
#344 = VECTOR ( 'NONE', #4142, 1000.000000000000000 ) ;
#345 = ADVANCED_FACE ( 'NONE', ( #1257 ), #147, .T. ) ;
#346 = DIRECTION ( 'NONE',  ( -0.0000000000000000000, -1.000000000000000000, -0.0000000000000000000 ) ) ;
#347 = LINE ( 'NONE', #6487, #3004 ) ;
#348 = MECHANICAL_DESIGN_GEOMETRIC_PRESENTATION_REPRESENTATION (  '', ( #6566 ), #710 ) ;
#349 = LINE ( 'NONE', #5054, #1445 ) ;
#350 = DIRECTION ( 'NONE',  ( 0.0000000000000000000, 0.0000000000000000000, 1.000000000000000000 ) ) ;
#351 = AXIS2_PLACEMENT_3D ( 'NONE', #4635, #2523, #6250 ) ;
#352 = DIRECTION ( 'NONE',  ( 0.1736481776669206400, 0.0000000000000000000, -0.9848077530122096900 ) ) ;
#353 = VECTOR ( 'NONE', #5483, 1000.000000000000000 ) ;
#354 = EDGE_CURVE ( 'NONE', #6879, #1736, #5157, .T. ) ;
#355 = VECTOR ( 'NONE', #34, 1000.000000000000000 ) ;
#356 = ORIENTED_EDGE ( 'NONE', *, *, #2846, .T. ) ;
#357 = EDGE_CURVE ( 'NONE', #42, #2201, #6589, .T. ) ;
#358 = ADVANCED_FACE ( 'NONE', ( #6426 ), #2812, .F. ) ;
#359 =( LENGTH_UNIT ( ) NAMED_UNIT ( * ) SI_UNIT ( .MILLI., .METRE. ) );
#360 = LINE ( 'NONE', #3650, #3511 ) ;
#361 = FACE_OUTER_BOUND ( 'NONE', #3368, .T. ) ;
#362 = CARTESIAN_POINT ( 'NONE',  ( -0.3826300119350034600, -0.05000000000000000300, -5.584920593150423300 ) ) ;
#363 = LINE ( 'NONE', #265, #3190 ) ;
#364 = VECTOR ( 'NONE', #5101, 1000.000000000000000 ) ;
#365 = VECTOR ( 'NONE', #931, 1000.000000000000000 ) ;
#366 = DIRECTION ( 'NONE',  ( -1.000000000000000000, 0.0000000000000000000, -0.0000000000000000000 ) ) ;
#367 = ORIENTED_EDGE ( 'NONE', *, *, #1566, .T. ) ;
#368 = DIRECTION ( 'NONE',  ( 1.355252715606881000E-016, 0.0000000000000000000, 1.000000000000000000 ) ) ;
#369 = ORIENTED_EDGE ( 'NONE', *, *, #3122, .T. ) ;
#370 = ORIENTED_EDGE ( 'NONE', *, *, #2392, .F. ) ;
#371 = DIRECTION ( 'NONE',  ( -1.000000000000000000, -0.0000000000000000000, 0.0000000000000000000 ) ) ;
#372 = CARTESIAN_POINT ( 'NONE',  ( -3.450000000000000200, -3.000000000000000000, -4.999999999999999100 ) ) ;
#373 = VECTOR ( 'NONE', #1093, 1000.000000000000000 ) ;
#374 = ORIENTED_EDGE ( 'NONE', *, *, #576, .T. ) ;
#375 = VERTEX_POINT ( 'NONE', #695 ) ;
#376 = VECTOR ( 'NONE', #3834, 1000.000000000000000 ) ;
#377 = FACE_OUTER_BOUND ( 'NONE', #932, .T. ) ;
#378 = AXIS2_PLACEMENT_3D ( 'NONE', #6393, #33, #3758 ) ;
#379 = ORIENTED_EDGE ( 'NONE', *, *, #813, .T. ) ;
#380 = CARTESIAN_POINT ( 'NONE',  ( -3.330000000000013400, -2.149999999999999900, 0.01782600801238096200 ) ) ;
#381 = DIRECTION ( 'NONE',  ( -0.0000000000000000000, -1.000000000000000000, -0.0000000000000000000 ) ) ;
#382 = EDGE_CURVE ( 'NONE', #200, #4108, #926, .T. ) ;
#383 = VECTOR ( 'NONE', #2528, 1000.000000000000000 ) ;
#384 = DIRECTION ( 'NONE',  ( -0.0000000000000000000, -1.000000000000000000, -0.0000000000000000000 ) ) ;
#385 = DIRECTION ( 'NONE',  ( 0.0000000000000000000, 0.0000000000000000000, -1.000000000000000000 ) ) ;
#386 = DIRECTION ( 'NONE',  ( 0.0000000000000000000, 0.0000000000000000000, 1.000000000000000000 ) ) ;
#387 = LINE ( 'NONE', #5572, #4617 ) ;
#388 = CARTESIAN_POINT ( 'NONE',  ( -2.429999999999997900, -2.149999999999999900, 5.000000000000000900 ) ) ;
#389 = ADVANCED_FACE ( 'NONE', ( #3755 ), #2309, .F. ) ;
#390 = ORIENTED_EDGE ( 'NONE', *, *, #3709, .F. ) ;
#391 = VERTEX_POINT ( 'NONE', #4409 ) ;
#392 = CARTESIAN_POINT ( 'NONE',  ( -0.4500000000000001800, -3.050000000000000300, 5.000000000000000900 ) ) ;
#393 = CARTESIAN_POINT ( 'NONE',  ( -3.330000000000001000, -3.000000000000000400, 3.799999999999999800 ) ) ;
#394 = LINE ( 'NONE', #1830, #4628 ) ;
#395 = AXIS2_PLACEMENT_3D ( 'NONE', #1834, #5538, #2370 ) ;
#396 =( NAMED_UNIT ( * ) PLANE_ANGLE_UNIT ( ) SI_UNIT ( $, .RADIAN. ) );
#397 =( NAMED_UNIT ( * ) SI_UNIT ( $, .STERADIAN. ) SOLID_ANGLE_UNIT ( ) );
#398 = ORIENTED_EDGE ( 'NONE', *, *, #2866, .F. ) ;
#399 = CARTESIAN_POINT ( 'NONE',  ( -2.430000000000000600, -2.149999999999999900, 0.01782600801236681300 ) ) ;
#400 = ADVANCED_FACE ( 'NONE', ( #4981 ), #5480, .F. ) ;
#401 = CARTESIAN_POINT ( 'NONE',  ( 1.940997838992588600, -0.05000000000000000300, -2.266436109437728800 ) ) ;
#402 = DIRECTION ( 'NONE',  ( -1.000000000000000000, -0.0000000000000000000, -0.0000000000000000000 ) ) ;
#403 = LINE ( 'NONE', #2800, #3062 ) ;
#404 = EDGE_CURVE ( 'NONE', #2697, #61, #6252, .T. ) ;
#405 = DIRECTION ( 'NONE',  ( -0.0000000000000000000, -1.000000000000000000, -0.0000000000000000000 ) ) ;
#406 = CARTESIAN_POINT ( 'NONE',  ( -1.115000000000001300, -2.149999999999999900, -4.999999999999999100 ) ) ;
#407 = VECTOR ( 'NONE', #6112, 1000.000000000000000 ) ;
#408 = CARTESIAN_POINT ( 'NONE',  ( 0.6342806320775094000, -0.05000000000000000300, 1.585709217592539400 ) ) ;
#409 = CARTESIAN_POINT ( 'NONE',  ( 0.0000000000000000000, -2.149999999999999900, 4.675000000000001600 ) ) ;
#410 = VECTOR ( 'NONE', #5793, 1000.000000000000000 ) ;
#411 = DIRECTION ( 'NONE',  ( 0.0000000000000000000, 1.000000000000000000, -0.0000000000000000000 ) ) ;
#412 = CARTESIAN_POINT ( 'NONE',  ( 1.439999999999999900, -3.050000000000000300, 5.000000000000000900 ) ) ;
#413 = CARTESIAN_POINT ( 'NONE',  ( -3.330000000000001000, -2.200000000000000200, 5.000000000000000900 ) ) ;
#414 = ORIENTED_EDGE ( 'NONE', *, *, #3456, .T. ) ;
#415 = CARTESIAN_POINT ( 'NONE',  ( -2.555000000000000200, -3.050000000000000300, 5.000000000000000900 ) ) ;
#416 = MANIFOLD_SOLID_BREP ( 'Imported10', #1952 ) ;
#417 = CARTESIAN_POINT ( 'NONE',  ( -3.450000000000000200, -3.050000000000000300, 5.000000000000000900 ) ) ;
#418 = FACE_OUTER_BOUND ( 'NONE', #3735, .T. ) ;
#419 = CARTESIAN_POINT ( 'NONE',  ( -2.430000000000019300, -3.000000000000000000, -9.591503366463461700 ) ) ;
#420 = DIRECTION ( 'NONE',  ( 0.0000000000000000000, 1.000000000000000000, 0.0000000000000000000 ) ) ;
#421 = CARTESIAN_POINT ( 'NONE',  ( 0.9899999999999997700, -3.050000000000000300, 3.799999999999999400 ) ) ;
#422 = EDGE_LOOP ( 'NONE', ( #172, #3771, #1948, #742, #5514, #2104 ) ) ;
#423 = ADVANCED_FACE ( 'NONE', ( #1678 ), #1262, .F. ) ;
#424 = DIRECTION ( 'NONE',  ( 0.0000000000000000000, 0.0000000000000000000, -1.000000000000000000 ) ) ;
#425 = CARTESIAN_POINT ( 'NONE',  ( -2.429999999999999700, -3.050000000000000300, 3.800000000000001200 ) ) ;
#426 = EDGE_LOOP ( 'NONE', ( #2827, #939, #6028, #4812 ) ) ;
#427 = EDGE_LOOP ( 'NONE', ( #6894, #5662, #2641, #3245, #2748, #4305, #1305, #2041, #2466, #6485, #5772, #6117, #3528, #3881, #1263, #3733, #1505, #2407, #3959, #6633, #5959, #940, #640, #2026, #1717, #6035, #6389, #5168, #3376 ) ) ;
#428 =( NAMED_UNIT ( * ) SI_UNIT ( $, .STERADIAN. ) SOLID_ANGLE_UNIT ( ) );
#429 = EDGE_LOOP ( 'NONE', ( #4806, #289, #5940, #4246 ) ) ;
#430 = DIRECTION ( 'NONE',  ( -0.6427876096865434700, 0.0000000000000000000, -0.7660444431189745700 ) ) ;
#431 = CARTESIAN_POINT ( 'NONE',  ( 0.9552187682305389700, -0.05000000000000000300, 2.470380891076456600 ) ) ;
#432 = ADVANCED_FACE ( 'NONE', ( #248 ), #935, .T. ) ;
#433 = ORIENTED_EDGE ( 'NONE', *, *, #5686, .F. ) ;
#434 = DIRECTION ( 'NONE',  ( -0.0000000000000000000, -1.000000000000000000, -0.0000000000000000000 ) ) ;
#435 = STYLED_ITEM ( 'NONE', ( #1469 ), #929 ) ;
#436 = VERTEX_POINT ( 'NONE', #5175 ) ;
#437 = ORIENTED_EDGE ( 'NONE', *, *, #5921, .T. ) ;
#438 = SURFACE_STYLE_FILL_AREA ( #5039 ) ;
#439 = CARTESIAN_POINT ( 'NONE',  ( -3.330000000000001000, -3.050000000000000300, -3.800000000000000300 ) ) ;
#440 = EDGE_CURVE ( 'NONE', #6200, #3362, #4324, .T. ) ;
#441 = CIRCLE ( 'NONE', #648, 0.3249999999999997900 ) ;
#442 = CARTESIAN_POINT ( 'NONE',  ( -2.430000000000002800, -2.200000000000000200, -4.999999999999999100 ) ) ;
#443 = ORIENTED_EDGE ( 'NONE', *, *, #264, .T. ) ;
#444 = CARTESIAN_POINT ( 'NONE',  ( 0.9899999999999999900, -3.050000000000000300, -3.800000000000000300 ) ) ;
#445 = EDGE_CURVE ( 'NONE', #4558, #3084, #1508, .T. ) ;
#446 = VECTOR ( 'NONE', #2714, 1000.000000000000000 ) ;
#447 = LINE ( 'NONE', #5169, #4509 ) ;
#448 = ORIENTED_EDGE ( 'NONE', *, *, #6087, .F. ) ;
#449 = DIRECTION ( 'NONE',  ( -0.7660444431189749000, 0.0000000000000000000, 0.6427876096865432500 ) ) ;
#450 =( NAMED_UNIT ( * ) PLANE_ANGLE_UNIT ( ) SI_UNIT ( $, .RADIAN. ) );
#451 = DIRECTION ( 'NONE',  ( 0.0000000000000000000, 1.000000000000000000, 0.0000000000000000000 ) ) ;
#452 = EDGE_CURVE ( 'NONE', #3176, #1482, #5557, .T. ) ;
#453 = ORIENTED_EDGE ( 'NONE', *, *, #2391, .F. ) ;
#454 = VERTEX_POINT ( 'NONE', #2560 ) ;
#455 = ORIENTED_EDGE ( 'NONE', *, *, #4174, .T. ) ;
#456 = LINE ( 'NONE', #2520, #5951 ) ;
#457 = DIRECTION ( 'NONE',  ( 0.0000000000000000000, 1.000000000000000000, 0.0000000000000000000 ) ) ;
#458 = EDGE_CURVE ( 'NONE', #1235, #1430, #6836, .T. ) ;
#459 = LINE ( 'NONE', #3271, #5953 ) ;
#460 = DIRECTION ( 'NONE',  ( 0.0000000000000000000, 0.0000000000000000000, -1.000000000000000000 ) ) ;
#461 = CIRCLE ( 'NONE', #4369, 0.3249999999999997900 ) ;
#462 = VECTOR ( 'NONE', #6131, 1000.000000000000000 ) ;
#463 = ADVANCED_FACE ( 'NONE', ( #1329 ), #4155, .F. ) ;
#464 = VERTEX_POINT ( 'NONE', #6820 ) ;
#465 = DIRECTION ( 'NONE',  ( 0.0000000000000000000, 0.0000000000000000000, 1.000000000000000000 ) ) ;
#466 = CIRCLE ( 'NONE', #5641, 0.3249999999999997900 ) ;
#467 = DIRECTION ( 'NONE',  ( 1.000000000000000000, 0.0000000000000000000, 0.0000000000000000000 ) ) ;
#468 = ORIENTED_EDGE ( 'NONE', *, *, #5378, .T. ) ;
#470 = EDGE_CURVE ( 'NONE', #1211, #6163, #4159, .T. ) ;
#469 = ORIENTED_EDGE ( 'NONE', *, *, #2967, .T. ) ;
#471 = LINE ( 'NONE', #2965, #1879 ) ;
#472 = CARTESIAN_POINT ( 'NONE',  ( -3.450000000000000200, -2.200000000000000200, -4.000000000000000000 ) ) ;
#473 = CARTESIAN_POINT ( 'NONE',  ( 3.330000000000001400, -3.050000000000000300, 3.799999999999999800 ) ) ;
#474 = AXIS2_PLACEMENT_3D ( 'NONE', #3956, #2905, #6646 ) ;
#475 = ORIENTED_EDGE ( 'NONE', *, *, #1870, .T. ) ;
#476 = PLANE ( 'NONE',  #4888 ) ;
#477 = DIRECTION ( 'NONE',  ( 0.0000000000000000000, 0.0000000000000000000, 1.000000000000000000 ) ) ;
#478 = SURFACE_STYLE_FILL_AREA ( #659 ) ;
#479 = APPLICATION_PROTOCOL_DEFINITION ( 'draft international standard', 'automotive_design', 1998, #3659 ) ;
#480 = DIRECTION ( 'NONE',  ( 0.0000000000000000000, -0.0000000000000000000, 1.000000000000000000 ) ) ;
#481 = EDGE_LOOP ( 'NONE', ( #982, #3985, #6486, #3710 ) ) ;
#482 =( NAMED_UNIT ( * ) PLANE_ANGLE_UNIT ( ) SI_UNIT ( $, .RADIAN. ) );
#483 = CARTESIAN_POINT ( 'NONE',  ( -3.450000000000000200, -2.200000000000000200, 5.000000000000000900 ) ) ;
#484 = DIRECTION ( 'NONE',  ( -1.000000000000000000, 0.0000000000000000000, -0.0000000000000000000 ) ) ;
#485 = FACE_OUTER_BOUND ( 'NONE', #6896, .T. ) ;
#486 = DIRECTION ( 'NONE',  ( -8.673617379884035500E-016, 0.0000000000000000000, -1.000000000000000000 ) ) ;
#487 = DIRECTION ( 'NONE',  ( 0.0000000000000000000, 0.0000000000000000000, -1.000000000000000000 ) ) ;
#488 = EDGE_CURVE ( 'NONE', #3506, #3984, #2579, .T. ) ;
#489 = EDGE_CURVE ( 'NONE', #3334, #4027, #3977, .T. ) ;
#490 = CARTESIAN_POINT ( 'NONE',  ( -9.855445003483749700, -2.149999999999999900, 4.000000000000000000 ) ) ;
#491 = LINE ( 'NONE', #2483, #1732 ) ;
#492 = LINE ( 'NONE', #1081, #3147 ) ;
#493 = ORIENTED_EDGE ( 'NONE', *, *, #3607, .T. ) ;
#494 = STYLED_ITEM ( 'NONE', ( #4183 ), #6602 ) ;
#495 = AXIS2_PLACEMENT_3D ( 'NONE', #3681, #501, #4212 ) ;
#496 = VECTOR ( 'NONE', #5040, 1000.000000000000000 ) ;
#497 = STYLED_ITEM ( 'NONE', ( #3779 ), #4556 ) ;
#498 = EDGE_CURVE ( 'NONE', #3788, #2914, #1175, .T. ) ;
#499 = COLOUR_RGB ( '',0.9882352941176471000, 0.7372549019607843600, 0.5137254901960783800 ) ;
#500 = EDGE_CURVE ( 'NONE', #2695, #535, #2406, .T. ) ;
#501 = DIRECTION ( 'NONE',  ( 1.000000000000000000, -0.0000000000000000000, 1.355252715606881000E-016 ) ) ;
#502 = DIRECTION ( 'NONE',  ( 0.0000000000000000000, 0.0000000000000000000, 1.000000000000000000 ) ) ;
#503 = ORIENTED_EDGE ( 'NONE', *, *, #4035, .F. ) ;
#504 = CARTESIAN_POINT ( 'NONE',  ( -3.450000000000000200, -3.050000000000000300, -4.999999999999999100 ) ) ;
#505 = CARTESIAN_POINT ( 'NONE',  ( -3.450000000000000200, -2.200000000000000200, -4.999999999999999100 ) ) ;
#506 = CARTESIAN_POINT ( 'NONE',  ( 1.890000000000001000, -3.050000000000000300, -3.799999999999999800 ) ) ;
#507 = LINE ( 'NONE', #705, #1748 ) ;
#508 = CARTESIAN_POINT ( 'NONE',  ( -3.450000000000000200, -3.000000000000000000, -4.999999999999999100 ) ) ;
#509 = ORIENTED_EDGE ( 'NONE', *, *, #6337, .T. ) ;
#510 = CARTESIAN_POINT ( 'NONE',  ( -3.450000000000000200, -2.200000000000000200, -4.999999999999999100 ) ) ;
#511 = EDGE_CURVE ( 'NONE', #590, #2303, #5240, .T. ) ;
#512 = ORIENTED_EDGE ( 'NONE', *, *, #4007, .T. ) ;
#513 = EDGE_LOOP ( 'NONE', ( #15, #6437, #4594, #1928, #6783, #525, #2860 ) ) ;
#514 = ORIENTED_EDGE ( 'NONE', *, *, #2106, .F. ) ;
#515 = ORIENTED_EDGE ( 'NONE', *, *, #2485, .F. ) ;
#516 = FILL_AREA_STYLE_COLOUR ( '', #1636 ) ;
#517 = EDGE_LOOP ( 'NONE', ( #256, #2726, #323, #2588 ) ) ;
#518 = EDGE_LOOP ( 'NONE', ( #4245, #3551, #97, #3933 ) ) ;
#519 = FACE_OUTER_BOUND ( 'NONE', #1345, .T. ) ;
#520 = PLANE ( 'NONE',  #1913 ) ;
#521 = PLANE ( 'NONE',  #2788 ) ;
#522 = AXIS2_PLACEMENT_3D ( 'NONE', #3853, #6005, #2806 ) ;
#523 = VECTOR ( 'NONE', #1752, 1000.000000000000000 ) ;
#524 = VECTOR ( 'NONE', #5311, 1000.000000000000000 ) ;
#525 = ORIENTED_EDGE ( 'NONE', *, *, #357, .F. ) ;
#526 = CARTESIAN_POINT ( 'NONE',  ( 1.890000000000000800, -2.149999999999999900, -4.000000000000000000 ) ) ;
#527 = DIRECTION ( 'NONE',  ( 0.0000000000000000000, -1.000000000000000000, -0.0000000000000000000 ) ) ;
#528 = CARTESIAN_POINT ( 'NONE',  ( 2.429999999999999700, -3.050000000000000300, 3.800000000000000300 ) ) ;
#529 = AXIS2_PLACEMENT_3D ( 'NONE', #1673, #6472, #3263 ) ;
#530 = LINE ( 'NONE', #4681, #4426 ) ;
#531 = VECTOR ( 'NONE', #3413, 1000.000000000000000 ) ;
#532 = VECTOR ( 'NONE', #3041, 1000.000000000000000 ) ;
#533 = ORIENTED_EDGE ( 'NONE', *, *, #6525, .F. ) ;
#534 = ORIENTED_EDGE ( 'NONE', *, *, #5832, .T. ) ;
#535 = VERTEX_POINT ( 'NONE', #6505 ) ;
#536 = EDGE_LOOP ( 'NONE', ( #3596, #1780, #6010, #2538 ) ) ;
#537 = VECTOR ( 'NONE', #5310, 1000.000000000000000 ) ;
#538 = ORIENTED_EDGE ( 'NONE', *, *, #6304, .F. ) ;
#539 = DIRECTION ( 'NONE',  ( 0.0000000000000000000, 0.0000000000000000000, -1.000000000000000000 ) ) ;
#540 = ORIENTED_EDGE ( 'NONE', *, *, #1750, .T. ) ;
#541 = FACE_OUTER_BOUND ( 'NONE', #4770, .T. ) ;
#542 = VECTOR ( 'NONE', #4739, 1000.000000000000000 ) ;
#543 = DIRECTION ( 'NONE',  ( 0.0000000000000000000, 1.000000000000000000, 0.0000000000000000000 ) ) ;
#544 = ORIENTED_EDGE ( 'NONE', *, *, #3802, .T. ) ;
#545 = CARTESIAN_POINT ( 'NONE',  ( 3.764886775781080000E-016, -3.050000000000000300, 3.799999999999999400 ) ) ;
#546 = AXIS2_PLACEMENT_3D ( 'NONE', #3244, #1659, #4317 ) ;
#547 = VECTOR ( 'NONE', #3006, 1000.000000000000000 ) ;
#548 = CARTESIAN_POINT ( 'NONE',  ( 1.889999999999996800, -2.149999999999999900, -4.999999999999999100 ) ) ;
#549 = CARTESIAN_POINT ( 'NONE',  ( 1.889999999999999200, -2.149999999999999900, 0.01782600801236681300 ) ) ;
#550 = CARTESIAN_POINT ( 'NONE',  ( 0.9552187682305396400, -0.05000000000000000300, 2.470380891076456600 ) ) ;
#551 = DIRECTION ( 'NONE',  ( -1.000000000000000000, -0.0000000000000000000, -0.0000000000000000000 ) ) ;
#552 = CARTESIAN_POINT ( 'NONE',  ( -0.3250000000000010700, -3.050000000000000300, -4.999999999999999100 ) ) ;
#553 = VECTOR ( 'NONE', #1294, 1000.000000000000000 ) ;
#554 = EDGE_CURVE ( 'NONE', #4027, #4943, #3668, .T. ) ;
#555 = CARTESIAN_POINT ( 'NONE',  ( -1.827738750453014500, -0.05000000000000000300, 1.151588773425235900 ) ) ;
#556 = EDGE_LOOP ( 'NONE', ( #106, #2506, #578, #3425 ) ) ;
#557 = VERTEX_POINT ( 'NONE', #3306 ) ;
#558 = PLANE ( 'NONE',  #2161 ) ;
#559 = DIRECTION ( 'NONE',  ( 3.614007241618349800E-016, 0.0000000000000000000, -1.000000000000000000 ) ) ;
#560 = VERTEX_POINT ( 'NONE', #4900 ) ;
#561 = ORIENTED_EDGE ( 'NONE', *, *, #4265, .T. ) ;
#562 = ORIENTED_EDGE ( 'NONE', *, *, #1528, .T. ) ;
#563 = VECTOR ( 'NONE', #3913, 1000.000000000000000 ) ;
#564 = CARTESIAN_POINT ( 'NONE',  ( 0.9899999999999999900, -3.050000000000000300, -5.000000000000000000 ) ) ;
#565 = CARTESIAN_POINT ( 'NONE',  ( -9.855445003483749700, -2.149999999999999900, -4.000000000000000000 ) ) ;
#566 = DIRECTION ( 'NONE',  ( 0.0000000000000000000, 0.0000000000000000000, 1.000000000000000000 ) ) ;
#567 = LINE ( 'NONE', #1738, #4637 ) ;
#568 = DIRECTION ( 'NONE',  ( -0.0000000000000000000, -1.000000000000000000, -0.0000000000000000000 ) ) ;
#569 = CARTESIAN_POINT ( 'NONE',  ( -5.421334652019826400, -0.05000000000000000300, 3.500643384522375900 ) ) ;
#570 = PLANE ( 'NONE',  #3016 ) ;
#571 = CARTESIAN_POINT ( 'NONE',  ( -2.429999999999998400, -2.149999999999999900, 5.000000000000000900 ) ) ;
#572 = FACE_OUTER_BOUND ( 'NONE', #2535, .T. ) ;
#573 = EDGE_CURVE ( 'NONE', #6380, #1441, #4896, .T. ) ;
#574 = DIRECTION ( 'NONE',  ( 0.0000000000000000000, 1.000000000000000000, 0.0000000000000000000 ) ) ;
#575 = CARTESIAN_POINT ( 'NONE',  ( 3.330000000000001400, -3.050000000000000300, 3.800000000000000300 ) ) ;
#576 = EDGE_CURVE ( 'NONE', #2140, #3719, #6331, .T. ) ;
#577 = DIRECTION ( 'NONE',  ( -2.710505431213764000E-016, -0.0000000000000000000, 1.000000000000000000 ) ) ;
#578 = ORIENTED_EDGE ( 'NONE', *, *, #188, .T. ) ;
#579 = DIRECTION ( 'NONE',  ( 0.0000000000000000000, 0.0000000000000000000, 1.000000000000000000 ) ) ;
#580 = DIRECTION ( 'NONE',  ( 0.0000000000000000000, 1.000000000000000000, 0.0000000000000000000 ) ) ;
#581 = DIRECTION ( 'NONE',  ( -0.7660444431189774600, 0.0000000000000000000, -0.6427876096865400300 ) ) ;
#582 = LINE ( 'NONE', #2756, #4816 ) ;
#583 = EDGE_CURVE ( 'NONE', #864, #2942, #6500, .T. ) ;
#584 = EDGE_CURVE ( 'NONE', #1939, #4859, #3474, .T. ) ;
#585 = EDGE_LOOP ( 'NONE', ( #6861, #6543, #3941, #2874, #4494, #67 ) ) ;
#586 = CARTESIAN_POINT ( 'NONE',  ( -3.330000000000003200, -2.149999999999999900, -4.999999999999999100 ) ) ;
#587 = CARTESIAN_POINT ( 'NONE',  ( -3.450000000000000200, -3.050000000000000300, 5.000000000000000900 ) ) ;
#588 = VERTEX_POINT ( 'NONE', #677 ) ;
#589 = ORIENTED_EDGE ( 'NONE', *, *, #2759, .T. ) ;
#590 = VERTEX_POINT ( 'NONE', #4922 ) ;
#591 = DIRECTION ( 'NONE',  ( 0.0000000000000000000, 0.0000000000000000000, 1.000000000000000000 ) ) ;
#592 = CARTESIAN_POINT ( 'NONE',  ( 1.889999999999999200, -2.200000000000000200, 5.000000000000000900 ) ) ;
#593 = DIRECTION ( 'NONE',  ( -1.000000000000000000, 0.0000000000000000000, -0.0000000000000000000 ) ) ;
#594 = DIRECTION ( 'NONE',  ( -0.0000000000000000000, -0.0000000000000000000, 1.000000000000000000 ) ) ;
#595 = DIRECTION ( 'NONE',  ( 0.0000000000000000000, 1.000000000000000000, 0.0000000000000000000 ) ) ;
#596 = CARTESIAN_POINT ( 'NONE',  ( -0.8855996593069932500, -0.05000000000000000300, -2.539999999999998700 ) ) ;
#597 = ORIENTED_EDGE ( 'NONE', *, *, #4588, .T. ) ;
#598 = STYLED_ITEM ( 'NONE', ( #5590 ), #5122 ) ;
#599 = EDGE_LOOP ( 'NONE', ( #6809, #1151, #1868, #6390 ) ) ;
#600 = DIRECTION ( 'NONE',  ( 0.0000000000000000000, 0.0000000000000000000, -1.000000000000000000 ) ) ;
#601 = EDGE_CURVE ( 'NONE', #3532, #2114, #4736, .T. ) ;
#602 = ORIENTED_EDGE ( 'NONE', *, *, #2242, .F. ) ;
#603 = CARTESIAN_POINT ( 'NONE',  ( 2.879999999999998600, -3.050000000000000300, -5.000000000000000900 ) ) ;
#604 = ORIENTED_EDGE ( 'NONE', *, *, #2549, .T. ) ;
#605 = VECTOR ( 'NONE', #43, 1000.000000000000000 ) ;
#606 = FILL_AREA_STYLE ('',( #79 ) ) ;
#607 = ORIENTED_EDGE ( 'NONE', *, *, #3048, .T. ) ;
#608 = EDGE_CURVE ( 'NONE', #3623, #2480, #1914, .T. ) ;
#609 = EDGE_CURVE ( 'NONE', #6071, #1155, #507, .T. ) ;
#610 = CARTESIAN_POINT ( 'NONE',  ( -9.855445003483749700, -2.149999999999999900, -4.999999999999999100 ) ) ;
#611 = ORIENTED_EDGE ( 'NONE', *, *, #1102, .T. ) ;
#612 = VERTEX_POINT ( 'NONE', #5138 ) ;
#613 = CARTESIAN_POINT ( 'NONE',  ( -2.555000000000001500, -2.149999999999999900, -4.999999999999999100 ) ) ;
#614 = ORIENTED_EDGE ( 'NONE', *, *, #4182, .F. ) ;
#615 = EDGE_LOOP ( 'NONE', ( #6193, #6414, #5688, #3693 ) ) ;
#616 = CARTESIAN_POINT ( 'NONE',  ( -3.450000000000000200, -3.000000000000000000, -3.800000000000000300 ) ) ;
#617 = LINE ( 'NONE', #408, #3428 ) ;
#618 = CARTESIAN_POINT ( 'NONE',  ( 1.562968135769249300, -0.05000000000000000300, 0.3499999999998865700 ) ) ;
#619 = LINE ( 'NONE', #1186, #3118 ) ;
#620 = DIRECTION ( 'NONE',  ( -0.0000000000000000000, -1.000000000000000000, -0.0000000000000000000 ) ) ;
#621 = CARTESIAN_POINT ( 'NONE',  ( 1.562968135769248900, 0.0000000000000000000, 0.3499999999998862400 ) ) ;
#622 = LINE ( 'NONE', #5234, #6110 ) ;
#623 = VECTOR ( 'NONE', #59, 1000.000000000000000 ) ;
#624 = ORIENTED_EDGE ( 'NONE', *, *, #1197, .T. ) ;
#625 = PRESENTATION_LAYER_ASSIGNMENT (  '', '', ( #257 ) ) ;
#626 = DIRECTION ( 'NONE',  ( 1.000000000000000000, -0.0000000000000000000, 0.0000000000000000000 ) ) ;
#627 = EDGE_CURVE ( 'NONE', #5559, #2668, #4560, .T. ) ;
#628 = DIRECTION ( 'NONE',  ( -1.000000000000000000, 0.0000000000000000000, -0.0000000000000000000 ) ) ;
#629 = VECTOR ( 'NONE', #3172, 999.9999999999998900 ) ;
#630 = EDGE_CURVE ( 'NONE', #6782, #4432, #324, .T. ) ;
#631 = CARTESIAN_POINT ( 'NONE',  ( 2.879999999999998600, -3.050000000000000300, -4.675000000000001600 ) ) ;
#632 = VERTEX_POINT ( 'NONE', #6219 ) ;
#633 = FACE_OUTER_BOUND ( 'NONE', #615, .T. ) ;
#634 = ORIENTED_EDGE ( 'NONE', *, *, #2964, .T. ) ;
#635 = DIRECTION ( 'NONE',  ( 0.0000000000000000000, 1.000000000000000000, 0.0000000000000000000 ) ) ;
#636 = PLANE ( 'NONE',  #5499 ) ;
#637 = LINE ( 'NONE', #1696, #3139 ) ;
#638 = CARTESIAN_POINT ( 'NONE',  ( -0.8855996593069925800, -0.05000000000000000300, -2.539999999999998300 ) ) ;
#639 = CARTESIAN_POINT ( 'NONE',  ( 2.879999999999998600, -3.050000000000000300, -5.000000000000000900 ) ) ;
#640 = ORIENTED_EDGE ( 'NONE', *, *, #3928, .F. ) ;
#641 = DIRECTION ( 'NONE',  ( 0.0000000000000000000, 1.000000000000000000, -0.0000000000000000000 ) ) ;
#642 = CARTESIAN_POINT ( 'NONE',  ( -3.450000000000000200, -3.050000000000000300, -4.999999999999999100 ) ) ;
#643 = CARTESIAN_POINT ( 'NONE',  ( -9.855445003483749700, -2.149999999999999900, 5.000000000000000900 ) ) ;
#644 = DIRECTION ( 'NONE',  ( 0.5735764363510540400, 0.0000000000000000000, 0.8191520442889862500 ) ) ;
#645 = CARTESIAN_POINT ( 'NONE',  ( -3.450000000000000200, -2.200000000000000200, 5.000000000000000900 ) ) ;
#646 = LINE ( 'NONE', #2961, #6136 ) ;
#647 = FACE_OUTER_BOUND ( 'NONE', #1174, .T. ) ;
#648 = AXIS2_PLACEMENT_3D ( 'NONE', #6883, #3684, #502 ) ;
#649 = ORIENTED_EDGE ( 'NONE', *, *, #5892, .T. ) ;
#650 = ORIENTED_EDGE ( 'NONE', *, *, #1521, .T. ) ;
#651 = LINE ( 'NONE', #1315, #818 ) ;
#652 = MECHANICAL_DESIGN_GEOMETRIC_PRESENTATION_REPRESENTATION (  '', ( #6501 ), #1019 ) ;
#653 = CIRCLE ( 'NONE', #1429, 0.3249999999999997900 ) ;
#654 = DIRECTION ( 'NONE',  ( -0.1736481776669218900, 0.0000000000000000000, 0.9848077530122094600 ) ) ;
#655 = CARTESIAN_POINT ( 'NONE',  ( 0.9899999999999982100, -3.050000000000000300, -4.999999999999999100 ) ) ;
#656 = DIRECTION ( 'NONE',  ( 0.0000000000000000000, 1.000000000000000000, 0.0000000000000000000 ) ) ;
#657 = CARTESIAN_POINT ( 'NONE',  ( -2.555000000000000200, -2.149999999999999900, 5.000000000000000900 ) ) ;
#658 = ORIENTED_EDGE ( 'NONE', *, *, #1908, .F. ) ;
#659 = FILL_AREA_STYLE ('',( #5974 ) ) ;
#660 = CARTESIAN_POINT ( 'NONE',  ( -3.450000000000000200, -3.050000000000000300, -4.999999999999999100 ) ) ;
#661 = CARTESIAN_POINT ( 'NONE',  ( -9.855445003483749700, -2.149999999999999900, 5.000000000000000900 ) ) ;
#662 = VECTOR ( 'NONE', #2814, 1000.000000000000000 ) ;
#663 = PLANE ( 'NONE',  #2739 ) ;
#664 = CARTESIAN_POINT ( 'NONE',  ( 3.329999999999997900, -2.200000000000000200, -4.000000000000000000 ) ) ;
#665 = ORIENTED_EDGE ( 'NONE', *, *, #2828, .T. ) ;
#666 = AXIS2_PLACEMENT_3D ( 'NONE', #3931, #752, #4467 ) ;
#667 = PRESENTATION_STYLE_ASSIGNMENT (( #2489 ) ) ;
#668 = EDGE_LOOP ( 'NONE', ( #969, #6537, #5382, #6275 ) ) ;
#669 = EDGE_LOOP ( 'NONE', ( #2404, #1919, #266, #3294 ) ) ;
#670 = ORIENTED_EDGE ( 'NONE', *, *, #6517, .T. ) ;
#671 = DIRECTION ( 'NONE',  ( -1.000000000000000000, 0.0000000000000000000, 0.0000000000000000000 ) ) ;
#672 = DIRECTION ( 'NONE',  ( 0.9848077530122095700, -0.0000000000000000000, 0.1736481776669218100 ) ) ;
#673 = VERTEX_POINT ( 'NONE', #3342 ) ;
#674 = EDGE_CURVE ( 'NONE', #1670, #6301, #1594, .T. ) ;
#675 = ORIENTED_EDGE ( 'NONE', *, *, #4959, .T. ) ;
#676 = FACE_OUTER_BOUND ( 'NONE', #2955, .T. ) ;
#677 = CARTESIAN_POINT ( 'NONE',  ( -1.239153049900260300, 0.0000000000000000000, -2.186446609406720300 ) ) ;
#678 = CARTESIAN_POINT ( 'NONE',  ( -0.9552187682305380800, -0.05000000000000000300, -2.470380891076450900 ) ) ;
#679 = PLANE ( 'NONE',  #5544 ) ;
#680 = DIRECTION ( 'NONE',  ( -0.0000000000000000000, -1.000000000000000000, -0.0000000000000000000 ) ) ;
#681 = LINE ( 'NONE', #3324, #523 ) ;
#682 = DIRECTION ( 'NONE',  ( -3.252606517456510500E-015, 0.0000000000000000000, 1.000000000000000000 ) ) ;
#683 = LINE ( 'NONE', #923, #2273 ) ;
#684 = FACE_OUTER_BOUND ( 'NONE', #5949, .T. ) ;
#685 = ORIENTED_EDGE ( 'NONE', *, *, #3389, .T. ) ;
#686 = DIRECTION ( 'NONE',  ( 0.0000000000000000000, 0.0000000000000000000, -1.000000000000000000 ) ) ;
#687 = STYLED_ITEM ( 'NONE', ( #4066 ), #709 ) ;
#688 = CYLINDRICAL_SURFACE ( 'NONE', #5594, 0.3249999999999997900 ) ;
#689 = FACE_OUTER_BOUND ( 'NONE', #4521, .T. ) ;
#690 = PRESENTATION_STYLE_ASSIGNMENT (( #6184 ) ) ;
#691 = LINE ( 'NONE', #5682, #3518 ) ;
#692 = ORIENTED_EDGE ( 'NONE', *, *, #2647, .T. ) ;
#693 = EDGE_CURVE ( 'NONE', #1633, #3980, #2987, .T. ) ;
#694 = DIRECTION ( 'NONE',  ( -0.1736481776669218900, 0.0000000000000000000, 0.9848077530122094600 ) ) ;
#695 = CARTESIAN_POINT ( 'NONE',  ( 0.9899999999999999900, -3.000000000000000400, 5.000000000000000900 ) ) ;
#696 = ORIENTED_EDGE ( 'NONE', *, *, #4035, .T. ) ;
#697 = ORIENTED_EDGE ( 'NONE', *, *, #790, .T. ) ;
#698 = EDGE_CURVE ( 'NONE', #1759, #6619, #5644, .T. ) ;
#699 = EDGE_CURVE ( 'NONE', #1532, #930, #4398, .T. ) ;
#700 = VECTOR ( 'NONE', #3167, 1000.000000000000000 ) ;
#701 = EDGE_LOOP ( 'NONE', ( #3278, #1272, #2366, #561 ) ) ;
#702 = ORIENTED_EDGE ( 'NONE', *, *, #4978, .F. ) ;
#703 = LINE ( 'NONE', #631, #6381 ) ;
#704 = ORIENTED_EDGE ( 'NONE', *, *, #4967, .F. ) ;
#705 = CARTESIAN_POINT ( 'NONE',  ( -2.879999999999999900, -2.149999999999999900, 4.675000000000003400 ) ) ;
#706 = DIRECTION ( 'NONE',  ( -1.000000000000000000, 0.0000000000000000000, -0.0000000000000000000 ) ) ;
#707 = DIRECTION ( 'NONE',  ( 0.0000000000000000000, 0.0000000000000000000, 1.000000000000000000 ) ) ;
#708 = PLANE ( 'NONE',  #6149 ) ;
#709 = ADVANCED_FACE ( 'NONE', ( #1418 ), #4114, .F. ) ;
#710 =( GEOMETRIC_REPRESENTATION_CONTEXT ( 3 ) GLOBAL_UNCERTAINTY_ASSIGNED_CONTEXT ( ( #3867 ) ) GLOBAL_UNIT_ASSIGNED_CONTEXT ( ( #2507, #6235, #3042 ) ) REPRESENTATION_CONTEXT ( 'NONE', 'WORKASPACE' ) );
#711 = DIRECTION ( 'NONE',  ( -0.0000000000000000000, -1.000000000000000000, -0.0000000000000000000 ) ) ;
#712 = CARTESIAN_POINT ( 'NONE',  ( -1.890000000000002800, -2.149999999999999900, 0.01782600801236163300 ) ) ;
#713 = EDGE_CURVE ( 'NONE', #5817, #4278, #3576, .T. ) ;
#714 = EDGE_CURVE ( 'NONE', #4787, #1461, #4974, .T. ) ;
#715 = CARTESIAN_POINT ( 'NONE',  ( 1.797055987703439100, 0.0000000000000000000, -2.472006377443097100 ) ) ;
#716 = LINE ( 'NONE', #2354, #1799 ) ;
#717 = VERTEX_POINT ( 'NONE', #5212 ) ;
#718 = VERTEX_POINT ( 'NONE', #2741 ) ;
#719 = ORIENTED_EDGE ( 'NONE', *, *, #138, .T. ) ;
#720 = UNCERTAINTY_MEASURE_WITH_UNIT (LENGTH_MEASURE( 1.000000000000000100E-005 ), #4061, 'distance_accuracy_value', 'NONE');
#721 = ORIENTED_EDGE ( 'NONE', *, *, #3900, .T. ) ;
#722 = ORIENTED_EDGE ( 'NONE', *, *, #3607, .F. ) ;
#723 = VERTEX_POINT ( 'NONE', #4138 ) ;
#724 = LINE ( 'NONE', #1782, #1980 ) ;
#725 = EDGE_LOOP ( 'NONE', ( #2091, #1610, #1926, #3398 ) ) ;
#726 = DIRECTION ( 'NONE',  ( 0.0000000000000000000, 1.000000000000000000, 0.0000000000000000000 ) ) ;
#727 = DIRECTION ( 'NONE',  ( 0.7179472949388087100, -0.0000000000000000000, 0.6960974656540901400 ) ) ;
#728 = AXIS2_PLACEMENT_3D ( 'NONE', #5859, #2664, #6405 ) ;
#729 = LINE ( 'NONE', #4354, #6232 ) ;
#730 = PLANE ( 'NONE',  #1085 ) ;
#731 = DIRECTION ( 'NONE',  ( 0.0000000000000000000, 1.000000000000000000, -0.0000000000000000000 ) ) ;
#732 = EDGE_CURVE ( 'NONE', #3854, #4904, #2168, .T. ) ;
#733 = CARTESIAN_POINT ( 'NONE',  ( -9.855445003483749700, -2.149999999999999900, 0.01782600801236681300 ) ) ;
#734 = FILL_AREA_STYLE_COLOUR ( '', #5225 ) ;
#735 = FACE_OUTER_BOUND ( 'NONE', #669, .T. ) ;
#736 = DIRECTION ( 'NONE',  ( 0.0000000000000000000, -0.0000000000000000000, -1.000000000000000000 ) ) ;
#737 = CARTESIAN_POINT ( 'NONE',  ( 3.329999999999999600, -2.149999999999999900, 0.01782600801236681300 ) ) ;
#738 = SURFACE_STYLE_USAGE ( .BOTH. , #3916 ) ;
#739 = ORIENTED_EDGE ( 'NONE', *, *, #231, .F. ) ;
#740 = AXIS2_PLACEMENT_3D ( 'NONE', #5137, #1424, #893 ) ;
#741 = DIRECTION ( 'NONE',  ( -1.000000000000000000, -0.0000000000000000000, 0.0000000000000000000 ) ) ;
#742 = ORIENTED_EDGE ( 'NONE', *, *, #1453, .T. ) ;
#743 = ADVANCED_FACE ( 'NONE', ( #920 ), #3270, .T. ) ;
#744 = VECTOR ( 'NONE', #2213, 1000.000000000000000 ) ;
#745 = DIRECTION ( 'NONE',  ( 0.0000000000000000000, 1.000000000000000000, 0.0000000000000000000 ) ) ;
#746 = EDGE_LOOP ( 'NONE', ( #5759, #1884, #5275, #3592, #5619, #5583, #6701 ) ) ;
#747 = PRESENTATION_STYLE_ASSIGNMENT (( #3044 ) ) ;
#748 = EDGE_CURVE ( 'NONE', #5252, #4454, #582, .T. ) ;
#749 = CARTESIAN_POINT ( 'NONE',  ( -1.439999999999999900, -2.200000000000000200, 5.000000000000000000 ) ) ;
#750 = ORIENTED_EDGE ( 'NONE', *, *, #2148, .F. ) ;
#751 = DIRECTION ( 'NONE',  ( 0.9848077530122095700, -0.0000000000000000000, 0.1736481776669218100 ) ) ;
#752 = DIRECTION ( 'NONE',  ( 0.0000000000000000000, 1.000000000000000000, 0.0000000000000000000 ) ) ;
#753 = ORIENTED_EDGE ( 'NONE', *, *, #4144, .F. ) ;
#754 = ORIENTED_EDGE ( 'NONE', *, *, #337, .T. ) ;
#755 = CARTESIAN_POINT ( 'NONE',  ( -9.855445003483749700, -2.149999999999999900, 0.01782600801236681300 ) ) ;
#756 = CARTESIAN_POINT ( 'NONE',  ( -0.4500000000000015100, -2.149999999999999900, -4.999999999999999100 ) ) ;
#757 =( NAMED_UNIT ( * ) SI_UNIT ( $, .STERADIAN. ) SOLID_ANGLE_UNIT ( ) );
#758 = ORIENTED_EDGE ( 'NONE', *, *, #4721, .F. ) ;
#759 = ORIENTED_EDGE ( 'NONE', *, *, #5140, .F. ) ;
#760 = ORIENTED_EDGE ( 'NONE', *, *, #1530, .T. ) ;
#761 = CARTESIAN_POINT ( 'NONE',  ( -2.466561782773879500, -0.05000000000000000300, 5.892161442081238900 ) ) ;
#762 = ORIENTED_EDGE ( 'NONE', *, *, #3891, .T. ) ;
#763 = ADVANCED_FACE ( 'NONE', ( #6069 ), #5398, .T. ) ;
#764 = CARTESIAN_POINT ( 'NONE',  ( 2.461714443247939000, -0.05000000000000000300, 2.140000000000001900 ) ) ;
#765 = DIRECTION ( 'NONE',  ( -0.7660444431189783500, 0.0000000000000000000, 0.6427876096865390300 ) ) ;
#766 = EDGE_LOOP ( 'NONE', ( #758, #4771, #2770, #2451 ) ) ;
#767 =( NAMED_UNIT ( * ) SI_UNIT ( $, .STERADIAN. ) SOLID_ANGLE_UNIT ( ) );
#768 = PLANE ( 'NONE',  #3909 ) ;
#769 = VECTOR ( 'NONE', #1096, 1000.000000000000200 ) ;
#770 = CARTESIAN_POINT ( 'NONE',  ( -3.450000000000000200, -3.000000000000000000, -4.999999999999999100 ) ) ;
#771 = ORIENTED_EDGE ( 'NONE', *, *, #1301, .F. ) ;
#772 = PLANE ( 'NONE',  #2225 ) ;
#773 = ADVANCED_FACE ( 'NONE', ( #6246 ), #1185, .F. ) ;
#774 = ORIENTED_EDGE ( 'NONE', *, *, #5827, .T. ) ;
#775 = CARTESIAN_POINT ( 'NONE',  ( -2.555000000000001500, -2.200000000000000200, -4.999999999999999100 ) ) ;
#776 = ORIENTED_EDGE ( 'NONE', *, *, #2931, .F. ) ;
#777 = VERTEX_POINT ( 'NONE', #5978 ) ;
#778 = ORIENTED_EDGE ( 'NONE', *, *, #5794, .T. ) ;
#779 = AXIS2_PLACEMENT_3D ( 'NONE', #549, #4238, #1094 ) ;
#780 = VECTOR ( 'NONE', #352, 1000.000000000000100 ) ;
#781 = UNCERTAINTY_MEASURE_WITH_UNIT (LENGTH_MEASURE( 1.000000000000000100E-005 ), #3391, 'distance_accuracy_value', 'NONE');
#782 = ORIENTED_EDGE ( 'NONE', *, *, #3232, .F. ) ;
#783 = CYLINDRICAL_SURFACE ( 'NONE', #1852, 0.3249999999999997900 ) ;
#784 = ORIENTED_EDGE ( 'NONE', *, *, #4391, .T. ) ;
#785 = PRESENTATION_LAYER_ASSIGNMENT (  '', '', ( #435 ) ) ;
#786 = LINE ( 'NONE', #4222, #629 ) ;
#787 = CARTESIAN_POINT ( 'NONE',  ( -9.855445003483749700, -2.200000000000000200, -4.999999999999999100 ) ) ;
#788 = ORIENTED_EDGE ( 'NONE', *, *, #1453, .F. ) ;
#789 = SURFACE_STYLE_FILL_AREA ( #1404 ) ;
#790 = EDGE_CURVE ( 'NONE', #6717, #1961, #1998, .T. ) ;
#791 = SURFACE_SIDE_STYLE ('',( #2424 ) ) ;
#792 = AXIS2_PLACEMENT_3D ( 'NONE', #220, #751, #4466 ) ;
#793 = CARTESIAN_POINT ( 'NONE',  ( 0.6446006858399666600, -0.05000000000000000300, -0.3499999999999999200 ) ) ;
#794 = CIRCLE ( 'NONE', #5158, 0.3249999999999997900 ) ;
#795 = ORIENTED_EDGE ( 'NONE', *, *, #5500, .F. ) ;
#796 = ORIENTED_EDGE ( 'NONE', *, *, #489, .F. ) ;
#797 = EDGE_CURVE ( 'NONE', #4870, #2673, #4651, .T. ) ;
#798 = DIRECTION ( 'NONE',  ( 0.7071067811865071600, 0.0000000000000000000, -0.7071067811865878700 ) ) ;
#799 = AXIS2_PLACEMENT_3D ( 'NONE', #4732, #6890, #3697 ) ;
#800 = VECTOR ( 'NONE', #595, 1000.000000000000000 ) ;
#801 = CARTESIAN_POINT ( 'NONE',  ( 0.9552187682305394200, 0.0000000000000000000, 2.470380891076456600 ) ) ;
#802 = ADVANCED_FACE ( 'NONE', ( #418 ), #136, .F. ) ;
#803 = CARTESIAN_POINT ( 'NONE',  ( -9.855445003483749700, -2.200000000000000200, 5.000000000000000900 ) ) ;
#804 = EDGE_CURVE ( 'NONE', #2030, #4622, #5026, .T. ) ;
#805 = ORIENTED_EDGE ( 'NONE', *, *, #5814, .F. ) ;
#806 = VERTEX_POINT ( 'NONE', #3500 ) ;
#807 = EDGE_CURVE ( 'NONE', #5917, #6879, #6291, .T. ) ;
#808 = DIRECTION ( 'NONE',  ( 0.0000000000000000000, 0.0000000000000000000, 1.000000000000000000 ) ) ;
#809 = CARTESIAN_POINT ( 'NONE',  ( -1.239153049900260300, -0.05000000000000000300, -2.186446609406720300 ) ) ;
#810 = CARTESIAN_POINT ( 'NONE',  ( 2.461714443247939000, 0.0000000000000000000, 1.740000000000001100 ) ) ;
#811 = ADVANCED_FACE ( 'NONE', ( #6471 ), #6733, .T. ) ;
#812 = VECTOR ( 'NONE', #6694, 1000.000000000000000 ) ;
#813 = EDGE_CURVE ( 'NONE', #5009, #2331, #2950, .T. ) ;
#814 = CARTESIAN_POINT ( 'NONE',  ( 1.890000000000001000, -3.050000000000000300, -9.591503366463465200 ) ) ;
#815 = VECTOR ( 'NONE', #6349, 1000.000000000000000 ) ;
#816 = EDGE_LOOP ( 'NONE', ( #4247, #2339, #533, #6244 ) ) ;
#817 = AXIS2_PLACEMENT_3D ( 'NONE', #6169, #2984, #6716 ) ;
#818 = VECTOR ( 'NONE', #6074, 1000.000000000000000 ) ;
#819 = FILL_AREA_STYLE ('',( #6123 ) ) ;
#820 = CARTESIAN_POINT ( 'NONE',  ( 2.429999999999999700, -3.050000000000000300, -5.000000000000000000 ) ) ;
#821 = PLANE ( 'NONE',  #3454 ) ;
#822 = VECTOR ( 'NONE', #1905, 1000.000000000000000 ) ;
#823 = CARTESIAN_POINT ( 'NONE',  ( 0.0000000000000000000, -2.149999999999999900, 4.675000000000001600 ) ) ;
#824 = CARTESIAN_POINT ( 'NONE',  ( -0.6177775058068191200, 0.0000000000000000000, -1.679303097578362500 ) ) ;
#825 = CARTESIAN_POINT ( 'NONE',  ( -1.780300936570950800, 1.524659305057740600E-017, 2.457947220217475200 ) ) ;
#826 = CARTESIAN_POINT ( 'NONE',  ( 0.3249999999999985100, -2.200000000000000200, -4.999999999999999100 ) ) ;
#827 = VERTEX_POINT ( 'NONE', #1431 ) ;
#828 = SURFACE_STYLE_USAGE ( .BOTH. , #3998 ) ;
#829 =( NAMED_UNIT ( * ) SI_UNIT ( $, .STERADIAN. ) SOLID_ANGLE_UNIT ( ) );
#830 = VECTOR ( 'NONE', #1200, 1000.000000000000000 ) ;
#831 = ORIENTED_EDGE ( 'NONE', *, *, #2499, .T. ) ;
#832 = EDGE_LOOP ( 'NONE', ( #4527, #3358, #2301, #2511 ) ) ;
#833 = FILL_AREA_STYLE ('',( #300 ) ) ;
#834 = EDGE_CURVE ( 'NONE', #973, #3149, #131, .T. ) ;
#835 = FILL_AREA_STYLE_COLOUR ( '', #1718 ) ;
#836 = CARTESIAN_POINT ( 'NONE',  ( 1.890000000000000800, -3.050000000000000300, -4.999999999999999100 ) ) ;
#837 = EDGE_CURVE ( 'NONE', #4499, #6050, #1558, .T. ) ;
#838 = ADVANCED_FACE ( 'NONE', ( #4367 ), #4088, .T. ) ;
#839 = CARTESIAN_POINT ( 'NONE',  ( 1.204557019264813800, 0.0000000000000000000, -1.648488889220256900 ) ) ;
#840 = VERTEX_POINT ( 'NONE', #4570 ) ;
#841 = ORIENTED_EDGE ( 'NONE', *, *, #3830, .T. ) ;
#842 = AXIS2_PLACEMENT_3D ( 'NONE', #5923, #6473, #3265 ) ;
#843 = AXIS2_PLACEMENT_3D ( 'NONE', #6408, #27, #3752 ) ;
#844 = EDGE_CURVE ( 'NONE', #3049, #3937, #4206, .T. ) ;
#845 = ORIENTED_EDGE ( 'NONE', *, *, #3672, .T. ) ;
#846 = DIRECTION ( 'NONE',  ( -0.0000000000000000000, -1.000000000000000000, -0.0000000000000000000 ) ) ;
#847 = CARTESIAN_POINT ( 'NONE',  ( -0.5211717993440885300, -0.05000000000000000300, -0.3500000000000000300 ) ) ;
#848 = EDGE_CURVE ( 'NONE', #1415, #3174, #1379, .T. ) ;
#849 = CARTESIAN_POINT ( 'NONE',  ( 0.9900000000000013200, -2.149999999999999900, 5.000000000000000900 ) ) ;
#850 = ADVANCED_FACE ( 'NONE', ( #1223, #4024, #6880, #2625, #6703, #5282, #3870, #2453, #1057 ), #2519, .T. ) ;
#851 = VERTEX_POINT ( 'NONE', #406 ) ;
#852 = ORIENTED_EDGE ( 'NONE', *, *, #1689, .F. ) ;
#853 = LINE ( 'NONE', #2473, #3496 ) ;
#854 = PRESENTATION_STYLE_ASSIGNMENT (( #1159 ) ) ;
#855 = CARTESIAN_POINT ( 'NONE',  ( 1.115000000000000200, -2.149999999999999900, 5.000000000000000900 ) ) ;
#856 = VECTOR ( 'NONE', #4530, 1000.000000000000000 ) ;
#857 = CYLINDRICAL_SURFACE ( 'NONE', #3327, 0.3249999999999997900 ) ;
#858 = FACE_OUTER_BOUND ( 'NONE', #3711, .T. ) ;
#859 = VECTOR ( 'NONE', #6371, 1000.000000000000000 ) ;
#860 = ORIENTED_EDGE ( 'NONE', *, *, #4994, .F. ) ;
#861 = CARTESIAN_POINT ( 'NONE',  ( -0.9900000000000013200, -3.000000000000000000, -9.591503366463465200 ) ) ;
#862 = CARTESIAN_POINT ( 'NONE',  ( 0.9899999999999984400, -2.200000000000000200, -4.999999999999999100 ) ) ;
#863 = PLANE ( 'NONE',  #28 ) ;
#864 = VERTEX_POINT ( 'NONE', #6311 ) ;
#865 = VECTOR ( 'NONE', #2546, 1000.000000000000200 ) ;
#866 = EDGE_CURVE ( 'NONE', #3362, #3204, #4606, .T. ) ;
#867 = FACE_OUTER_BOUND ( 'NONE', #5436, .T. ) ;
#868 = FACE_OUTER_BOUND ( 'NONE', #3333, .T. ) ;
#869 = VECTOR ( 'NONE', #731, 1000.000000000000000 ) ;
#870 = VECTOR ( 'NONE', #6135, 1000.000000000000000 ) ;
#871 = VECTOR ( 'NONE', #1416, 1000.000000000000000 ) ;
#872 = ORIENTED_EDGE ( 'NONE', *, *, #3768, .F. ) ;
#873 = VERTEX_POINT ( 'NONE', #5770 ) ;
#874 = CARTESIAN_POINT ( 'NONE',  ( 3.329999999999999600, -2.149999999999999900, 4.000000000000000000 ) ) ;
#875 = EDGE_LOOP ( 'NONE', ( #3987, #6456, #3371, #1201 ) ) ;
#876 = VECTOR ( 'NONE', #4217, 1000.000000000000000 ) ;
#877 = CARTESIAN_POINT ( 'NONE',  ( 2.879999999999999900, -2.149999999999999900, 5.000000000000000900 ) ) ;
#878 = VERTEX_POINT ( 'NONE', #2583 ) ;
#879 = VERTEX_POINT ( 'NONE', #1556 ) ;
#880 = DIRECTION ( 'NONE',  ( 0.0000000000000000000, 1.000000000000000000, 0.0000000000000000000 ) ) ;
#881 = VECTOR ( 'NONE', #3579, 1000.000000000000100 ) ;
#882 = ADVANCED_FACE ( 'NONE', ( #6039 ), #3127, .T. ) ;
#883 = EDGE_LOOP ( 'NONE', ( #3593, #3222, #3826, #3321, #1692, #4706, #2616, #6434 ) ) ;
#884 =( NAMED_UNIT ( * ) SI_UNIT ( $, .STERADIAN. ) SOLID_ANGLE_UNIT ( ) );
#885 = CARTESIAN_POINT ( 'NONE',  ( 1.764999999999999700, -2.149999999999999900, 5.000000000000000900 ) ) ;
#886 = DIRECTION ( 'NONE',  ( 0.0000000000000000000, 1.000000000000000000, 0.0000000000000000000 ) ) ;
#887 =( NAMED_UNIT ( * ) PLANE_ANGLE_UNIT ( ) SI_UNIT ( $, .RADIAN. ) );
#888 = CARTESIAN_POINT ( 'NONE',  ( -3.450000000000000200, -3.000000000000000000, 5.000000000000000900 ) ) ;
#889 = ADVANCED_FACE ( 'NONE', ( #377 ), #4443, .F. ) ;
#890 = UNCERTAINTY_MEASURE_WITH_UNIT (LENGTH_MEASURE( 1.000000000000000100E-005 ), #5058, 'distance_accuracy_value', 'NONE');
#891 = CYLINDRICAL_SURFACE ( 'NONE', #6639, 0.3249999999999997900 ) ;
#892 = EDGE_LOOP ( 'NONE', ( #3109, #2786, #2859, #1802 ) ) ;
#893 = DIRECTION ( 'NONE',  ( 0.0000000000000000000, 0.0000000000000000000, -1.000000000000000000 ) ) ;
#894 = ORIENTED_EDGE ( 'NONE', *, *, #6804, .T. ) ;
#895 = AXIS2_PLACEMENT_3D ( 'NONE', #2155, #5881, #2680 ) ;
#896 = ORIENTED_EDGE ( 'NONE', *, *, #5249, .T. ) ;
#897 = VERTEX_POINT ( 'NONE', #1035 ) ;
#898 = ORIENTED_EDGE ( 'NONE', *, *, #1264, .T. ) ;
#899 = ORIENTED_EDGE ( 'NONE', *, *, #3087, .T. ) ;
#900 = FACE_OUTER_BOUND ( 'NONE', #2898, .T. ) ;
#901 = ORIENTED_EDGE ( 'NONE', *, *, #4132, .F. ) ;
#902 = AXIS2_PLACEMENT_3D ( 'NONE', #2272, #6003, #2805 ) ;
#903 =( NAMED_UNIT ( * ) SI_UNIT ( $, .STERADIAN. ) SOLID_ANGLE_UNIT ( ) );
#904 = LINE ( 'NONE', #2231, #3560 ) ;
#905 = DIRECTION ( 'NONE',  ( 0.5735764363510473800, 0.0000000000000000000, 0.8191520442889909100 ) ) ;
#906 = AXIS2_PLACEMENT_3D ( 'NONE', #4897, #1730, #5435 ) ;
#907 = DIRECTION ( 'NONE',  ( -1.000000000000000000, -0.0000000000000000000, -0.0000000000000000000 ) ) ;
#908 = FILL_AREA_STYLE_COLOUR ( '', #5813 ) ;
#909 = VECTOR ( 'NONE', #1527, 1000.000000000000000 ) ;
#910 = CARTESIAN_POINT ( 'NONE',  ( 3.450000000000000200, -3.000000000000000400, -4.999999999999999100 ) ) ;
#911 = CARTESIAN_POINT ( 'NONE',  ( -1.224606353822377500E-015, -3.050000000000000300, -5.000000000000000900 ) ) ;
#912 = DIRECTION ( 'NONE',  ( 1.000000000000000000, 0.0000000000000000000, -0.0000000000000000000 ) ) ;
#913 = EDGE_CURVE ( 'NONE', #2454, #6271, #5876, .T. ) ;
#914 = ADVANCED_FACE ( 'NONE', ( #3206 ), #2090, .F. ) ;
#915 = DIRECTION ( 'NONE',  ( 0.0000000000000000000, 1.000000000000000000, 0.0000000000000000000 ) ) ;
#916 = DIRECTION ( 'NONE',  ( -0.0000000000000000000, 1.000000000000000000, 0.0000000000000000000 ) ) ;
#917 = ORIENTED_EDGE ( 'NONE', *, *, #5371, .T. ) ;
#918 = CARTESIAN_POINT ( 'NONE',  ( 0.4500000000000007300, -2.149999999999999900, 5.000000000000000900 ) ) ;
#919 = DIRECTION ( 'NONE',  ( 0.0000000000000000000, -1.000000000000000000, 0.0000000000000000000 ) ) ;
#920 = FACE_OUTER_BOUND ( 'NONE', #5384, .T. ) ;
#921 = CARTESIAN_POINT ( 'NONE',  ( 3.450000000000000200, -2.200000000000000200, 5.000000000000000900 ) ) ;
#922 = CARTESIAN_POINT ( 'NONE',  ( -1.204557019264811400, -0.05000000000000000300, 1.648488889220253600 ) ) ;
#923 = CARTESIAN_POINT ( 'NONE',  ( -0.3250000000000006200, -2.149999999999999900, -4.999999999999999100 ) ) ;
#924 = ADVANCED_FACE ( 'NONE', ( #3035 ), #4286, .F. ) ;
#925 = CARTESIAN_POINT ( 'NONE',  ( -3.330000000000002700, -2.149999999999999900, -4.999999999999999100 ) ) ;
#926 = LINE ( 'NONE', #4944, #3583 ) ;
#927 = DIRECTION ( 'NONE',  ( -0.0000000000000000000, -1.000000000000000000, -0.0000000000000000000 ) ) ;
#928 = EDGE_LOOP ( 'NONE', ( #3445, #5433, #3310, #4375 ) ) ;
#929 = MANIFOLD_SOLID_BREP ( 'Imported6', #5603 ) ;
#930 = VERTEX_POINT ( 'NONE', #6386 ) ;
#931 = DIRECTION ( 'NONE',  ( -0.0000000000000000000, -0.0000000000000000000, -1.000000000000000000 ) ) ;
#932 = EDGE_LOOP ( 'NONE', ( #1582, #4104, #2505, #6515 ) ) ;
#933 = CARTESIAN_POINT ( 'NONE',  ( -0.9899999999999986600, -3.050000000000000300, -4.999999999999999100 ) ) ;
#934 = EDGE_CURVE ( 'NONE', #1683, #6867, #5196, .T. ) ;
#935 = PLANE ( 'NONE',  #6172 ) ;
#936 = DIRECTION ( 'NONE',  ( -0.0000000000000000000, 0.0000000000000000000, -1.000000000000000000 ) ) ;
#937 = ORIENTED_EDGE ( 'NONE', *, *, #995, .T. ) ;
#938 = ORIENTED_EDGE ( 'NONE', *, *, #4977, .T. ) ;
#939 = ORIENTED_EDGE ( 'NONE', *, *, #3323, .T. ) ;
#940 = ORIENTED_EDGE ( 'NONE', *, *, #5692, .F. ) ;
#941 = DIRECTION ( 'NONE',  ( 0.0000000000000000000, 1.000000000000000000, 0.0000000000000000000 ) ) ;
#942 = AXIS2_PLACEMENT_3D ( 'NONE', #4046, #4571, #1406 ) ;
#943 = CARTESIAN_POINT ( 'NONE',  ( 0.4500000000000015100, -2.149999999999999900, -4.999999999999999100 ) ) ;
#944 = FACE_OUTER_BOUND ( 'NONE', #2006, .T. ) ;
#945 = EDGE_CURVE ( 'NONE', #5774, #3586, #206, .T. ) ;
#946 = COLOUR_RGB ( '',0.9882352941176471000, 0.7372549019607843600, 0.5137254901960783800 ) ;
#947 = EDGE_CURVE ( 'NONE', #4108, #2667, #5698, .T. ) ;
#948 = CARTESIAN_POINT ( 'NONE',  ( -3.330000000000001000, -3.000000000000000000, -9.591503366463465200 ) ) ;
#949 = ORIENTED_EDGE ( 'NONE', *, *, #5840, .F. ) ;
#950 = DIRECTION ( 'NONE',  ( -1.000000000000000000, 0.0000000000000000000, -0.0000000000000000000 ) ) ;
#951 = ADVANCED_FACE ( 'NONE', ( #2367 ), #783, .F. ) ;
#952 = LINE ( 'NONE', #6400, #5181 ) ;
#953 = FACE_OUTER_BOUND ( 'NONE', #6908, .T. ) ;
#954 = CARTESIAN_POINT ( 'NONE',  ( -2.429999999999998400, -3.050000000000000300, 5.000000000000000900 ) ) ;
#955 = DIRECTION ( 'NONE',  ( 1.000000000000000000, 0.0000000000000000000, -0.0000000000000000000 ) ) ;
#956 = ORIENTED_EDGE ( 'NONE', *, *, #1126, .T. ) ;
#957 = ORIENTED_EDGE ( 'NONE', *, *, #5707, .T. ) ;
#958 = CARTESIAN_POINT ( 'NONE',  ( -1.764999999999999700, -3.000000000000000000, 5.000000000000000900 ) ) ;
#959 = ORIENTED_EDGE ( 'NONE', *, *, #1773, .F. ) ;
#960 = DIRECTION ( 'NONE',  ( 0.0000000000000000000, 1.000000000000000000, 0.0000000000000000000 ) ) ;
#961 = VERTEX_POINT ( 'NONE', #2151 ) ;
#962 = VERTEX_POINT ( 'NONE', #2672 ) ;
#963 = FACE_OUTER_BOUND ( 'NONE', #4789, .T. ) ;
#964 = CARTESIAN_POINT ( 'NONE',  ( -9.855445003483749700, -2.149999999999999900, -4.999999999999999100 ) ) ;
#965 = ADVANCED_FACE ( 'NONE', ( #3622 ), #6409, .F. ) ;
#966 = EDGE_LOOP ( 'NONE', ( #614, #3253, #4577, #6347 ) ) ;
#967 = VECTOR ( 'NONE', #3215, 1000.000000000000000 ) ;
#968 = PRESENTATION_LAYER_ASSIGNMENT (  '', '', ( #598 ) ) ;
#969 = ORIENTED_EDGE ( 'NONE', *, *, #714, .F. ) ;
#970 = CARTESIAN_POINT ( 'NONE',  ( 1.043860116843172900, -0.05000000000000000300, -1.839999999999997400 ) ) ;
#971 = EDGE_CURVE ( 'NONE', #612, #1974, #5015, .T. ) ;
#972 = LINE ( 'NONE', #1588, #6287 ) ;
#973 = VERTEX_POINT ( 'NONE', #2171 ) ;
#974 = CARTESIAN_POINT ( 'NONE',  ( -3.450000000000000200, -3.000000000000000000, 5.000000000000000900 ) ) ;
#975 = ORIENTED_EDGE ( 'NONE', *, *, #4275, .F. ) ;
#976 = DIRECTION ( 'NONE',  ( -0.7660444431189844500, 0.0000000000000000000, -0.6427876096865317000 ) ) ;
#977 = CARTESIAN_POINT ( 'NONE',  ( -3.330000000000001000, -3.050000000000000300, -5.000000000000000000 ) ) ;
#978 = CARTESIAN_POINT ( 'NONE',  ( -9.855445003483749700, -2.149999999999999900, 5.000000000000000900 ) ) ;
#979 = LINE ( 'NONE', #4858, #2376 ) ;
#980 = CARTESIAN_POINT ( 'NONE',  ( 0.6177775058068185600, -0.05000000000000000300, 1.679303097578368700 ) ) ;
#981 = ORIENTED_EDGE ( 'NONE', *, *, #470, .F. ) ;
#982 = ORIENTED_EDGE ( 'NONE', *, *, #3389, .F. ) ;
#983 = CARTESIAN_POINT ( 'NONE',  ( 0.6446006858399663300, 0.0000000000000000000, -0.3500000000000000300 ) ) ;
#984 = EDGE_CURVE ( 'NONE', #4487, #5917, #6282, .T. ) ;
#985 = EDGE_CURVE ( 'NONE', #2303, #2669, #4854, .T. ) ;
#986 = LINE ( 'NONE', #3246, #3638 ) ;
#987 = DIRECTION ( 'NONE',  ( 1.000000000000000000, 0.0000000000000000000, -0.0000000000000000000 ) ) ;
#988 = DIRECTION ( 'NONE',  ( -1.000000000000000000, 0.0000000000000000000, 0.0000000000000000000 ) ) ;
#989 = VERTEX_POINT ( 'NONE', #586 ) ;
#990 = ORIENTED_EDGE ( 'NONE', *, *, #2052, .T. ) ;
#991 = CARTESIAN_POINT ( 'NONE',  ( 3.329999999999997900, -2.149999999999999900, -4.000000000000000000 ) ) ;
#992 = ADVANCED_FACE ( 'NONE', ( #6111 ), #4307, .T. ) ;
#993 = MECHANICAL_DESIGN_GEOMETRIC_PRESENTATION_REPRESENTATION (  '', ( #257 ), #1330 ) ;
#994 = EDGE_CURVE ( 'NONE', #1235, #557, #3283, .T. ) ;
#995 = EDGE_CURVE ( 'NONE', #2454, #4569, #4691, .T. ) ;
#996 = FILL_AREA_STYLE ('',( #5217 ) ) ;
#997 = FACE_OUTER_BOUND ( 'NONE', #1485, .T. ) ;
#998 = DIRECTION ( 'NONE',  ( 0.0000000000000000000, -0.0000000000000000000, -1.000000000000000000 ) ) ;
#999 = CARTESIAN_POINT ( 'NONE',  ( -2.429999999999998400, -3.000000000000000400, -4.999999999999999100 ) ) ;
#1000 = VERTEX_POINT ( 'NONE', #2405 ) ;
#1001 = VECTOR ( 'NONE', #4059, 1000.000000000000000 ) ;
#1002 = CARTESIAN_POINT ( 'NONE',  ( 2.555000000000000600, -3.000000000000000000, 5.000000000000000900 ) ) ;
#1003 = DIRECTION ( 'NONE',  ( 0.7660444431189773500, 0.0000000000000000000, 0.6427876096865401400 ) ) ;
#1004 = DIRECTION ( 'NONE',  ( 1.000000000000000000, 0.0000000000000000000, -0.0000000000000000000 ) ) ;
#1005 = ORIENTED_EDGE ( 'NONE', *, *, #6094, .F. ) ;
#1006 = CARTESIAN_POINT ( 'NONE',  ( -2.430000000000003300, -2.149999999999999900, -4.999999999999999100 ) ) ;
#1007 = VECTOR ( 'NONE', #1719, 1000.000000000000000 ) ;
#1008 = EDGE_LOOP ( 'NONE', ( #4263, #6004, #4336, #475 ) ) ;
#1009 = CARTESIAN_POINT ( 'NONE',  ( -9.855445003483749700, -2.149999999999999900, 5.000000000000000900 ) ) ;
#1010 = DIRECTION ( 'NONE',  ( 0.0000000000000000000, 1.000000000000000000, 0.0000000000000000000 ) ) ;
#1011 = DIRECTION ( 'NONE',  ( -0.0000000000000000000, -1.000000000000000000, -0.0000000000000000000 ) ) ;
#1012 = AXIS2_PLACEMENT_3D ( 'NONE', #4724, #1559, #5256 ) ;
#1013 = DIRECTION ( 'NONE',  ( -1.000000000000000000, -0.0000000000000000000, -0.0000000000000000000 ) ) ;
#1014 = CARTESIAN_POINT ( 'NONE',  ( 1.239153049900266100, -0.05000000000000000300, 2.186446609406700300 ) ) ;
#1015 = ORIENTED_EDGE ( 'NONE', *, *, #1858, .T. ) ;
#1016 = ORIENTED_EDGE ( 'NONE', *, *, #5585, .T. ) ;
#1017 = PLANE ( 'NONE',  #5190 ) ;
#1018 = ADVANCED_FACE ( 'NONE', ( #5957 ), #1342, .F. ) ;
#1019 =( GEOMETRIC_REPRESENTATION_CONTEXT ( 3 ) GLOBAL_UNCERTAINTY_ASSIGNED_CONTEXT ( ( #720 ) ) GLOBAL_UNIT_ASSIGNED_CONTEXT ( ( #4061, #887, #4586 ) ) REPRESENTATION_CONTEXT ( 'NONE', 'WORKASPACE' ) );
#1020 = ORIENTED_EDGE ( 'NONE', *, *, #127, .T. ) ;
#1021 = CARTESIAN_POINT ( 'NONE',  ( 1.889999999999999200, -2.200000000000000200, 4.000000000000000000 ) ) ;
#1022 = CARTESIAN_POINT ( 'NONE',  ( -1.890000000000002100, -2.200000000000000200, -4.999999999999999100 ) ) ;
#1023 = DIRECTION ( 'NONE',  ( -1.000000000000000000, 0.0000000000000000000, -0.0000000000000000000 ) ) ;
#1024 = ORIENTED_EDGE ( 'NONE', *, *, #2475, .T. ) ;
#1025 = LINE ( 'NONE', #5625, #6516 ) ;
#1026 = AXIS2_PLACEMENT_3D ( 'NONE', #1414, #5126, #1943 ) ;
#1027 = LINE ( 'NONE', #6465, #1192 ) ;
#1028 = CARTESIAN_POINT ( 'NONE',  ( -9.855445003483749700, -2.149999999999999900, -4.999999999999999100 ) ) ;
#1029 = VECTOR ( 'NONE', #3404, 1000.000000000000000 ) ;
#1030 = FACE_OUTER_BOUND ( 'NONE', #1008, .T. ) ;
#1031 = CYLINDRICAL_SURFACE ( 'NONE', #5470, 0.3249999999999997900 ) ;
#1032 = FACE_OUTER_BOUND ( 'NONE', #5295, .T. ) ;
#1033 = ORIENTED_EDGE ( 'NONE', *, *, #5725, .F. ) ;
#1034 = CARTESIAN_POINT ( 'NONE',  ( -8.358723224855744100, -0.05000000000000000300, -2.539999999999998700 ) ) ;
#1035 = CARTESIAN_POINT ( 'NONE',  ( -1.132670721784655900, 1.016439536705160400E-017, -2.292928937522328500 ) ) ;
#1036 = CARTESIAN_POINT ( 'NONE',  ( -1.890000000000000100, -3.000000000000000400, -3.800000000000001200 ) ) ;
#1037 = CYLINDRICAL_SURFACE ( 'NONE', #740, 0.3249999999999997900 ) ;
#1038 = LINE ( 'NONE', #4623, #5090 ) ;
#1039 = DIRECTION ( 'NONE',  ( -1.000000000000000000, -0.0000000000000000000, -0.0000000000000000000 ) ) ;
#1040 = AXIS2_PLACEMENT_3D ( 'NONE', #2098, #6369, #3168 ) ;
#1041 = FACE_OUTER_BOUND ( 'NONE', #4683, .T. ) ;
#1042 = DIRECTION ( 'NONE',  ( 1.000000000000000000, 0.0000000000000000000, 0.0000000000000000000 ) ) ;
#1043 = CARTESIAN_POINT ( 'NONE',  ( 1.132670721784651700, -0.05000000000000000300, 2.292928937522325800 ) ) ;
#1044 = COLOUR_RGB ( '',1.000000000000000000, 0.7529411764705882200, 0.0000000000000000000 ) ;
#1045 = CARTESIAN_POINT ( 'NONE',  ( -0.9899999999999995500, -2.149999999999999900, 5.000000000000000900 ) ) ;
#1046 = VECTOR ( 'NONE', #2913, 1000.000000000000000 ) ;
#1047 = LINE ( 'NONE', #4056, #871 ) ;
#1048 = ORIENTED_EDGE ( 'NONE', *, *, #337, .F. ) ;
#1049 = ORIENTED_EDGE ( 'NONE', *, *, #2916, .F. ) ;
#1050 = CARTESIAN_POINT ( 'NONE',  ( 1.323646059186054800, -0.05000000000000000300, 1.707262941959384300 ) ) ;
#1051 = ORIENTED_EDGE ( 'NONE', *, *, #101, .F. ) ;
#1052 = LINE ( 'NONE', #6886, #5105 ) ;
#1053 = CARTESIAN_POINT ( 'NONE',  ( -4.337867785812139900, -0.05000000000000000300, 4.791868914782171800 ) ) ;
#1055 = EDGE_CURVE ( 'NONE', #2167, #6641, #6872, .T. ) ;
#1054 = ORIENTED_EDGE ( 'NONE', *, *, #3345, .F. ) ;
#1056 = LINE ( 'NONE', #5720, #3531 ) ;
#1057 = FACE_BOUND ( 'NONE', #1836, .T. ) ;
#1058 = CARTESIAN_POINT ( 'NONE',  ( -0.4500000000000007300, -2.149999999999999900, 0.01782600801236681300 ) ) ;
#1059 = ORIENTED_EDGE ( 'NONE', *, *, #151, .T. ) ;
#1060 = FACE_OUTER_BOUND ( 'NONE', #2304, .T. ) ;
#1061 = CARTESIAN_POINT ( 'NONE',  ( 2.429999999999999300, -3.000000000000000000, 5.000000000000000900 ) ) ;
#1062 = SURFACE_SIDE_STYLE ('',( #2862 ) ) ;
#1063 = LINE ( 'NONE', #2836, #2135 ) ;
#1064 = CARTESIAN_POINT ( 'NONE',  ( -5.892161442081254900, -0.05000000000000000300, 2.466561782774414200 ) ) ;
#1065 = ORIENTED_EDGE ( 'NONE', *, *, #1920, .T. ) ;
#1066 = ORIENTED_EDGE ( 'NONE', *, *, #2132, .F. ) ;
#1067 = PRESENTATION_LAYER_ASSIGNMENT (  '', '', ( #687 ) ) ;
#1068 = ORIENTED_EDGE ( 'NONE', *, *, #5598, .T. ) ;
#1069 = EDGE_LOOP ( 'NONE', ( #1408, #1065, #207, #5445 ) ) ;
#1070 = DIRECTION ( 'NONE',  ( 0.0000000000000000000, 0.0000000000000000000, -1.000000000000000000 ) ) ;
#1071 = ORIENTED_EDGE ( 'NONE', *, *, #5227, .F. ) ;
#1072 = EDGE_LOOP ( 'NONE', ( #3793, #3373, #4840, #6007 ) ) ;
#1073 = CARTESIAN_POINT ( 'NONE',  ( 0.4499999999999903500, -2.149999999999999900, 0.01782600801238971900 ) ) ;
#1074 = FACE_OUTER_BOUND ( 'NONE', #2773, .T. ) ;
#1075 = ORIENTED_EDGE ( 'NONE', *, *, #6433, .F. ) ;
#1076 = EDGE_CURVE ( 'NONE', #4037, #1084, #4014, .T. ) ;
#1077 = CARTESIAN_POINT ( 'NONE',  ( 3.330000000000001400, -3.050000000000000300, -3.799999999999999800 ) ) ;
#1078 = DIRECTION ( 'NONE',  ( -0.0000000000000000000, -1.000000000000000000, -0.0000000000000000000 ) ) ;
#1079 = EDGE_CURVE ( 'NONE', #5487, #4784, #2614, .T. ) ;
#1080 = EDGE_CURVE ( 'NONE', #5452, #5476, #6692, .T. ) ;
#1081 = CARTESIAN_POINT ( 'NONE',  ( -0.9552187682305376400, 0.0000000000000000000, -2.470380891076450900 ) ) ;
#1082 = LINE ( 'NONE', #1997, #6576 ) ;
#1083 = VECTOR ( 'NONE', #5926, 1000.000000000000000 ) ;
#1084 = VERTEX_POINT ( 'NONE', #2457 ) ;
#1085 = AXIS2_PLACEMENT_3D ( 'NONE', #4464, #1291, #4992 ) ;
#1086 = AXIS2_PLACEMENT_3D ( 'NONE', #6177, #2988, #6726 ) ;
#1087 = LINE ( 'NONE', #4671, #2648 ) ;
#1088 = EDGE_CURVE ( 'NONE', #3641, #1759, #6536, .T. ) ;
#1089 = VECTOR ( 'NONE', #2020, 1000.000000000000000 ) ;
#1090 = EDGE_CURVE ( 'NONE', #2914, #5487, #3860, .T. ) ;
#1091 = CARTESIAN_POINT ( 'NONE',  ( -8.358723224855744100, -0.05000000000000000300, -1.839999999999997000 ) ) ;
#1092 = DIRECTION ( 'NONE',  ( 1.000000000000000000, 0.0000000000000000000, 0.0000000000000000000 ) ) ;
#1093 = DIRECTION ( 'NONE',  ( -0.0000000000000000000, -1.000000000000000000, 0.0000000000000000000 ) ) ;
#1094 = DIRECTION ( 'NONE',  ( 0.0000000000000000000, 0.0000000000000000000, -1.000000000000000000 ) ) ;
#1095 = CARTESIAN_POINT ( 'NONE',  ( -1.890000000000002800, -2.200000000000000200, 0.01782600801236163300 ) ) ;
#1096 = DIRECTION ( 'NONE',  ( -0.1736481776669212300, 0.0000000000000000000, 0.9848077530122095700 ) ) ;
#1097 = CARTESIAN_POINT ( 'NONE',  ( -0.9900000000000004400, -2.149999999999999900, -4.000000000000000000 ) ) ;
#1098 = AXIS2_PLACEMENT_3D ( 'NONE', #569, #6439, #3239 ) ;
#1099 = VECTOR ( 'NONE', #5991, 999.9999999999998900 ) ;
#1100 = DIRECTION ( 'NONE',  ( 0.0000000000000000000, -1.000000000000000000, 0.0000000000000000000 ) ) ;
#1101 = CARTESIAN_POINT ( 'NONE',  ( -1.204557019264810100, -0.05000000000000000300, 1.648488889220254300 ) ) ;
#1102 = EDGE_CURVE ( 'NONE', #5635, #4004, #1047, .T. ) ;
#1103 = VERTEX_POINT ( 'NONE', #885 ) ;
#1104 = EDGE_LOOP ( 'NONE', ( #5464, #6618, #6428, #6351, #6664, #774 ) ) ;
#1105 = ORIENTED_EDGE ( 'NONE', *, *, #6421, .T. ) ;
#1106 = DIRECTION ( 'NONE',  ( -1.000000000000000000, 0.0000000000000000000, -0.0000000000000000000 ) ) ;
#1107 = EDGE_LOOP ( 'NONE', ( #2220, #2780, #650, #1727 ) ) ;
#1108 = PRESENTATION_STYLE_ASSIGNMENT (( #1526 ) ) ;
#1109 = DIRECTION ( 'NONE',  ( -0.0000000000000000000, -1.000000000000000000, -0.0000000000000000000 ) ) ;
#1110 = AXIS2_PLACEMENT_3D ( 'NONE', #6749, #915, #4619 ) ;
#1111 = ORIENTED_EDGE ( 'NONE', *, *, #674, .T. ) ;
#1112 = CARTESIAN_POINT ( 'NONE',  ( -0.3250000000000010700, -3.050000000000000300, -4.999999999999999100 ) ) ;
#1113 = CARTESIAN_POINT ( 'NONE',  ( -9.855445003483749700, -2.200000000000000200, 5.000000000000000900 ) ) ;
#1114 = DIRECTION ( 'NONE',  ( -1.000000000000000000, 0.0000000000000000000, -3.469446951953614200E-015 ) ) ;
#1115 = CARTESIAN_POINT ( 'NONE',  ( 2.879999999999999900, -2.149999999999999900, 5.000000000000000900 ) ) ;
#1116 = AXIS2_PLACEMENT_3D ( 'NONE', #4496, #1322, #5032 ) ;
#1117 = SURFACE_STYLE_FILL_AREA ( #5020 ) ;
#1118 = CARTESIAN_POINT ( 'NONE',  ( 0.4500000000000007900, -3.050000000000000300, -3.800000000000001200 ) ) ;
#1119 = VECTOR ( 'NONE', #4672, 1000.000000000000000 ) ;
#1120 = DIRECTION ( 'NONE',  ( -0.0000000000000000000, 0.0000000000000000000, 1.000000000000000000 ) ) ;
#1121 = DIRECTION ( 'NONE',  ( -0.6226431556950518000, 0.0000000000000000000, 0.7825059109464332900 ) ) ;
#1122 = DIRECTION ( 'NONE',  ( 1.000000000000000000, 0.0000000000000000000, -0.0000000000000000000 ) ) ;
#1123 = DIRECTION ( 'NONE',  ( -0.1736481776669218900, 0.0000000000000000000, 0.9848077530122094600 ) ) ;
#1124 = AXIS2_PLACEMENT_3D ( 'NONE', #5018, #1840, #5547 ) ;
#1125 = DIRECTION ( 'NONE',  ( 1.000000000000000000, 0.0000000000000000000, -1.807003620809176100E-016 ) ) ;
#1126 = EDGE_CURVE ( 'NONE', #2673, #6782, #2283, .T. ) ;
#1127 = VECTOR ( 'NONE', #6376, 1000.000000000000000 ) ;
#1128 = CARTESIAN_POINT ( 'NONE',  ( -3.205000000000001400, -3.050000000000000300, -4.999999999999999100 ) ) ;
#1129 = LINE ( 'NONE', #1616, #2352 ) ;
#1130 = VECTOR ( 'NONE', #5121, 1000.000000000000000 ) ;
#1131 = ORIENTED_EDGE ( 'NONE', *, *, #6817, .T. ) ;
#1132 = ORIENTED_EDGE ( 'NONE', *, *, #3823, .F. ) ;
#1133 = ORIENTED_EDGE ( 'NONE', *, *, #4084, .T. ) ;
#1134 = ORIENTED_EDGE ( 'NONE', *, *, #5346, .T. ) ;
#1135 = ORIENTED_EDGE ( 'NONE', *, *, #5939, .F. ) ;
#1136 = LINE ( 'NONE', #5624, #2539 ) ;
#1137 = DIRECTION ( 'NONE',  ( 0.0000000000000000000, 0.0000000000000000000, 1.000000000000000000 ) ) ;
#1138 = ORIENTED_EDGE ( 'NONE', *, *, #6667, .F. ) ;
#1139 = COLOUR_RGB ( '',1.000000000000000000, 1.000000000000000000, 1.000000000000000000 ) ;
#1140 = EDGE_LOOP ( 'NONE', ( #468, #6091, #1755, #314, #2855, #6752, #6670, #6844, #5185, #3544, #4191, #6383, #3388, #1715, #443, #5657, #5629, #1134, #3759, #852, #1187, #3612, #3157, #5267, #2537, #5160, #2262, #2591, #5006, #6049, #6686, #544, #3572, #2945, #5763, #4075, #3893, #6276, #4826, #6168, #6511, #611, #2811, #2463 ) ) ;
#1141 = DIRECTION ( 'NONE',  ( 1.000000000000000000, 0.0000000000000000000, -0.0000000000000000000 ) ) ;
#1142 = VECTOR ( 'NONE', #6859, 1000.000000000000000 ) ;
#1143 = CARTESIAN_POINT ( 'NONE',  ( -1.890000000000018300, -2.200000000000000200, 0.01782600801239272300 ) ) ;
#1144 = CARTESIAN_POINT ( 'NONE',  ( -3.450000000000000200, -3.000000000000000000, 3.800000000000001200 ) ) ;
#1145 = VERTEX_POINT ( 'NONE', #3547 ) ;
#1146 = DIRECTION ( 'NONE',  ( 0.0000000000000000000, 1.000000000000000000, 0.0000000000000000000 ) ) ;
#1147 = CARTESIAN_POINT ( 'NONE',  ( 0.6342806320775094000, -0.05000000000000000300, 1.585709217592539400 ) ) ;
#1148 = CARTESIAN_POINT ( 'NONE',  ( 3.330000000000001400, -3.050000000000000300, 3.800000000000000300 ) ) ;
#1149 = CARTESIAN_POINT ( 'NONE',  ( -2.880000000000001700, -3.050000000000000300, -5.000000000000002700 ) ) ;
#1150 = CYLINDRICAL_SURFACE ( 'NONE', #3748, 0.3249999999999997900 ) ;
#1151 = ORIENTED_EDGE ( 'NONE', *, *, #4476, .F. ) ;
#1152 = CLOSED_SHELL ( 'NONE', ( #1518, #5562, #965, #3482, #1796, #951, #1827, #4178 ) ) ;
#1153 = DIRECTION ( 'NONE',  ( 0.0000000000000000000, 0.0000000000000000000, 1.000000000000000000 ) ) ;
#1154 = VECTOR ( 'NONE', #5574, 1000.000000000000000 ) ;
#1155 = VERTEX_POINT ( 'NONE', #1945 ) ;
#1156 = ORIENTED_EDGE ( 'NONE', *, *, #4631, .F. ) ;
#1157 = ORIENTED_EDGE ( 'NONE', *, *, #5219, .F. ) ;
#1158 = MECHANICAL_DESIGN_GEOMETRIC_PRESENTATION_REPRESENTATION (  '', ( #435 ), #1509 ) ;
#1159 = SURFACE_STYLE_USAGE ( .BOTH. , #4326 ) ;
#1160 = CARTESIAN_POINT ( 'NONE',  ( -1.890000000000000800, -2.149999999999999900, 4.000000000000000000 ) ) ;
#1161 = EDGE_CURVE ( 'NONE', #391, #3136, #6373, .T. ) ;
#1162 = CARTESIAN_POINT ( 'NONE',  ( 0.4500000000000007300, -2.149999999999999900, 4.000000000000000000 ) ) ;
#1163 = CIRCLE ( 'NONE', #3075, 0.3249999999999997900 ) ;
#1164 = DIRECTION ( 'NONE',  ( -0.0000000000000000000, -1.000000000000000000, -0.0000000000000000000 ) ) ;
#1165 = CARTESIAN_POINT ( 'NONE',  ( 1.282632795428790400, -0.05000000000000000300, -0.07570895003121194700 ) ) ;
#1166 = DIRECTION ( 'NONE',  ( 1.000000000000000000, 0.0000000000000000000, 4.650144802115173900E-017 ) ) ;
#1167 = VERTEX_POINT ( 'NONE', #4074 ) ;
#1168 = CARTESIAN_POINT ( 'NONE',  ( -9.855445003483749700, -2.149999999999999900, 0.01782600801236681300 ) ) ;
#1169 = EDGE_CURVE ( 'NONE', #4347, #5773, #6191, .T. ) ;
#1170 = DIRECTION ( 'NONE',  ( -1.000000000000000000, 0.0000000000000000000, -0.0000000000000000000 ) ) ;
#1171 = DIRECTION ( 'NONE',  ( 0.0000000000000000000, 1.000000000000000000, 0.0000000000000000000 ) ) ;
#1172 = EDGE_CURVE ( 'NONE', #4338, #6558, #691, .T. ) ;
#1173 = EDGE_CURVE ( 'NONE', #4347, #1972, #4931, .T. ) ;
#1174 = EDGE_LOOP ( 'NONE', ( #1835, #3178, #4908, #750 ) ) ;
#1175 = LINE ( 'NONE', #4965, #1007 ) ;
#1176 = CARTESIAN_POINT ( 'NONE',  ( -1.827738750453014500, -0.05000000000000000300, 1.151588773425235900 ) ) ;
#1177 = ORIENTED_EDGE ( 'NONE', *, *, #6325, .T. ) ;
#1178 = DIRECTION ( 'NONE',  ( -1.445602896647339900E-015, 0.0000000000000000000, -1.000000000000000000 ) ) ;
#1179 = EDGE_CURVE ( 'NONE', #5947, #2387, #3350, .T. ) ;
#1180 = DIRECTION ( 'NONE',  ( 0.0000000000000000000, 1.000000000000000000, 0.0000000000000000000 ) ) ;
#1181 = PLANE ( 'NONE',  #5518 ) ;
#1182 = ORIENTED_EDGE ( 'NONE', *, *, #6647, .T. ) ;
#1183 = ORIENTED_EDGE ( 'NONE', *, *, #1886, .T. ) ;
#1184 = AXIS2_PLACEMENT_3D ( 'NONE', #4052, #880, #4578 ) ;
#1185 = PLANE ( 'NONE',  #4961 ) ;
#1186 = CARTESIAN_POINT ( 'NONE',  ( 1.940997838992588400, 0.0000000000000000000, -2.266436109437728800 ) ) ;
#1187 = ORIENTED_EDGE ( 'NONE', *, *, #4275, .T. ) ;
#1188 = DIRECTION ( 'NONE',  ( 3.686287386450711900E-015, 0.0000000000000000000, 1.000000000000000000 ) ) ;
#1189 = CARTESIAN_POINT ( 'NONE',  ( -0.6177775058068195600, -0.05000000000000000300, -1.679303097578362900 ) ) ;
#1190 = ORIENTED_EDGE ( 'NONE', *, *, #4534, .F. ) ;
#1191 = VECTOR ( 'NONE', #2978, 1000.000000000000000 ) ;
#1192 = VECTOR ( 'NONE', #2730, 1000.000000000000000 ) ;
#1193 = LINE ( 'NONE', #2880, #1029 ) ;
#1194 = VECTOR ( 'NONE', #1410, 1000.000000000000000 ) ;
#1195 = LINE ( 'NONE', #6835, #3851 ) ;
#1196 = ORIENTED_EDGE ( 'NONE', *, *, #5462, .F. ) ;
#1197 = EDGE_CURVE ( 'NONE', #878, #1230, #6027, .T. ) ;
#1198 = EDGE_CURVE ( 'NONE', #2253, #1361, #3193, .T. ) ;
#1199 = FILL_AREA_STYLE ('',( #1731 ) ) ;
#1200 = DIRECTION ( 'NONE',  ( 0.0000000000000000000, -0.0000000000000000000, 1.000000000000000000 ) ) ;
#1201 = ORIENTED_EDGE ( 'NONE', *, *, #6678, .F. ) ;
#1202 = DIRECTION ( 'NONE',  ( 0.0000000000000000000, 0.0000000000000000000, 1.000000000000000000 ) ) ;
#1203 = FACE_OUTER_BOUND ( 'NONE', #6621, .T. ) ;
#1204 = LINE ( 'NONE', #1484, #6365 ) ;
#1205 = SURFACE_STYLE_USAGE ( .BOTH. , #4376 ) ;
#1206 = LINE ( 'NONE', #505, #6534 ) ;
#1207 = LINE ( 'NONE', #787, #6691 ) ;
#1208 = VECTOR ( 'NONE', #4028, 1000.000000000000000 ) ;
#1209 = ORIENTED_EDGE ( 'NONE', *, *, #458, .F. ) ;
#1210 = PRESENTATION_LAYER_ASSIGNMENT (  '', '', ( #494 ) ) ;
#1211 = VERTEX_POINT ( 'NONE', #3599 ) ;
#1212 = AXIS2_PLACEMENT_3D ( 'NONE', #6339, #2094, #5822 ) ;
#1213 = DIRECTION ( 'NONE',  ( 0.0000000000000000000, 1.000000000000000000, 0.0000000000000000000 ) ) ;
#1214 = PRESENTATION_LAYER_ASSIGNMENT (  '', '', ( #497 ) ) ;
#1215 = EDGE_CURVE ( 'NONE', #3059, #5189, #4430, .T. ) ;
#1216 = DIRECTION ( 'NONE',  ( 0.0000000000000000000, -0.0000000000000000000, 1.000000000000000000 ) ) ;
#1217 = ORIENTED_EDGE ( 'NONE', *, *, #6198, .F. ) ;
#1218 = EDGE_CURVE ( 'NONE', #3679, #3674, #5865, .T. ) ;
#1219 = VECTOR ( 'NONE', #1531, 1000.000000000000000 ) ;
#1220 = CARTESIAN_POINT ( 'NONE',  ( -3.330000000000001000, -2.149999999999999900, 4.000000000000000000 ) ) ;
#1221 = ORIENTED_EDGE ( 'NONE', *, *, #2052, .F. ) ;
#1222 = LINE ( 'NONE', #6213, #2452 ) ;
#1223 = FACE_BOUND ( 'NONE', #5664, .T. ) ;
#1224 = CLOSED_SHELL ( 'NONE', ( #4122, #2003, #6216, #802, #3082, #2968, #1268, #423, #6231 ) ) ;
#1225 = LINE ( 'NONE', #328, #5287 ) ;
#1226 = ORIENTED_EDGE ( 'NONE', *, *, #5269, .T. ) ;
#1227 = CARTESIAN_POINT ( 'NONE',  ( -1.043860116843178900, -0.05000000000000000300, 1.840000000000000100 ) ) ;
#1228 = DIRECTION ( 'NONE',  ( -1.301042606982605300E-015, 0.0000000000000000000, -1.000000000000000000 ) ) ;
#1229 = FACE_OUTER_BOUND ( 'NONE', #4407, .T. ) ;
#1230 = VERTEX_POINT ( 'NONE', #5203 ) ;
#1231 = CARTESIAN_POINT ( 'NONE',  ( -3.450000000000000200, -3.000000000000000000, 5.000000000000000900 ) ) ;
#1232 = ORIENTED_EDGE ( 'NONE', *, *, #3185, .T. ) ;
#1233 = CARTESIAN_POINT ( 'NONE',  ( -9.855445003483749700, -2.200000000000000200, 5.000000000000000900 ) ) ;
#1234 = EDGE_CURVE ( 'NONE', #1961, #4607, #6118, .T. ) ;
#1235 = VERTEX_POINT ( 'NONE', #6796 ) ;
#1236 = ORIENTED_EDGE ( 'NONE', *, *, #3898, .T. ) ;
#1237 = LINE ( 'NONE', #3849, #3734 ) ;
#1238 = DIRECTION ( 'NONE',  ( 0.0000000000000000000, 0.0000000000000000000, 1.000000000000000000 ) ) ;
#1239 = CARTESIAN_POINT ( 'NONE',  ( 1.764999999999999700, -2.200000000000000200, 5.000000000000000900 ) ) ;
#1240 = LINE ( 'NONE', #4001, #310 ) ;
#1241 = LINE ( 'NONE', #2209, #3892 ) ;
#1242 = AXIS2_PLACEMENT_3D ( 'NONE', #185, #5495, #2324 ) ;
#1243 = ORIENTED_EDGE ( 'NONE', *, *, #6910, .T. ) ;
#1244 = UNCERTAINTY_MEASURE_WITH_UNIT (LENGTH_MEASURE( 1.000000000000000100E-005 ), #6765, 'distance_accuracy_value', 'NONE');
#1245 = ADVANCED_FACE ( 'NONE', ( #3290 ), #1374, .F. ) ;
#1246 = LINE ( 'NONE', #3099, #3743 ) ;
#1247 = AXIS2_PLACEMENT_3D ( 'NONE', #6542, #686, #4404 ) ;
#1248 = CARTESIAN_POINT ( 'NONE',  ( -0.4262663950270746400, 0.0000000000000000000, -1.839999999999997000 ) ) ;
#1249 = EDGE_LOOP ( 'NONE', ( #4298, #5927, #1489, #1911, #5564, #2746 ) ) ;
#1250 = SURFACE_STYLE_FILL_AREA ( #5205 ) ;
#1251 = AXIS2_PLACEMENT_3D ( 'NONE', #4328, #4862, #1693 ) ;
#1252 = CARTESIAN_POINT ( 'NONE',  ( -1.114999999999999800, -2.149999999999999900, 5.000000000000000900 ) ) ;
#1253 = SURFACE_SIDE_STYLE ('',( #3230 ) ) ;
#1254 = CARTESIAN_POINT ( 'NONE',  ( -1.224606353822377500E-015, -2.149999999999999900, -5.000000000000000900 ) ) ;
#1255 = FILL_AREA_STYLE_COLOUR ( '', #2544 ) ;
#1256 = AXIS2_PLACEMENT_3D ( 'NONE', #1810, #5511, #2334 ) ;
#1257 = FACE_OUTER_BOUND ( 'NONE', #3197, .T. ) ;
#1258 = AXIS2_PLACEMENT_3D ( 'NONE', #1147, #2208, #5924 ) ;
#1259 = EDGE_LOOP ( 'NONE', ( #2120, #1066, #6758, #899 ) ) ;
#1260 = VERTEX_POINT ( 'NONE', #4657 ) ;
#1261 = ORIENTED_EDGE ( 'NONE', *, *, #139, .F. ) ;
#1262 = PLANE ( 'NONE',  #5454 ) ;
#1263 = ORIENTED_EDGE ( 'NONE', *, *, #4890, .F. ) ;
#1264 = EDGE_CURVE ( 'NONE', #4562, #239, #471, .T. ) ;
#1265 = ORIENTED_EDGE ( 'NONE', *, *, #3661, .F. ) ;
#1266 = DIRECTION ( 'NONE',  ( 0.0000000000000000000, 1.000000000000000000, 0.0000000000000000000 ) ) ;
#1267 = SURFACE_SIDE_STYLE ('',( #3816 ) ) ;
#1268 = ADVANCED_FACE ( 'NONE', ( #1828 ), #4033, .T. ) ;
#1269 = LINE ( 'NONE', #1962, #6529 ) ;
#1270 = CARTESIAN_POINT ( 'NONE',  ( 1.764999999999999700, -3.050000000000000300, 5.000000000000000900 ) ) ;
#1271 = VECTOR ( 'NONE', #411, 1000.000000000000000 ) ;
#1272 = ORIENTED_EDGE ( 'NONE', *, *, #1173, .T. ) ;
#1273 =( NAMED_UNIT ( * ) PLANE_ANGLE_UNIT ( ) SI_UNIT ( $, .RADIAN. ) );
#1274 = AXIS2_PLACEMENT_3D ( 'NONE', #3534, #350, #4065 ) ;
#1275 = LINE ( 'NONE', #2643, #1127 ) ;
#1276 = LINE ( 'NONE', #1596, #2527 ) ;
#1277 = VECTOR ( 'NONE', #3462, 1000.000000000000000 ) ;
#1278 = DIRECTION ( 'NONE',  ( 1.000000000000000000, 0.0000000000000000000, -1.067730705296405600E-015 ) ) ;
#1279 = ORIENTED_EDGE ( 'NONE', *, *, #3330, .T. ) ;
#1280 = EDGE_CURVE ( 'NONE', #4103, #4171, #5967, .T. ) ;
#1281 = EDGE_LOOP ( 'NONE', ( #369, #1603, #4958, #4334, #5354, #5571, #4516 ) ) ;
#1282 = DIRECTION ( 'NONE',  ( 0.6427876096865400300, 0.0000000000000000000, -0.7660444431189774600 ) ) ;
#1283 = ORIENTED_EDGE ( 'NONE', *, *, #3914, .T. ) ;
#1284 = ORIENTED_EDGE ( 'NONE', *, *, #3448, .T. ) ;
#1285 = LINE ( 'NONE', #6677, #5360 ) ;
#1286 = VECTOR ( 'NONE', #20, 1000.000000000000000 ) ;
#1287 = ORIENTED_EDGE ( 'NONE', *, *, #440, .T. ) ;
#1288 = ORIENTED_EDGE ( 'NONE', *, *, #4371, .F. ) ;
#1289 = FACE_OUTER_BOUND ( 'NONE', #2440, .T. ) ;
#1290 = VERTEX_POINT ( 'NONE', #5637 ) ;
#1291 = DIRECTION ( 'NONE',  ( 1.000000000000000000, -0.0000000000000000000, 0.0000000000000000000 ) ) ;
#1292 = DIRECTION ( 'NONE',  ( 0.0000000000000000000, 0.0000000000000000000, -1.000000000000000000 ) ) ;
#1293 = VECTOR ( 'NONE', #4708, 1000.000000000000000 ) ;
#1294 = DIRECTION ( 'NONE',  ( 0.0000000000000000000, 1.000000000000000000, -0.0000000000000000000 ) ) ;
#1295 = DIRECTION ( 'NONE',  ( 0.0000000000000000000, 0.0000000000000000000, -1.000000000000000000 ) ) ;
#1296 = AXIS2_PLACEMENT_3D ( 'NONE', #472, #4175, #1004 ) ;
#1297 = DIRECTION ( 'NONE',  ( 0.0000000000000000000, 1.000000000000000000, 0.0000000000000000000 ) ) ;
#1298 = ADVANCED_FACE ( 'NONE', ( #3129 ), #2459, .F. ) ;
#1299 = DIRECTION ( 'NONE',  ( -0.0000000000000000000, -1.000000000000000000, 0.0000000000000000000 ) ) ;
#1300 = EDGE_CURVE ( 'NONE', #2412, #989, #5281, .T. ) ;
#1301 = EDGE_CURVE ( 'NONE', #5918, #276, #1222, .T. ) ;
#1302 = UNCERTAINTY_MEASURE_WITH_UNIT (LENGTH_MEASURE( 1.000000000000000100E-005 ), #3329, 'distance_accuracy_value', 'NONE');
#1303 = CARTESIAN_POINT ( 'NONE',  ( -3.450000000000000200, -2.200000000000000200, -4.000000000000000000 ) ) ;
#1304 = LINE ( 'NONE', #5901, #5210 ) ;
#1305 = ORIENTED_EDGE ( 'NONE', *, *, #5983, .F. ) ;
#1306 = ORIENTED_EDGE ( 'NONE', *, *, #6286, .T. ) ;
#1307 = ADVANCED_FACE ( 'NONE', ( #3869 ), #3717, .F. ) ;
#1308 = LINE ( 'NONE', #1900, #2384 ) ;
#1309 = CARTESIAN_POINT ( 'NONE',  ( -1.698248156788428400, 0.0000000000000000000, 2.540000000000000500 ) ) ;
#1310 = ORIENTED_EDGE ( 'NONE', *, *, #2487, .T. ) ;
#1311 = ORIENTED_EDGE ( 'NONE', *, *, #2148, .T. ) ;
#1312 = MECHANICAL_DESIGN_GEOMETRIC_PRESENTATION_REPRESENTATION (  '', ( #598 ), #1677 ) ;
#1313 = CARTESIAN_POINT ( 'NONE',  ( -8.358723224855744100, -0.05000000000000000300, -5.392625304991305800E-016 ) ) ;
#1314 = FILL_AREA_STYLE_COLOUR ( '', #2343 ) ;
#1315 = CARTESIAN_POINT ( 'NONE',  ( -0.5211717993440885300, -0.05000000000000000300, -0.3500000000000000300 ) ) ;
#1316 = EDGE_CURVE ( 'NONE', #4171, #4830, #6544, .T. ) ;
#1317 = CARTESIAN_POINT ( 'NONE',  ( -1.889999999999999900, -3.000000000000000400, 3.800000000000001200 ) ) ;
#1318 = VECTOR ( 'NONE', #1851, 1000.000000000000000 ) ;
#1319 = LINE ( 'NONE', #6403, #2567 ) ;
#1320 = CARTESIAN_POINT ( 'NONE',  ( -9.855445003483749700, -2.200000000000000200, -4.999999999999999100 ) ) ;
#1321 = EDGE_LOOP ( 'NONE', ( #670, #6254, #6629, #4947 ) ) ;
#1322 = DIRECTION ( 'NONE',  ( 0.0000000000000000000, 1.000000000000000000, 0.0000000000000000000 ) ) ;
#1323 = EDGE_CURVE ( 'NONE', #3115, #12, #5107, .T. ) ;
#1324 = EDGE_CURVE ( 'NONE', #2028, #5913, #2292, .T. ) ;
#1325 = ADVANCED_FACE ( 'NONE', ( #2123 ), #4106, .F. ) ;
#1326 =( LENGTH_UNIT ( ) NAMED_UNIT ( * ) SI_UNIT ( .MILLI., .METRE. ) );
#1327 = CARTESIAN_POINT ( 'NONE',  ( -1.889999999999999900, -3.050000000000000300, -3.800000000000001200 ) ) ;
#1328 = ORIENTED_EDGE ( 'NONE', *, *, #5548, .T. ) ;
#1329 = FACE_OUTER_BOUND ( 'NONE', #4251, .T. ) ;
#1330 =( GEOMETRIC_REPRESENTATION_CONTEXT ( 3 ) GLOBAL_UNCERTAINTY_ASSIGNED_CONTEXT ( ( #6574 ) ) GLOBAL_UNIT_ASSIGNED_CONTEXT ( ( #6805, #3611, #428 ) ) REPRESENTATION_CONTEXT ( 'NONE', 'WORKASPACE' ) );
#1331 = CARTESIAN_POINT ( 'NONE',  ( 1.890000000000015200, -2.149999999999999900, 0.01782600801232352200 ) ) ;
#1332 = EDGE_CURVE ( 'NONE', #2971, #6468, #1056, .T. ) ;
#1333 = PLANE ( 'NONE',  #942 ) ;
#1334 = DIRECTION ( 'NONE',  ( -1.000000000000000000, 0.0000000000000000000, -0.0000000000000000000 ) ) ;
#1335 = ORIENTED_EDGE ( 'NONE', *, *, #254, .T. ) ;
#1336 = VERTEX_POINT ( 'NONE', #3601 ) ;
#1337 = EDGE_CURVE ( 'NONE', #5014, #327, #4777, .T. ) ;
#1338 = ADVANCED_FACE ( 'NONE', ( #6208 ), #4661, .T. ) ;
#1339 = CARTESIAN_POINT ( 'NONE',  ( -0.9382855567520613800, -0.05000000000000000300, -5.421010862427522200E-017 ) ) ;
#1340 = CARTESIAN_POINT ( 'NONE',  ( 2.461714443247939000, 0.0000000000000000000, 2.140000000000001900 ) ) ;
#1341 = VERTEX_POINT ( 'NONE', #421 ) ;
#1342 = PLANE ( 'NONE',  #5049 ) ;
#1343 = ORIENTED_EDGE ( 'NONE', *, *, #6827, .F. ) ;
#1344 = CARTESIAN_POINT ( 'NONE',  ( -3.450000000000000200, -3.050000000000000300, 5.000000000000000900 ) ) ;
#1345 = EDGE_LOOP ( 'NONE', ( #5790, #1788, #2138, #6436 ) ) ;
#1346 = VECTOR ( 'NONE', #1893, 1000.000000000000000 ) ;
#1347 = VECTOR ( 'NONE', #1141, 1000.000000000000000 ) ;
#1348 = ORIENTED_EDGE ( 'NONE', *, *, #4733, .T. ) ;
#1349 = LINE ( 'NONE', #1248, #5419 ) ;
#1350 = SURFACE_STYLE_USAGE ( .BOTH. , #4533 ) ;
#1351 = CARTESIAN_POINT ( 'NONE',  ( 2.429999999999998400, -3.050000000000000300, -4.999999999999999100 ) ) ;
#1352 = PLANE ( 'NONE',  #2755 ) ;
#1353 = VECTOR ( 'NONE', #4050, 1000.000000000000000 ) ;
#1354 = VECTOR ( 'NONE', #4676, 1000.000000000000000 ) ;
#1355 = ORIENTED_EDGE ( 'NONE', *, *, #1324, .F. ) ;
#1356 = CARTESIAN_POINT ( 'NONE',  ( -1.889999999999999900, -3.050000000000000300, 3.800000000000001200 ) ) ;
#1357 = DIRECTION ( 'NONE',  ( -0.1736481776669216200, 0.0000000000000000000, 0.9848077530122095700 ) ) ;
#1358 = CARTESIAN_POINT ( 'NONE',  ( -0.4500000000000001800, -3.050000000000000300, -3.800000000000001200 ) ) ;
#1359 = ADVANCED_FACE ( 'NONE', ( #541 ), #2021, .T. ) ;
#1360 = EDGE_LOOP ( 'NONE', ( #21, #2284, #2142, #3198 ) ) ;
#1361 = VERTEX_POINT ( 'NONE', #6279 ) ;
#1362 = VECTOR ( 'NONE', #1838, 999.9999999999998900 ) ;
#1363 = ORIENTED_EDGE ( 'NONE', *, *, #2462, .F. ) ;
#1364 =( NAMED_UNIT ( * ) PLANE_ANGLE_UNIT ( ) SI_UNIT ( $, .RADIAN. ) );
#1365 = VECTOR ( 'NONE', #4168, 1000.000000000000000 ) ;
#1366 = CIRCLE ( 'NONE', #395, 0.3249999999999997900 ) ;
#1367 = VECTOR ( 'NONE', #2959, 1000.000000000000000 ) ;
#1368 = CARTESIAN_POINT ( 'NONE',  ( 3.450000000000000200, -2.200000000000000200, -4.000000000000000000 ) ) ;
#1369 = ORIENTED_EDGE ( 'NONE', *, *, #627, .F. ) ;
#1370 = DIRECTION ( 'NONE',  ( 2.222614453595282500E-015, 0.0000000000000000000, 1.000000000000000000 ) ) ;
#1371 = CIRCLE ( 'NONE', #895, 0.3249999999999997900 ) ;
#1372 = ORIENTED_EDGE ( 'NONE', *, *, #3200, .T. ) ;
#1373 = SURFACE_STYLE_USAGE ( .BOTH. , #4544 ) ;
#1374 = PLANE ( 'NONE',  #6134 ) ;
#1375 = DIRECTION ( 'NONE',  ( -0.0000000000000000000, 1.000000000000000000, 0.0000000000000000000 ) ) ;
#1376 = LINE ( 'NONE', #6297, #2946 ) ;
#1377 = ADVANCED_FACE ( 'NONE', ( #6038 ), #3630, .F. ) ;
#1378 = VERTEX_POINT ( 'NONE', #991 ) ;
#1379 = LINE ( 'NONE', #1985, #2787 ) ;
#1380 = LINE ( 'NONE', #4018, #6708 ) ;
#1381 = ORIENTED_EDGE ( 'NONE', *, *, #3833, .F. ) ;
#1382 = LINE ( 'NONE', #1869, #6888 ) ;
#1383 = CARTESIAN_POINT ( 'NONE',  ( -2.797743340709549100, -0.05000000000000000300, -4.666216169771398200 ) ) ;
#1384 = DIRECTION ( 'NONE',  ( -1.000000000000000000, 0.0000000000000000000, 3.614007241618349800E-016 ) ) ;
#1385 = PLANE ( 'NONE',  #4179 ) ;
#1386 = CARTESIAN_POINT ( 'NONE',  ( 2.461714443247939000, -0.05000000000000000300, 1.740000000000001100 ) ) ;
#1387 = CARTESIAN_POINT ( 'NONE',  ( -9.855445003483749700, -2.200000000000000200, 4.000000000000000000 ) ) ;
#1388 = ORIENTED_EDGE ( 'NONE', *, *, #2129, .F. ) ;
#1389 = STYLED_ITEM ( 'NONE', ( #690 ), #252 ) ;
#1390 = ORIENTED_EDGE ( 'NONE', *, *, #4721, .T. ) ;
#1391 = DIRECTION ( 'NONE',  ( 1.000000000000000000, 0.0000000000000000000, -0.0000000000000000000 ) ) ;
#1392 = ORIENTED_EDGE ( 'NONE', *, *, #3456, .F. ) ;
#1393 = VECTOR ( 'NONE', #5982, 1000.000000000000000 ) ;
#1394 = DIRECTION ( 'NONE',  ( 0.0000000000000000000, 1.000000000000000000, 0.0000000000000000000 ) ) ;
#1395 = CARTESIAN_POINT ( 'NONE',  ( 0.3249999999999986800, -2.200000000000000200, -4.999999999999999100 ) ) ;
#1396 = DIRECTION ( 'NONE',  ( 0.0000000000000000000, 0.0000000000000000000, -1.000000000000000000 ) ) ;
#1397 = FILL_AREA_STYLE_COLOUR ( '', #3484 ) ;
#1398 = UNCERTAINTY_MEASURE_WITH_UNIT (LENGTH_MEASURE( 1.000000000000000100E-005 ), #6305, 'distance_accuracy_value', 'NONE');
#1399 = EDGE_CURVE ( 'NONE', #2883, #1771, #703, .T. ) ;
#1400 = ADVANCED_FACE ( 'NONE', ( #1959 ), #1706, .T. ) ;
#1401 = CARTESIAN_POINT ( 'NONE',  ( -8.358723224855744100, -0.05000000000000000300, -1.839999999999994500 ) ) ;
#1402 = LINE ( 'NONE', #2687, #4053 ) ;
#1403 = VERTEX_POINT ( 'NONE', #5231 ) ;
#1404 = FILL_AREA_STYLE ('',( #2802 ) ) ;
#1405 = VECTOR ( 'NONE', #2444, 1000.000000000000000 ) ;
#1406 = DIRECTION ( 'NONE',  ( -0.7660444431189774600, 0.0000000000000000000, 0.6427876096865398100 ) ) ;
#1407 = DIRECTION ( 'NONE',  ( -1.000000000000000000, -0.0000000000000000000, -0.0000000000000000000 ) ) ;
#1408 = ORIENTED_EDGE ( 'NONE', *, *, #6483, .F. ) ;
#1409 = CARTESIAN_POINT ( 'NONE',  ( -1.115000000000000200, -2.200000000000000200, 5.000000000000000900 ) ) ;
#1410 = DIRECTION ( 'NONE',  ( -1.000000000000000000, 0.0000000000000000000, -0.0000000000000000000 ) ) ;
#1411 = ADVANCED_FACE ( 'NONE', ( #4605 ), #6497, .T. ) ;
#1412 = FILL_AREA_STYLE_COLOUR ( '', #3780 ) ;
#1413 = MECHANICAL_DESIGN_GEOMETRIC_PRESENTATION_REPRESENTATION (  '', ( #687 ), #1765 ) ;
#1414 = CARTESIAN_POINT ( 'NONE',  ( -3.450000000000000200, -3.000000000000000000, 5.000000000000000900 ) ) ;
#1415 = VERTEX_POINT ( 'NONE', #442 ) ;
#1416 = DIRECTION ( 'NONE',  ( -0.0000000000000000000, 0.0000000000000000000, 1.000000000000000000 ) ) ;
#1417 = CARTESIAN_POINT ( 'NONE',  ( 3.450000000000000600, 0.0000000000000000000, 4.000000000000000000 ) ) ;
#1418 = FACE_OUTER_BOUND ( 'NONE', #3218, .T. ) ;
#1419 = CARTESIAN_POINT ( 'NONE',  ( 2.555000000000000200, -2.200000000000000200, 5.000000000000000900 ) ) ;
#1420 = EDGE_CURVE ( 'NONE', #3326, #4103, #1791, .T. ) ;
#1421 = EDGE_CURVE ( 'NONE', #1460, #5014, #3205, .T. ) ;
#1422 = DIRECTION ( 'NONE',  ( -0.7660444431189776800, 0.0000000000000000000, 0.6427876096865398100 ) ) ;
#1423 = EDGE_CURVE ( 'NONE', #2227, #5740, #3034, .T. ) ;
#1424 = DIRECTION ( 'NONE',  ( -0.0000000000000000000, -1.000000000000000000, -0.0000000000000000000 ) ) ;
#1425 = FACE_OUTER_BOUND ( 'NONE', #2619, .T. ) ;
#1426 = VERTEX_POINT ( 'NONE', #1189 ) ;
#1427 = ORIENTED_EDGE ( 'NONE', *, *, #3322, .F. ) ;
#1428 = STYLED_ITEM ( 'NONE', ( #5173 ), #6739 ) ;
#1429 = AXIS2_PLACEMENT_3D ( 'NONE', #6212, #3012, #6744 ) ;
#1430 = VERTEX_POINT ( 'NONE', #2785 ) ;
#1431 = CARTESIAN_POINT ( 'NONE',  ( 3.329999999999999600, -2.200000000000000200, 4.000000000000000000 ) ) ;
#1432 = DIRECTION ( 'NONE',  ( -0.0000000000000000000, -1.000000000000000000, -0.0000000000000000000 ) ) ;
#1433 = DIRECTION ( 'NONE',  ( -1.000000000000000000, 0.0000000000000000000, -0.0000000000000000000 ) ) ;
#1434 = EDGE_CURVE ( 'NONE', #6619, #3627, #4285, .T. ) ;
#1435 = EDGE_CURVE ( 'NONE', #3937, #3800, #1635, .T. ) ;
#1436 = CARTESIAN_POINT ( 'NONE',  ( -3.450000000000000200, -3.050000000000000300, 5.000000000000000900 ) ) ;
#1437 = ORIENTED_EDGE ( 'NONE', *, *, #1528, .F. ) ;
#1438 = ORIENTED_EDGE ( 'NONE', *, *, #2665, .F. ) ;
#1439 = CARTESIAN_POINT ( 'NONE',  ( 0.4499999999999990100, -2.149999999999999900, 0.01782600801236681300 ) ) ;
#1440 = ADVANCED_FACE ( 'NONE', ( #1468 ), #5451, .T. ) ;
#1441 = VERTEX_POINT ( 'NONE', #4910 ) ;
#1442 = CARTESIAN_POINT ( 'NONE',  ( 0.9900000000000024300, -3.050000000000000300, -9.591503366463465200 ) ) ;
#1443 = CARTESIAN_POINT ( 'NONE',  ( -1.889999999999999900, -3.050000000000000300, -3.800000000000001200 ) ) ;
#1444 = CARTESIAN_POINT ( 'NONE',  ( -0.4262663950270749700, -0.05000000000000000300, -1.839999999999997000 ) ) ;
#1445 = VECTOR ( 'NONE', #302, 1000.000000000000000 ) ;
#1446 = CARTESIAN_POINT ( 'NONE',  ( -9.855445003483749700, -2.149999999999999900, -4.999999999999999100 ) ) ;
#1447 = LINE ( 'NONE', #3590, #5497 ) ;
#1448 = ORIENTED_EDGE ( 'NONE', *, *, #4007, .F. ) ;
#1449 = ADVANCED_FACE ( 'NONE', ( #5697 ), #3877, .T. ) ;
#1450 = CARTESIAN_POINT ( 'NONE',  ( -3.450000000000000200, 0.0000000000000000000, -0.3500000000000004800 ) ) ;
#1451 = DIRECTION ( 'NONE',  ( 0.0000000000000000000, 1.000000000000000000, 0.0000000000000000000 ) ) ;
#1452 = LINE ( 'NONE', #5812, #5502 ) ;
#1453 = EDGE_CURVE ( 'NONE', #6267, #2911, #2705, .T. ) ;
#1454 = VECTOR ( 'NONE', #3677, 1000.000000000000000 ) ;
#1455 = LINE ( 'NONE', #2418, #4099 ) ;
#1456 = ORIENTED_EDGE ( 'NONE', *, *, #3902, .F. ) ;
#1457 = CARTESIAN_POINT ( 'NONE',  ( 1.889999999999999200, -2.149999999999999900, 5.000000000000000900 ) ) ;
#1458 = CARTESIAN_POINT ( 'NONE',  ( 0.9899999999999999900, -3.000000000000000400, 3.799999999999999800 ) ) ;
#1459 = DIRECTION ( 'NONE',  ( 0.1736481776669208900, 0.0000000000000000000, -0.9848077530122096900 ) ) ;
#1460 = VERTEX_POINT ( 'NONE', #1760 ) ;
#1461 = VERTEX_POINT ( 'NONE', #6023 ) ;
#1462 = CARTESIAN_POINT ( 'NONE',  ( -1.957752890125069100, -0.05000000000000000300, 2.280495266663355600 ) ) ;
#1463 = VECTOR ( 'NONE', #2176, 999.9999999999998900 ) ;
#1464 = DIRECTION ( 'NONE',  ( -0.0000000000000000000, -1.000000000000000000, -0.0000000000000000000 ) ) ;
#1465 = VERTEX_POINT ( 'NONE', #2821 ) ;
#1466 = ORIENTED_EDGE ( 'NONE', *, *, #1172, .T. ) ;
#1467 = CARTESIAN_POINT ( 'NONE',  ( -0.4500000000000007300, -2.200000000000000200, 4.000000000000000000 ) ) ;
#1468 = FACE_OUTER_BOUND ( 'NONE', #6290, .T. ) ;
#1469 = PRESENTATION_STYLE_ASSIGNMENT (( #4761 ) ) ;
#1470 = ORIENTED_EDGE ( 'NONE', *, *, #6907, .F. ) ;
#1471 = VECTOR ( 'NONE', #6814, 1000.000000000000000 ) ;
#1472 = CARTESIAN_POINT ( 'NONE',  ( -2.429999999999999700, -2.200000000000000200, 4.000000000000000000 ) ) ;
#1473 = AXIS2_PLACEMENT_3D ( 'NONE', #761, #6086, #2894 ) ;
#1474 = CARTESIAN_POINT ( 'NONE',  ( -3.450000000000000200, -3.000000000000000000, -4.999999999999999100 ) ) ;
#1475 = DIRECTION ( 'NONE',  ( -1.000000000000000000, 0.0000000000000000000, -0.0000000000000000000 ) ) ;
#1476 = DIRECTION ( 'NONE',  ( -0.0000000000000000000, -1.000000000000000000, -0.0000000000000000000 ) ) ;
#1477 = VECTOR ( 'NONE', #654, 1000.000000000000100 ) ;
#1478 = ADVANCED_FACE ( 'NONE', ( #1289 ), #4939, .F. ) ;
#1479 = ORIENTED_EDGE ( 'NONE', *, *, #3212, .F. ) ;
#1480 = CARTESIAN_POINT ( 'NONE',  ( 1.043860116843173600, -0.05000000000000000300, -1.839999999999997400 ) ) ;
#1481 = SURFACE_SIDE_STYLE ('',( #4239 ) ) ;
#1482 = VERTEX_POINT ( 'NONE', #1220 ) ;
#1483 = EDGE_CURVE ( 'NONE', #5355, #2454, #6792, .T. ) ;
#1484 = CARTESIAN_POINT ( 'NONE',  ( 3.450000000000000200, -3.000000000000000000, -4.999999999999999100 ) ) ;
#1485 = EDGE_LOOP ( 'NONE', ( #4441, #6721, #2378, #5407, #990, #2656 ) ) ;
#1486 = CYLINDRICAL_SURFACE ( 'NONE', #4452, 0.3249999999999997900 ) ;
#1487 = CARTESIAN_POINT ( 'NONE',  ( -1.890000000000000300, -3.000000000000000000, -4.999999999999999100 ) ) ;
#1488 = DIRECTION ( 'NONE',  ( -0.0000000000000000000, -1.000000000000000000, -0.0000000000000000000 ) ) ;
#1489 = ORIENTED_EDGE ( 'NONE', *, *, #3569, .T. ) ;
#1490 = VERTEX_POINT ( 'NONE', #1789 ) ;
#1491 = ADVANCED_FACE ( 'NONE', ( #5520 ), #6044, .T. ) ;
#1492 = CARTESIAN_POINT ( 'NONE',  ( -1.537150042257975800, -0.05000000000000000300, -0.4964216843475572900 ) ) ;
#1493 = LINE ( 'NONE', #1344, #4141 ) ;
#1494 = CARTESIAN_POINT ( 'NONE',  ( -3.450000000000000200, -2.200000000000000200, -4.000000000000000000 ) ) ;
#1495 = CARTESIAN_POINT ( 'NONE',  ( -9.855445003483749700, -2.149999999999999900, 4.000000000000000000 ) ) ;
#1496 = FACE_OUTER_BOUND ( 'NONE', #2115, .T. ) ;
#1497 = DIRECTION ( 'NONE',  ( 0.0000000000000000000, 0.0000000000000000000, -1.000000000000000000 ) ) ;
#1498 = EDGE_LOOP ( 'NONE', ( #5492, #3884, #1675, #5241, #1311, #2556 ) ) ;
#1499 = DIRECTION ( 'NONE',  ( -1.000000000000000000, -0.0000000000000000000, -0.0000000000000000000 ) ) ;
#1500 = DIRECTION ( 'NONE',  ( 1.000000000000000000, 0.0000000000000000000, -0.0000000000000000000 ) ) ;
#1501 = MANIFOLD_SOLID_BREP ( 'Imported2', #2577 ) ;
#1502 = DIRECTION ( 'NONE',  ( -1.000000000000000000, 0.0000000000000000000, 0.0000000000000000000 ) ) ;
#1503 = AXIS2_PLACEMENT_3D ( 'NONE', #3761, #2711, #6441 ) ;
#1504 = CARTESIAN_POINT ( 'NONE',  ( 0.4499999999999903500, -2.200000000000000200, 0.01782600801238971900 ) ) ;
#1505 = ORIENTED_EDGE ( 'NONE', *, *, #2886, .F. ) ;
#1506 = DIRECTION ( 'NONE',  ( 1.000000000000000000, 0.0000000000000000000, -0.0000000000000000000 ) ) ;
#1507 = ADVANCED_FACE ( 'NONE', ( #5367 ), #4425, .F. ) ;
#1508 = LINE ( 'NONE', #4133, #2899 ) ;
#1509 =( GEOMETRIC_REPRESENTATION_CONTEXT ( 3 ) GLOBAL_UNCERTAINTY_ASSIGNED_CONTEXT ( ( #3191 ) ) GLOBAL_UNIT_ASSIGNED_CONTEXT ( ( #1597, #5303, #2121 ) ) REPRESENTATION_CONTEXT ( 'NONE', 'WORKASPACE' ) );
#1510 = ORIENTED_EDGE ( 'NONE', *, *, #3995, .F. ) ;
#1511 = DIRECTION ( 'NONE',  ( -0.0000000000000000000, -1.000000000000000000, -0.0000000000000000000 ) ) ;
#1512 = ORIENTED_EDGE ( 'NONE', *, *, #3332, .F. ) ;
#1513 = DIRECTION ( 'NONE',  ( 1.000000000000000000, -0.0000000000000000000, 0.0000000000000000000 ) ) ;
#1514 = CARTESIAN_POINT ( 'NONE',  ( -3.330000000000005000, -2.200000000000000200, -4.000000000000000000 ) ) ;
#1515 = EDGE_CURVE ( 'NONE', #5527, #2417, #4356, .T. ) ;
#1516 = AXIS2_PLACEMENT_3D ( 'NONE', #1825, #244, #3954 ) ;
#1517 = DIRECTION ( 'NONE',  ( -0.7660444431189766800, 0.0000000000000000000, 0.6427876096865409200 ) ) ;
#1518 = ADVANCED_FACE ( 'NONE', ( #1548 ), #6590, .T. ) ;
#1519 = ORIENTED_EDGE ( 'NONE', *, *, #5065, .F. ) ;
#1520 = ORIENTED_EDGE ( 'NONE', *, *, #6817, .F. ) ;
#1521 = EDGE_CURVE ( 'NONE', #3800, #3506, #2940, .T. ) ;
#1522 = EDGE_LOOP ( 'NONE', ( #692, #917, #199, #5086, #1958, #1390 ) ) ;
#1523 = ORIENTED_EDGE ( 'NONE', *, *, #3802, .F. ) ;
#1524 = AXIS2_PLACEMENT_3D ( 'NONE', #1053, #3158, #1590 ) ;
#1525 = DIRECTION ( 'NONE',  ( -0.0000000000000000000, 1.000000000000000000, 0.0000000000000000000 ) ) ;
#1526 = SURFACE_STYLE_USAGE ( .BOTH. , #4698 ) ;
#1527 = DIRECTION ( 'NONE',  ( -0.0000000000000000000, -1.000000000000000000, 0.0000000000000000000 ) ) ;
#1528 = EDGE_CURVE ( 'NONE', #4607, #5659, #4198, .T. ) ;
#1529 = VECTOR ( 'NONE', #1092, 1000.000000000000000 ) ;
#1530 = EDGE_CURVE ( 'NONE', #5695, #3115, #2779, .T. ) ;
#1531 = DIRECTION ( 'NONE',  ( -0.0000000000000000000, -1.000000000000000000, -0.0000000000000000000 ) ) ;
#1532 = VERTEX_POINT ( 'NONE', #2340 ) ;
#1533 = DIRECTION ( 'NONE',  ( 0.0000000000000000000, 1.000000000000000000, -0.0000000000000000000 ) ) ;
#1534 = VECTOR ( 'NONE', #5479, 1000.000000000000000 ) ;
#1535 = COLOUR_RGB ( '',1.000000000000000000, 0.7529411764705882200, 0.0000000000000000000 ) ;
#1536 = LINE ( 'NONE', #849, #1702 ) ;
#1537 = CARTESIAN_POINT ( 'NONE',  ( 1.115000000000000200, -3.050000000000000300, 5.000000000000000900 ) ) ;
#1538 = LINE ( 'NONE', #1492, #113 ) ;
#1539 = ORIENTED_EDGE ( 'NONE', *, *, #5937, .F. ) ;
#1540 = EDGE_CURVE ( 'NONE', #5452, #1707, #1366, .T. ) ;
#1541 = CARTESIAN_POINT ( 'NONE',  ( 0.9900000000000024300, -3.000000000000000000, -9.591503366463465200 ) ) ;
#1542 = ORIENTED_EDGE ( 'NONE', *, *, #6088, .T. ) ;
#1543 = ORIENTED_EDGE ( 'NONE', *, *, #4032, .F. ) ;
#1544 = ORIENTED_EDGE ( 'NONE', *, *, #1786, .T. ) ;
#1545 = VECTOR ( 'NONE', #2346, 1000.000000000000000 ) ;
#1546 = FACE_OUTER_BOUND ( 'NONE', #41, .T. ) ;
#1547 = VECTOR ( 'NONE', #2599, 1000.000000000000000 ) ;
#1548 = FACE_OUTER_BOUND ( 'NONE', #1522, .T. ) ;
#1549 = DIRECTION ( 'NONE',  ( 0.0000000000000000000, 1.000000000000000000, 0.0000000000000000000 ) ) ;
#1550 = STYLED_ITEM ( 'NONE', ( #2353 ), #5351 ) ;
#1551 = ADVANCED_FACE ( 'NONE', ( #5593 ), #4475, .F. ) ;
#1552 = ORIENTED_EDGE ( 'NONE', *, *, #5831, .T. ) ;
#1553 = VECTOR ( 'NONE', #2157, 1000.000000000000000 ) ;
#1554 = ORIENTED_EDGE ( 'NONE', *, *, #5458, .T. ) ;
#1555 = LINE ( 'NONE', #978, #2784 ) ;
#1556 = CARTESIAN_POINT ( 'NONE',  ( -0.3250000000000008400, -2.200000000000000200, -4.999999999999999100 ) ) ;
#1557 = ORIENTED_EDGE ( 'NONE', *, *, #6481, .F. ) ;
#1558 = LINE ( 'NONE', #5668, #294 ) ;
#1559 = DIRECTION ( 'NONE',  ( 0.0000000000000000000, 0.0000000000000000000, 1.000000000000000000 ) ) ;
#1560 = CARTESIAN_POINT ( 'NONE',  ( 0.9899999999999822300, -2.149999999999999900, 0.01782600801240209100 ) ) ;
#1561 = LINE ( 'NONE', #258, #135 ) ;
#1562 = CARTESIAN_POINT ( 'NONE',  ( 3.330000000000013400, -2.149999999999999900, 0.01782600801231534700 ) ) ;
#1563 = CARTESIAN_POINT ( 'NONE',  ( -2.429999999999999700, -3.000000000000000000, -4.999999999999999100 ) ) ;
#1564 = DIRECTION ( 'NONE',  ( -0.1736481776669218900, 0.0000000000000000000, 0.9848077530122094600 ) ) ;
#1565 = EDGE_CURVE ( 'NONE', #5170, #6619, #5431, .T. ) ;
#1566 = EDGE_CURVE ( 'NONE', #2606, #6359, #1207, .T. ) ;
#1567 = CARTESIAN_POINT ( 'NONE',  ( 0.9552187682305396400, 0.0000000000000000000, 2.470380891076456600 ) ) ;
#1568 = DIRECTION ( 'NONE',  ( 0.0000000000000000000, 0.0000000000000000000, 1.000000000000000000 ) ) ;
#1569 = ORIENTED_EDGE ( 'NONE', *, *, #3663, .F. ) ;
#1570 = ORIENTED_EDGE ( 'NONE', *, *, #1399, .F. ) ;
#1571 = ORIENTED_EDGE ( 'NONE', *, *, #2013, .T. ) ;
#1572 = EDGE_LOOP ( 'NONE', ( #1646, #3257, #5718, #658, #2907, #90 ) ) ;
#1573 = CARTESIAN_POINT ( 'NONE',  ( 0.4500000000000009000, -3.050000000000000300, 3.800000000000001200 ) ) ;
#1574 = MECHANICAL_DESIGN_GEOMETRIC_PRESENTATION_REPRESENTATION (  '', ( #494 ), #1912 ) ;
#1575 = VECTOR ( 'NONE', #581, 1000.000000000000000 ) ;
#1576 = MECHANICAL_DESIGN_GEOMETRIC_PRESENTATION_REPRESENTATION (  '', ( #497 ), #1915 ) ;
#1577 = EDGE_CURVE ( 'NONE', #5427, #5429, #2613, .T. ) ;
#1578 = DIRECTION ( 'NONE',  ( 0.0000000000000000000, 1.000000000000000000, 0.0000000000000000000 ) ) ;
#1579 = EDGE_CURVE ( 'NONE', #5556, #4487, #5272, .T. ) ;
#1580 = PLANE ( 'NONE',  #1212 ) ;
#1581 = VECTOR ( 'NONE', #5336, 1000.000000000000000 ) ;
#1582 = ORIENTED_EDGE ( 'NONE', *, *, #1565, .T. ) ;
#1583 = CARTESIAN_POINT ( 'NONE',  ( -0.5211717993440885300, -0.05000000000000000300, -0.3500000000000000300 ) ) ;
#1584 = DIRECTION ( 'NONE',  ( 0.0000000000000000000, -0.0000000000000000000, -1.000000000000000000 ) ) ;
#1585 = DIRECTION ( 'NONE',  ( -0.0000000000000000000, -1.000000000000000000, -0.0000000000000000000 ) ) ;
#1586 = CARTESIAN_POINT ( 'NONE',  ( 0.6446006858399665500, -0.05000000000000000300, 0.3499999999999999200 ) ) ;
#1587 = FACE_OUTER_BOUND ( 'NONE', #5757, .T. ) ;
#1588 = CARTESIAN_POINT ( 'NONE',  ( -0.6177775058068190100, -0.05000000000000000300, -1.679303097578362500 ) ) ;
#1589 = VERTEX_POINT ( 'NONE', #3447 ) ;
#1590 = DIRECTION ( 'NONE',  ( -0.7660444431189773500, 0.0000000000000000000, 0.6427876096865401400 ) ) ;
#1591 = CARTESIAN_POINT ( 'NONE',  ( 3.204999999999999600, -2.200000000000000200, 5.000000000000000900 ) ) ;
#1592 = EDGE_CURVE ( 'NONE', #2947, #5274, #5094, .T. ) ;
#1593 = VERTEX_POINT ( 'NONE', #810 ) ;
#1594 = LINE ( 'NONE', #6750, #162 ) ;
#1595 = ORIENTED_EDGE ( 'NONE', *, *, #6764, .T. ) ;
#1596 = CARTESIAN_POINT ( 'NONE',  ( 2.429999999999997500, -3.000000000000000000, -4.999999999999999100 ) ) ;
#1597 =( LENGTH_UNIT ( ) NAMED_UNIT ( * ) SI_UNIT ( .MILLI., .METRE. ) );
#1598 = PLANE ( 'NONE',  #2630 ) ;
#1599 = LINE ( 'NONE', #4615, #4405 ) ;
#1600 = STYLED_ITEM ( 'NONE', ( #3499 ), #6137 ) ;
#1601 = DIRECTION ( 'NONE',  ( -1.000000000000000000, 0.0000000000000000000, -0.0000000000000000000 ) ) ;
#1602 = DIRECTION ( 'NONE',  ( 1.000000000000000000, 0.0000000000000000000, -0.0000000000000000000 ) ) ;
#1603 = ORIENTED_EDGE ( 'NONE', *, *, #630, .T. ) ;
#1604 = ORIENTED_EDGE ( 'NONE', *, *, #264, .F. ) ;
#1605 = ORIENTED_EDGE ( 'NONE', *, *, #5946, .F. ) ;
#1606 = DIRECTION ( 'NONE',  ( -0.0000000000000000000, -1.000000000000000000, 0.0000000000000000000 ) ) ;
#1607 = CARTESIAN_POINT ( 'NONE',  ( -1.043860116843177100, -0.05000000000000000300, 1.839999999999999900 ) ) ;
#1608 = DIRECTION ( 'NONE',  ( -3.252606517456513300E-015, 0.0000000000000000000, 1.000000000000000000 ) ) ;
#1609 = ORIENTED_EDGE ( 'NONE', *, *, #913, .T. ) ;
#1610 = ORIENTED_EDGE ( 'NONE', *, *, #3538, .T. ) ;
#1611 = DIRECTION ( 'NONE',  ( -1.000000000000000000, 0.0000000000000000000, 1.807003620809174900E-016 ) ) ;
#1612 = VECTOR ( 'NONE', #2951, 1000.000000000000000 ) ;
#1613 = FACE_OUTER_BOUND ( 'NONE', #4194, .T. ) ;
#1614 = FACE_OUTER_BOUND ( 'NONE', #2305, .T. ) ;
#1615 = CLOSED_SHELL ( 'NONE', ( #5209, #4112, #2954, #211, #5650, #3411, #1449, #6669 ) ) ;
#1616 = CARTESIAN_POINT ( 'NONE',  ( -9.855445003483749700, -2.200000000000000200, 4.000000000000000000 ) ) ;
#1617 = AXIS2_PLACEMENT_3D ( 'NONE', #1742, #3876, #682 ) ;
#1618 = PLANE ( 'NONE',  #3328 ) ;
#1619 = VECTOR ( 'NONE', #1564, 1000.000000000000100 ) ;
#1620 = VECTOR ( 'NONE', #4694, 1000.000000000000000 ) ;
#1621 = LINE ( 'NONE', #5042, #4271 ) ;
#1622 = CARTESIAN_POINT ( 'NONE',  ( -3.450000000000000200, -3.050000000000000300, -4.999999999999999100 ) ) ;
#1623 = VECTOR ( 'NONE', #4031, 1000.000000000000000 ) ;
#1624 = CARTESIAN_POINT ( 'NONE',  ( 2.429999999999980600, -2.149999999999999900, 0.01782600801240943500 ) ) ;
#1625 = CARTESIAN_POINT ( 'NONE',  ( -1.890000000000004100, -2.149999999999999900, -4.000000000000000000 ) ) ;
#1626 = ORIENTED_EDGE ( 'NONE', *, *, #947, .F. ) ;
#1627 = VERTEX_POINT ( 'NONE', #6115 ) ;
#1628 = ORIENTED_EDGE ( 'NONE', *, *, #2995, .T. ) ;
#1629 = EDGE_LOOP ( 'NONE', ( #675, #1020, #3421, #157, #3880, #4444, #1226 ) ) ;
#1630 = VECTOR ( 'NONE', #2677, 1000.000000000000000 ) ;
#1631 = ORIENTED_EDGE ( 'NONE', *, *, #934, .T. ) ;
#1632 = DIRECTION ( 'NONE',  ( 0.0000000000000000000, 1.000000000000000000, -0.0000000000000000000 ) ) ;
#1634 = EDGE_CURVE ( 'NONE', #4276, #2989, #4013, .T. ) ;
#1633 = VERTEX_POINT ( 'NONE', #5051 ) ;
#1635 = LINE ( 'NONE', #140, #5875 ) ;
#1636 = COLOUR_RGB ( '',1.000000000000000000, 0.7529411764705882200, 0.0000000000000000000 ) ;
#1637 = CARTESIAN_POINT ( 'NONE',  ( -0.9571313147165015900, -0.05000000000000000300, 0.2452679893092404000 ) ) ;
#1638 = ORIENTED_EDGE ( 'NONE', *, *, #6549, .F. ) ;
#1639 = CARTESIAN_POINT ( 'NONE',  ( -3.330000000000005000, -2.149999999999999900, -4.000000000000000000 ) ) ;
#1640 = FACE_OUTER_BOUND ( 'NONE', #6423, .T. ) ;
#1641 = PLANE ( 'NONE',  #2975 ) ;
#1642 = CARTESIAN_POINT ( 'NONE',  ( -3.450000000000000200, 0.0000000000000000000, -1.839999999999997400 ) ) ;
#1643 = FACE_OUTER_BOUND ( 'NONE', #2070, .T. ) ;
#1644 = DIRECTION ( 'NONE',  ( 0.0000000000000000000, 0.0000000000000000000, -1.000000000000000000 ) ) ;
#1645 = ORIENTED_EDGE ( 'NONE', *, *, #1234, .T. ) ;
#1646 = ORIENTED_EDGE ( 'NONE', *, *, #5222, .T. ) ;
#1647 = STYLED_ITEM ( 'NONE', ( #3718 ), #850 ) ;
#1648 = CARTESIAN_POINT ( 'NONE',  ( 1.890000000000000600, -3.000000000000000000, -4.999999999999999100 ) ) ;
#1649 = DIRECTION ( 'NONE',  ( 1.000000000000000000, 0.0000000000000000000, -0.0000000000000000000 ) ) ;
#1650 = EDGE_LOOP ( 'NONE', ( #2427, #6206, #4219, #3950 ) ) ;
#1651 = PLANE ( 'NONE',  #2218 ) ;
#1652 = DIRECTION ( 'NONE',  ( 1.000000000000000000, 0.0000000000000000000, 0.0000000000000000000 ) ) ;
#1653 = DIRECTION ( 'NONE',  ( 0.0000000000000000000, 0.0000000000000000000, -1.000000000000000000 ) ) ;
#1654 = LINE ( 'NONE', #803, #5530 ) ;
#1655 = EDGE_CURVE ( 'NONE', #588, #2069, #2438, .T. ) ;
#1656 = DIRECTION ( 'NONE',  ( 0.0000000000000000000, 0.0000000000000000000, -1.000000000000000000 ) ) ;
#1657 = ORIENTED_EDGE ( 'NONE', *, *, #1910, .F. ) ;
#1658 = VERTEX_POINT ( 'NONE', #4005 ) ;
#1659 = DIRECTION ( 'NONE',  ( 0.0000000000000000000, 0.0000000000000000000, -1.000000000000000000 ) ) ;
#1660 = DIRECTION ( 'NONE',  ( 0.6427876096865421400, 0.0000000000000000000, 0.7660444431189756800 ) ) ;
#1661 = VECTOR ( 'NONE', #3348, 1000.000000000000000 ) ;
#1662 = DIRECTION ( 'NONE',  ( 0.0000000000000000000, 1.000000000000000000, 0.0000000000000000000 ) ) ;
#1663 = MANIFOLD_SOLID_BREP ( 'Imported9', #5997 ) ;
#1664 = AXIS2_PLACEMENT_3D ( 'NONE', #5116, #6736, #3536 ) ;
#1665 = COLOUR_RGB ( '',1.000000000000000000, 1.000000000000000000, 1.000000000000000000 ) ;
#1666 = EDGE_CURVE ( 'NONE', #3719, #4847, #6535, .T. ) ;
#1667 = FACE_OUTER_BOUND ( 'NONE', #170, .T. ) ;
#1668 = CARTESIAN_POINT ( 'NONE',  ( -0.4262663950270751400, 0.0000000000000000000, -1.839999999999997400 ) ) ;
#1669 = EDGE_CURVE ( 'NONE', #6022, #4276, #5864, .T. ) ;
#1670 = VERTEX_POINT ( 'NONE', #6666 ) ;
#1671 = CARTESIAN_POINT ( 'NONE',  ( -2.430000000000001500, -2.149999999999999900, -4.999999999999999100 ) ) ;
#1672 = CARTESIAN_POINT ( 'NONE',  ( -1.957752890125070500, 0.0000000000000000000, 2.280495266663355100 ) ) ;
#1673 = CARTESIAN_POINT ( 'NONE',  ( -0.9899999999999986600, -3.050000000000000300, -5.000000000000000000 ) ) ;
#1674 = CARTESIAN_POINT ( 'NONE',  ( 1.890000000000000600, -3.000000000000000000, 5.000000000000000900 ) ) ;
#1675 = ORIENTED_EDGE ( 'NONE', *, *, #947, .T. ) ;
#1676 = DIRECTION ( 'NONE',  ( 0.0000000000000000000, 0.0000000000000000000, 1.000000000000000000 ) ) ;
#1677 =( GEOMETRIC_REPRESENTATION_CONTEXT ( 3 ) GLOBAL_UNCERTAINTY_ASSIGNED_CONTEXT ( ( #1302 ) ) GLOBAL_UNIT_ASSIGNED_CONTEXT ( ( #3329, #155, #3875 ) ) REPRESENTATION_CONTEXT ( 'NONE', 'WORKASPACE' ) );
#1678 = FACE_OUTER_BOUND ( 'NONE', #4568, .T. ) ;
#1679 = CARTESIAN_POINT ( 'NONE',  ( -2.880000000000001700, -3.050000000000000300, -5.000000000000002700 ) ) ;
#1680 = CARTESIAN_POINT ( 'NONE',  ( 1.061714443247939300, 1.016439536705160400E-017, 4.501650573907633400E-017 ) ) ;
#1681 = ORIENTED_EDGE ( 'NONE', *, *, #1300, .F. ) ;
#1682 = EDGE_CURVE ( 'NONE', #588, #897, #3021, .T. ) ;
#1683 = VERTEX_POINT ( 'NONE', #1395 ) ;
#1684 = EDGE_LOOP ( 'NONE', ( #1520, #3958, #2986, #5246 ) ) ;
#1685 = ORIENTED_EDGE ( 'NONE', *, *, #6075, .F. ) ;
#1686 = ORIENTED_EDGE ( 'NONE', *, *, #2936, .T. ) ;
#1687 =( NAMED_UNIT ( * ) PLANE_ANGLE_UNIT ( ) SI_UNIT ( $, .RADIAN. ) );
#1688 = ORIENTED_EDGE ( 'NONE', *, *, #93, .F. ) ;
#1689 = EDGE_CURVE ( 'NONE', #3084, #5129, #5683, .T. ) ;
#1690 = EDGE_CURVE ( 'NONE', #5648, #4135, #2851, .T. ) ;
#1691 = DIRECTION ( 'NONE',  ( 0.0000000000000000000, 1.000000000000000000, 0.0000000000000000000 ) ) ;
#1692 = ORIENTED_EDGE ( 'NONE', *, *, #5598, .F. ) ;
#1693 = DIRECTION ( 'NONE',  ( 0.0000000000000000000, 0.0000000000000000000, 1.000000000000000000 ) ) ;
#1694 = FACE_OUTER_BOUND ( 'NONE', #6873, .T. ) ;
#1695 = SURFACE_SIDE_STYLE ('',( #5580 ) ) ;
#1696 = CARTESIAN_POINT ( 'NONE',  ( -2.430000000000000600, -2.149999999999999900, -4.000000000000000000 ) ) ;
#1697 = ORIENTED_EDGE ( 'NONE', *, *, #4321, .F. ) ;
#1698 = FACE_OUTER_BOUND ( 'NONE', #2465, .T. ) ;
#1699 = DIRECTION ( 'NONE',  ( 0.0000000000000000000, -0.0000000000000000000, 1.000000000000000000 ) ) ;
#1700 = EDGE_CURVE ( 'NONE', #873, #4230, #4272, .T. ) ;
#1701 = LINE ( 'NONE', #1674, #5765 ) ;
#1702 = VECTOR ( 'NONE', #6166, 1000.000000000000000 ) ;
#1703 = VECTOR ( 'NONE', #950, 1000.000000000000000 ) ;
#1704 = ORIENTED_EDGE ( 'NONE', *, *, #6202, .F. ) ;
#1705 = EDGE_CURVE ( 'NONE', #5546, #5918, #5508, .T. ) ;
#1706 = PLANE ( 'NONE',  #6008 ) ;
#1707 = VERTEX_POINT ( 'NONE', #1804 ) ;
#1708 = ORIENTED_EDGE ( 'NONE', *, *, #3845, .T. ) ;
#1709 = VERTEX_POINT ( 'NONE', #5503 ) ;
#1710 = LINE ( 'NONE', #3589, #1545 ) ;
#1711 = COLOUR_RGB ( '',0.9882352941176471000, 0.7372549019607843600, 0.5137254901960783800 ) ;
#1712 = VECTOR ( 'NONE', #4290, 1000.000000000000000 ) ;
#1713 = ORIENTED_EDGE ( 'NONE', *, *, #470, .T. ) ;
#1714 = LINE ( 'NONE', #40, #4360 ) ;
#1715 = ORIENTED_EDGE ( 'NONE', *, *, #2398, .T. ) ;
#1716 = CARTESIAN_POINT ( 'NONE',  ( -3.450000000000000200, -3.000000000000000000, -3.800000000000000300 ) ) ;
#1717 = ORIENTED_EDGE ( 'NONE', *, *, #3403, .F. ) ;
#1718 = COLOUR_RGB ( '',0.9882352941176471000, 0.7372549019607843600, 0.5137254901960783800 ) ;
#1719 = DIRECTION ( 'NONE',  ( 1.000000000000000000, 0.0000000000000000000, -0.0000000000000000000 ) ) ;
#1720 = CARTESIAN_POINT ( 'NONE',  ( 0.9899999999999977700, -2.149999999999999900, 0.01782600801235976000 ) ) ;
#1721 = DIRECTION ( 'NONE',  ( 0.6427876096865436900, 0.0000000000000000000, 0.7660444431189744600 ) ) ;
#1722 = DIRECTION ( 'NONE',  ( -0.0000000000000000000, -0.0000000000000000000, 1.000000000000000000 ) ) ;
#1723 = DIRECTION ( 'NONE',  ( -1.000000000000000000, 0.0000000000000000000, -0.0000000000000000000 ) ) ;
#1724 = PLANE ( 'NONE',  #902 ) ;
#1725 = CARTESIAN_POINT ( 'NONE',  ( 1.251297490972629100, -0.05000000000000000300, 0.1020023924432015400 ) ) ;
#1726 = COLOUR_RGB ( '',1.000000000000000000, 0.7529411764705882200, 0.0000000000000000000 ) ;
#1727 = ORIENTED_EDGE ( 'NONE', *, *, #488, .T. ) ;
#1728 = VECTOR ( 'NONE', #4269, 1000.000000000000000 ) ;
#1729 = CARTESIAN_POINT ( 'NONE',  ( -9.855445003483749700, -2.149999999999999900, 5.000000000000000900 ) ) ;
#1730 = DIRECTION ( 'NONE',  ( 0.0000000000000000000, 1.000000000000000000, 0.0000000000000000000 ) ) ;
#1731 = FILL_AREA_STYLE_COLOUR ( '', #2049 ) ;
#1732 = VECTOR ( 'NONE', #6743, 1000.000000000000000 ) ;
#1733 = DIRECTION ( 'NONE',  ( -0.0000000000000000000, 0.0000000000000000000, -1.000000000000000000 ) ) ;
#1734 = LINE ( 'NONE', #5886, #5628 ) ;
#1735 = AXIS2_PLACEMENT_3D ( 'NONE', #362, #4072, #905 ) ;
#1736 = VERTEX_POINT ( 'NONE', #2327 ) ;
#1737 =( NAMED_UNIT ( * ) PLANE_ANGLE_UNIT ( ) SI_UNIT ( $, .RADIAN. ) );
#1738 = CARTESIAN_POINT ( 'NONE',  ( 3.329999999999997900, -2.149999999999999900, 0.01782600801236681300 ) ) ;
#1739 = DIRECTION ( 'NONE',  ( 0.0000000000000000000, 0.0000000000000000000, -1.000000000000000000 ) ) ;
#1740 = LINE ( 'NONE', #3503, #6734 ) ;
#1741 = CARTESIAN_POINT ( 'NONE',  ( 2.879999999999998600, -2.200000000000000200, -5.000000000000000900 ) ) ;
#1742 = CARTESIAN_POINT ( 'NONE',  ( -1.890000000000018300, -2.149999999999999900, 0.01782600801239272300 ) ) ;
#1743 = ORIENTED_EDGE ( 'NONE', *, *, #4403, .F. ) ;
#1744 = DIRECTION ( 'NONE',  ( -0.0000000000000000000, 0.0000000000000000000, -1.000000000000000000 ) ) ;
#1745 = AXIS2_PLACEMENT_3D ( 'NONE', #221, #1295, #4996 ) ;
#1746 = AXIS2_PLACEMENT_3D ( 'NONE', #6157, #6699, #3493 ) ;
#1747 = VERTEX_POINT ( 'NONE', #4447 ) ;
#1748 = VECTOR ( 'NONE', #4590, 1000.000000000000000 ) ;
#1749 = ORIENTED_EDGE ( 'NONE', *, *, #583, .T. ) ;
#1750 = EDGE_CURVE ( 'NONE', #4202, #4870, #2694, .T. ) ;
#1751 = DIRECTION ( 'NONE',  ( -1.000000000000000000, -0.0000000000000000000, -0.0000000000000000000 ) ) ;
#1752 = DIRECTION ( 'NONE',  ( -0.0000000000000000000, -1.000000000000000000, -0.0000000000000000000 ) ) ;
#1753 = DIRECTION ( 'NONE',  ( 0.0000000000000000000, 0.0000000000000000000, 1.000000000000000000 ) ) ;
#1754 = ORIENTED_EDGE ( 'NONE', *, *, #93, .T. ) ;
#1755 = ORIENTED_EDGE ( 'NONE', *, *, #5586, .T. ) ;
#1756 = ADVANCED_FACE ( 'NONE', ( #1947 ), #4969, .T. ) ;
#1757 = CARTESIAN_POINT ( 'NONE',  ( -0.9899999999999986600, -3.000000000000000400, 5.000000000000000900 ) ) ;
#1758 = CARTESIAN_POINT ( 'NONE',  ( 1.114999999999998900, -3.050000000000000300, -4.999999999999999100 ) ) ;
#1759 = VERTEX_POINT ( 'NONE', #6600 ) ;
#1760 = CARTESIAN_POINT ( 'NONE',  ( 1.251297490972628400, 0.0000000000000000000, 0.1020023924432024000 ) ) ;
#1761 = VERTEX_POINT ( 'NONE', #2351 ) ;
#1762 = EDGE_LOOP ( 'NONE', ( #3355, #1355, #1054, #5364 ) ) ;
#1763 = LINE ( 'NONE', #3613, #180 ) ;
#1764 = VECTOR ( 'NONE', #5943, 1000.000000000000000 ) ;
#1765 =( GEOMETRIC_REPRESENTATION_CONTEXT ( 3 ) GLOBAL_UNCERTAINTY_ASSIGNED_CONTEXT ( ( #2 ) ) GLOBAL_UNIT_ASSIGNED_CONTEXT ( ( #2005, #5723, #2547 ) ) REPRESENTATION_CONTEXT ( 'NONE', 'WORKASPACE' ) );
#1766 = LINE ( 'NONE', #189, #184 ) ;
#1767 = EDGE_CURVE ( 'NONE', #4389, #1482, #6321, .T. ) ;
#1768 = CARTESIAN_POINT ( 'NONE',  ( -9.855445003483749700, -2.149999999999999900, 4.000000000000000000 ) ) ;
#1769 = DIRECTION ( 'NONE',  ( -0.7071067811865015000, 0.0000000000000000000, 0.7071067811865936500 ) ) ;
#1770 = LINE ( 'NONE', #1622, #355 ) ;
#1771 = VERTEX_POINT ( 'NONE', #6626 ) ;
#1772 = EDGE_CURVE ( 'NONE', #4323, #6753, #3469, .T. ) ;
#1773 = EDGE_CURVE ( 'NONE', #5588, #4350, #651, .T. ) ;
#1774 = PLANE ( 'NONE',  #5837 ) ;
#1775 = FACE_OUTER_BOUND ( 'NONE', #4831, .T. ) ;
#1776 = LINE ( 'NONE', #1339, #3020 ) ;
#1777 =( LENGTH_UNIT ( ) NAMED_UNIT ( * ) SI_UNIT ( .MILLI., .METRE. ) );
#1778 = VECTOR ( 'NONE', #955, 1000.000000000000000 ) ;
#1779 = AXIS2_PLACEMENT_3D ( 'NONE', #4968, #3409, #241 ) ;
#1780 = ORIENTED_EDGE ( 'NONE', *, *, #5585, .F. ) ;
#1781 = DIRECTION ( 'NONE',  ( 0.0000000000000000000, 0.0000000000000000000, -1.000000000000000000 ) ) ;
#1782 = CARTESIAN_POINT ( 'NONE',  ( -3.450000000000000200, -3.000000000000000000, 3.799999999999999400 ) ) ;
#1783 = EDGE_CURVE ( 'NONE', #3715, #6022, #4887, .T. ) ;
#1784 = ORIENTED_EDGE ( 'NONE', *, *, #6294, .F. ) ;
#1785 = ORIENTED_EDGE ( 'NONE', *, *, #5981, .T. ) ;
#1786 = EDGE_CURVE ( 'NONE', #3757, #1336, #3314, .T. ) ;
#1787 = LINE ( 'NONE', #4788, #4439 ) ;
#1788 = ORIENTED_EDGE ( 'NONE', *, *, #2490, .F. ) ;
#1789 = CARTESIAN_POINT ( 'NONE',  ( -2.880000000000001700, -2.200000000000000200, -4.675000000000003400 ) ) ;
#1790 = VERTEX_POINT ( 'NONE', #3968 ) ;
#1791 = LINE ( 'NONE', #4871, #4442 ) ;
#1792 = VECTOR ( 'NONE', #4249, 1000.000000000000000 ) ;
#1793 = ORIENTED_EDGE ( 'NONE', *, *, #1689, .T. ) ;
#1794 = LINE ( 'NONE', #392, #383 ) ;
#1795 = CARTESIAN_POINT ( 'NONE',  ( 1.764999999999998300, -2.149999999999999900, -4.999999999999999100 ) ) ;
#1796 = ADVANCED_FACE ( 'NONE', ( #4551 ), #6097, .T. ) ;
#1797 = PLANE ( 'NONE',  #1242 ) ;
#1798 = CARTESIAN_POINT ( 'NONE',  ( -9.855445003483749700, -2.149999999999999900, 5.000000000000000900 ) ) ;
#1799 = VECTOR ( 'NONE', #2888, 1000.000000000000000 ) ;
#1800 = AXIS2_PLACEMENT_3D ( 'NONE', #3770, #580, #4299 ) ;
#1801 = ORIENTED_EDGE ( 'NONE', *, *, #6431, .T. ) ;
#1802 = ORIENTED_EDGE ( 'NONE', *, *, #251, .T. ) ;
#1803 = CARTESIAN_POINT ( 'NONE',  ( 0.9730396196166188900, -0.05000000000000000300, -0.3354884696702047400 ) ) ;
#1804 = CARTESIAN_POINT ( 'NONE',  ( 2.555000000000000200, -3.050000000000000300, 5.000000000000000900 ) ) ;
#1805 = EDGE_CURVE ( 'NONE', #269, #4523, #4728, .T. ) ;
#1806 = CARTESIAN_POINT ( 'NONE',  ( -0.4500000000000011800, -3.000000000000000000, 5.000000000000000900 ) ) ;
#1807 =( LENGTH_UNIT ( ) NAMED_UNIT ( * ) SI_UNIT ( .MILLI., .METRE. ) );
#1808 = VERTEX_POINT ( 'NONE', #2400 ) ;
#1809 = LINE ( 'NONE', #756, #5893 ) ;
#1810 = CARTESIAN_POINT ( 'NONE',  ( -1.224606353822377500E-015, -2.200000000000000200, -5.000000000000000900 ) ) ;
#1811 = ORIENTED_EDGE ( 'NONE', *, *, #934, .F. ) ;
#1812 = VECTOR ( 'NONE', #6533, 1000.000000000000100 ) ;
#1813 = AXIS2_PLACEMENT_3D ( 'NONE', #380, #3050, #6769 ) ;
#1814 = LINE ( 'NONE', #1091, #3064 ) ;
#1815 = STYLED_ITEM ( 'NONE', ( #3517 ), #1663 ) ;
#1816 = ADVANCED_FACE ( 'NONE', ( #317 ), #6125, .T. ) ;
#1817 = DIRECTION ( 'NONE',  ( 0.0000000000000000000, 1.000000000000000000, 0.0000000000000000000 ) ) ;
#1818 = LINE ( 'NONE', #1541, #3068 ) ;
#1819 = CARTESIAN_POINT ( 'NONE',  ( -0.4500000000000007900, -3.000000000000000400, -3.800000000000001200 ) ) ;
#1820 = ORIENTED_EDGE ( 'NONE', *, *, #4173, .F. ) ;
#1821 = AXIS2_PLACEMENT_3D ( 'NONE', #1313, #2245, #3434 ) ;
#1822 = EDGE_CURVE ( 'NONE', #239, #198, #5818, .T. ) ;
#1823 = CARTESIAN_POINT ( 'NONE',  ( -2.555000000000001500, -2.200000000000000200, -4.999999999999999100 ) ) ;
#1824 = DIRECTION ( 'NONE',  ( 0.5735764363510473800, 0.0000000000000000000, 0.8191520442889909100 ) ) ;
#1825 = CARTESIAN_POINT ( 'NONE',  ( 0.4500000000000005700, -3.050000000000000300, 5.000000000000000000 ) ) ;
#1826 = PLANE ( 'NONE',  #2450 ) ;
#1827 = ADVANCED_FACE ( 'NONE', ( #1587 ), #1352, .T. ) ;
#1828 = FACE_OUTER_BOUND ( 'NONE', #5699, .T. ) ;
#1829 = DIRECTION ( 'NONE',  ( 0.0000000000000000000, 1.000000000000000000, 0.0000000000000000000 ) ) ;
#1830 = CARTESIAN_POINT ( 'NONE',  ( -9.855445003483749700, -2.149999999999999900, 5.000000000000000900 ) ) ;
#1831 = ORIENTED_EDGE ( 'NONE', *, *, #4182, .T. ) ;
#1832 = DIRECTION ( 'NONE',  ( 0.0000000000000000000, -0.0000000000000000000, 1.000000000000000000 ) ) ;
#1833 = ORIENTED_EDGE ( 'NONE', *, *, #2936, .F. ) ;
#1834 = CARTESIAN_POINT ( 'NONE',  ( 2.879999999999999900, -3.050000000000000300, 5.000000000000000900 ) ) ;
#1835 = ORIENTED_EDGE ( 'NONE', *, *, #5214, .F. ) ;
#1836 = EDGE_LOOP ( 'NONE', ( #2957, #2928, #4022, #46, #5889, #597 ) ) ;
#1837 = DIRECTION ( 'NONE',  ( 0.0000000000000000000, 1.000000000000000000, 0.0000000000000000000 ) ) ;
#1838 = DIRECTION ( 'NONE',  ( -0.7071067811865325800, 0.0000000000000000000, -0.7071067811865625600 ) ) ;
#1839 = ORIENTED_EDGE ( 'NONE', *, *, #3584, .T. ) ;
#1840 = DIRECTION ( 'NONE',  ( 0.0000000000000000000, 0.0000000000000000000, 1.000000000000000000 ) ) ;
#1841 = ORIENTED_EDGE ( 'NONE', *, *, #3903, .F. ) ;
#1842 = SURFACE_SIDE_STYLE ('',( #1117 ) ) ;
#1843 = DIRECTION ( 'NONE',  ( -0.0000000000000000000, 1.000000000000000000, 0.0000000000000000000 ) ) ;
#1844 = DIRECTION ( 'NONE',  ( 2.222614453595282500E-015, 0.0000000000000000000, 1.000000000000000000 ) ) ;
#1845 = CARTESIAN_POINT ( 'NONE',  ( -2.880000000000001700, -3.050000000000000300, -4.675000000000003400 ) ) ;
#1846 = EDGE_LOOP ( 'NONE', ( #2170, #1833, #5690, #390 ) ) ;
#1847 = PRESENTATION_STYLE_ASSIGNMENT (( #5569 ) ) ;
#1848 = ADVANCED_FACE ( 'NONE', ( #154 ), #821, .T. ) ;
#1849 = VECTOR ( 'NONE', #3150, 1000.000000000000000 ) ;
#1850 = ORIENTED_EDGE ( 'NONE', *, *, #4967, .T. ) ;
#1851 = DIRECTION ( 'NONE',  ( 0.7660444431189744600, 0.0000000000000000000, -0.6427876096865436900 ) ) ;
#1852 = AXIS2_PLACEMENT_3D ( 'NONE', #3186, #5873, #539 ) ;
#1853 = LINE ( 'NONE', #4316, #5941 ) ;
#1854 = VECTOR ( 'NONE', #5651, 1000.000000000000000 ) ;
#1855 = ORIENTED_EDGE ( 'NONE', *, *, #6882, .T. ) ;
#1856 = DIRECTION ( 'NONE',  ( 1.000000000000000000, 0.0000000000000000000, -0.0000000000000000000 ) ) ;
#1857 = ADVANCED_FACE ( 'NONE', ( #4387 ), #1385, .F. ) ;
#1858 = EDGE_CURVE ( 'NONE', #5935, #2137, #4229, .T. ) ;
#1859 = ORIENTED_EDGE ( 'NONE', *, *, #3709, .T. ) ;
#1860 =( NAMED_UNIT ( * ) SI_UNIT ( $, .STERADIAN. ) SOLID_ANGLE_UNIT ( ) );
#1861 = ORIENTED_EDGE ( 'NONE', *, *, #4346, .T. ) ;
#1862 = CARTESIAN_POINT ( 'NONE',  ( 0.6342806320775094000, -0.05000000000000000300, 1.585709217592539400 ) ) ;
#1863 = EDGE_LOOP ( 'NONE', ( #753, #2092, #2413, #4845 ) ) ;
#1864 = VECTOR ( 'NONE', #5163, 1000.000000000000000 ) ;
#1865 = FACE_OUTER_BOUND ( 'NONE', #4855, .T. ) ;
#1866 = VECTOR ( 'NONE', #4793, 1000.000000000000000 ) ;
#1867 = SURFACE_STYLE_FILL_AREA ( #296 ) ;
#1868 = ORIENTED_EDGE ( 'NONE', *, *, #1280, .T. ) ;
#1869 = CARTESIAN_POINT ( 'NONE',  ( 2.554999999999998400, -2.149999999999999900, -4.999999999999999100 ) ) ;
#1870 = EDGE_CURVE ( 'NONE', #2046, #1633, #5633, .T. ) ;
#1871 = SURFACE_SIDE_STYLE ('',( #438 ) ) ;
#1872 = CARTESIAN_POINT ( 'NONE',  ( -3.204999999999999600, -2.149999999999999900, 5.000000000000000900 ) ) ;
#1873 = LINE ( 'NONE', #6399, #3286 ) ;
#1874 = DIRECTION ( 'NONE',  ( 0.0000000000000000000, 1.000000000000000000, 0.0000000000000000000 ) ) ;
#1875 = VERTEX_POINT ( 'NONE', #1918 ) ;
#1876 = AXIS2_PLACEMENT_3D ( 'NONE', #1149, #4839, #1676 ) ;
#1877 = ORIENTED_EDGE ( 'NONE', *, *, #2621, .T. ) ;
#1878 = DIRECTION ( 'NONE',  ( 0.0000000000000000000, 1.000000000000000000, 0.0000000000000000000 ) ) ;
#1879 = VECTOR ( 'NONE', #319, 1000.000000000000100 ) ;
#1880 = DIRECTION ( 'NONE',  ( 0.0000000000000000000, 0.0000000000000000000, 1.000000000000000000 ) ) ;
#1881 = EDGE_CURVE ( 'NONE', #4373, #2125, #2810, .T. ) ;
#1882 = EDGE_CURVE ( 'NONE', #5011, #5129, #6906, .T. ) ;
#1883 = CARTESIAN_POINT ( 'NONE',  ( -3.330000000000001000, -3.050000000000000300, -9.591503366463465200 ) ) ;
#1884 = ORIENTED_EDGE ( 'NONE', *, *, #1577, .F. ) ;
#1885 = VECTOR ( 'NONE', #2230, 1000.000000000000000 ) ;
#1886 = EDGE_CURVE ( 'NONE', #777, #1260, #1740, .T. ) ;
#1887 = ADVANCED_FACE ( 'NONE', ( #3895 ), #4143, .T. ) ;
#1888 = CARTESIAN_POINT ( 'NONE',  ( 1.890000000000001000, -3.050000000000000300, 3.799999999999999800 ) ) ;
#1889 = ORIENTED_EDGE ( 'NONE', *, *, #5099, .T. ) ;
#1890 = PRESENTATION_LAYER_ASSIGNMENT (  '', '', ( #1550 ) ) ;
#1891 = FACE_OUTER_BOUND ( 'NONE', #2361, .T. ) ;
#1892 =( NAMED_UNIT ( * ) PLANE_ANGLE_UNIT ( ) SI_UNIT ( $, .RADIAN. ) );
#1893 = DIRECTION ( 'NONE',  ( -1.000000000000000000, -0.0000000000000000000, -0.0000000000000000000 ) ) ;
#1894 = DIRECTION ( 'NONE',  ( 0.7194581644866192600, 0.0000000000000000000, -0.6945357798944161700 ) ) ;
#1895 = DIRECTION ( 'NONE',  ( 0.0000000000000000000, 1.000000000000000000, 0.0000000000000000000 ) ) ;
#1896 = DIRECTION ( 'NONE',  ( 0.0000000000000000000, 1.000000000000000000, 0.0000000000000000000 ) ) ;
#1897 = ADVANCED_FACE ( 'NONE', ( #5312 ), #6578, .F. ) ;
#1898 = VECTOR ( 'NONE', #366, 1000.000000000000000 ) ;
#1899 = CARTESIAN_POINT ( 'NONE',  ( 2.555000000000000200, -2.200000000000000200, 5.000000000000000900 ) ) ;
#1900 = CARTESIAN_POINT ( 'NONE',  ( 0.4262663950270750800, 0.0000000000000000000, 1.839999999999999600 ) ) ;
#1901 = LINE ( 'NONE', #4775, #6140 ) ;
#1902 = ORIENTED_EDGE ( 'NONE', *, *, #2995, .F. ) ;
#1903 = DIRECTION ( 'NONE',  ( 5.421010862427522200E-017, 0.0000000000000000000, 1.000000000000000000 ) ) ;
#1904 = VECTOR ( 'NONE', #3953, 1000.000000000000000 ) ;
#1905 = DIRECTION ( 'NONE',  ( -0.1736481776669211200, 0.0000000000000000000, 0.9848077530122096900 ) ) ;
#1906 = LINE ( 'NONE', #1446, #6146 ) ;
#1907 =( NAMED_UNIT ( * ) PLANE_ANGLE_UNIT ( ) SI_UNIT ( $, .RADIAN. ) );
#1908 = EDGE_CURVE ( 'NONE', #5357, #250, #1087, .T. ) ;
#1909 = CARTESIAN_POINT ( 'NONE',  ( 0.6446006858399658800, 0.0000000000000000000, -0.3500000000000002600 ) ) ;
#1910 = EDGE_CURVE ( 'NONE', #339, #2328, #1246, .T. ) ;
#1911 = ORIENTED_EDGE ( 'NONE', *, *, #6767, .T. ) ;
#1912 =( GEOMETRIC_REPRESENTATION_CONTEXT ( 3 ) GLOBAL_UNCERTAINTY_ASSIGNED_CONTEXT ( ( #2022 ) ) GLOBAL_UNIT_ASSIGNED_CONTEXT ( ( #2226, #5950, #2752 ) ) REPRESENTATION_CONTEXT ( 'NONE', 'WORKASPACE' ) );
#1913 = AXIS2_PLACEMENT_3D ( 'NONE', #1064, #5305, #2124 ) ;
#1914 = LINE ( 'NONE', #166, #662 ) ;
#1915 =( GEOMETRIC_REPRESENTATION_CONTEXT ( 3 ) GLOBAL_UNCERTAINTY_ASSIGNED_CONTEXT ( ( #5315 ) ) GLOBAL_UNIT_ASSIGNED_CONTEXT ( ( #3235, #57, #3775 ) ) REPRESENTATION_CONTEXT ( 'NONE', 'WORKASPACE' ) );
#1916 = DIRECTION ( 'NONE',  ( 0.0000000000000000000, 1.000000000000000000, 0.0000000000000000000 ) ) ;
#1917 = EDGE_CURVE ( 'NONE', #2023, #5595, #2484, .T. ) ;
#1918 = CARTESIAN_POINT ( 'NONE',  ( -1.689844449592064600, 0.0000000000000000000, 0.3695513319236000700 ) ) ;
#1919 = ORIENTED_EDGE ( 'NONE', *, *, #2500, .F. ) ;
#1920 = EDGE_CURVE ( 'NONE', #6656, #6546, #5142, .T. ) ;
#1921 = ADVANCED_FACE ( 'NONE', ( #6407 ), #6849, .F. ) ;
#1922 = PLANE ( 'NONE',  #2432 ) ;
#1923 = ORIENTED_EDGE ( 'NONE', *, *, #89, .T. ) ;
#1924 = EDGE_LOOP ( 'NONE', ( #3102, #13, #1243, #6458 ) ) ;
#1925 = DIRECTION ( 'NONE',  ( 0.0000000000000000000, 1.000000000000000000, 0.0000000000000000000 ) ) ;
#1926 = ORIENTED_EDGE ( 'NONE', *, *, #5586, .F. ) ;
#1927 = DIRECTION ( 'NONE',  ( 0.0000000000000000000, 1.000000000000000000, -0.0000000000000000000 ) ) ;
#1928 = ORIENTED_EDGE ( 'NONE', *, *, #6678, .T. ) ;
#1929 = CARTESIAN_POINT ( 'NONE',  ( 1.717032848111744300, -0.05000000000000000300, -0.5237444021527725100 ) ) ;
#1930 = ADVANCED_FACE ( 'NONE', ( #735 ), #4189, .T. ) ;
#1931 = EDGE_LOOP ( 'NONE', ( #5488, #6732, #3615, #6255 ) ) ;
#1932 = ORIENTED_EDGE ( 'NONE', *, *, #6296, .F. ) ;
#1933 = LINE ( 'NONE', #943, #3179 ) ;
#1934 = DIRECTION ( 'NONE',  ( -3.559102350988019700E-016, 0.0000000000000000000, -1.000000000000000000 ) ) ;
#1935 = EDGE_CURVE ( 'NONE', #5339, #5357, #3564, .T. ) ;
#1936 = SURFACE_STYLE_USAGE ( .BOTH. , #5113 ) ;
#1937 = LINE ( 'NONE', #4949, #353 ) ;
#1938 = LINE ( 'NONE', #2679, #4757 ) ;
#1939 = VERTEX_POINT ( 'NONE', #4720 ) ;
#1940 = DIRECTION ( 'NONE',  ( -0.0000000000000000000, 0.0000000000000000000, -1.000000000000000000 ) ) ;
#1941 = AXIS2_PLACEMENT_3D ( 'NONE', #3921, #1282, #4987 ) ;
#1942 = VECTOR ( 'NONE', #3634, 1000.000000000000000 ) ;
#1943 = DIRECTION ( 'NONE',  ( 1.000000000000000000, 0.0000000000000000000, -0.0000000000000000000 ) ) ;
#1944 = CIRCLE ( 'NONE', #5958, 0.3249999999999997900 ) ;
#1945 = CARTESIAN_POINT ( 'NONE',  ( -2.879999999999999900, -2.200000000000000200, 4.675000000000003400 ) ) ;
#1946 = FACE_OUTER_BOUND ( 'NONE', #883, .T. ) ;
#1947 = FACE_OUTER_BOUND ( 'NONE', #3169, .T. ) ;
#1948 = ORIENTED_EDGE ( 'NONE', *, *, #4902, .F. ) ;
#1949 = AXIS2_PLACEMENT_3D ( 'NONE', #6575, #176, #3899 ) ;
#1950 = DIRECTION ( 'NONE',  ( 0.0000000000000000000, 1.000000000000000000, 0.0000000000000000000 ) ) ;
#1951 = ORIENTED_EDGE ( 'NONE', *, *, #498, .T. ) ;
#1952 = CLOSED_SHELL ( 'NONE', ( #5135, #2993, #2891, #3046, #1338, #3143, #4006, #2342 ) ) ;
#1953 = ORIENTED_EDGE ( 'NONE', *, *, #6066, .F. ) ;
#1954 = CARTESIAN_POINT ( 'NONE',  ( -3.450000000000000200, -3.000000000000000000, -4.999999999999999100 ) ) ;
#1955 = FILL_AREA_STYLE ('',( #1397 ) ) ;
#1956 = FACE_OUTER_BOUND ( 'NONE', #6122, .T. ) ;
#1957 = EDGE_LOOP ( 'NONE', ( #5366, #4951, #2348, #4905 ) ) ;
#1958 = ORIENTED_EDGE ( 'NONE', *, *, #971, .T. ) ;
#1959 = FACE_OUTER_BOUND ( 'NONE', #1994, .T. ) ;
#1960 = ADVANCED_FACE ( 'NONE', ( #4805 ), #6881, .F. ) ;
#1961 = VERTEX_POINT ( 'NONE', #3146 ) ;
#1962 = CARTESIAN_POINT ( 'NONE',  ( -2.555000000000000200, -3.050000000000000300, 5.000000000000000900 ) ) ;
#1963 = CARTESIAN_POINT ( 'NONE',  ( -9.855445003483749700, -2.200000000000000200, -4.999999999999999100 ) ) ;
#1964 = FACE_OUTER_BOUND ( 'NONE', #5069, .T. ) ;
#1965 = UNCERTAINTY_MEASURE_WITH_UNIT (LENGTH_MEASURE( 1.000000000000000100E-005 ), #4541, 'distance_accuracy_value', 'NONE');
#1966 = DIRECTION ( 'NONE',  ( -0.0000000000000000000, -1.000000000000000000, -0.0000000000000000000 ) ) ;
#1967 = DIRECTION ( 'NONE',  ( 0.0000000000000000000, 1.000000000000000000, 0.0000000000000000000 ) ) ;
#1968 = DIRECTION ( 'NONE',  ( -1.000000000000000000, -0.0000000000000000000, 0.0000000000000000000 ) ) ;
#1969 = DIRECTION ( 'NONE',  ( 1.000000000000000000, 0.0000000000000000000, -0.0000000000000000000 ) ) ;
#1970 = ADVANCED_FACE ( 'NONE', ( #572 ), #1580, .F. ) ;
#1971 = VECTOR ( 'NONE', #3393, 1000.000000000000000 ) ;
#1972 = VERTEX_POINT ( 'NONE', #1036 ) ;
#1973 = ORIENTED_EDGE ( 'NONE', *, *, #2949, .F. ) ;
#1974 = VERTEX_POINT ( 'NONE', #3165 ) ;
#1975 = VERTEX_POINT ( 'NONE', #6900 ) ;
#1976 = ORIENTED_EDGE ( 'NONE', *, *, #2575, .T. ) ;
#1977 = DIRECTION ( 'NONE',  ( 0.0000000000000000000, -0.0000000000000000000, -1.000000000000000000 ) ) ;
#1978 = EDGE_LOOP ( 'NONE', ( #1221, #2702, #3051, #4662 ) ) ;
#1979 = SURFACE_SIDE_STYLE ('',( #3145 ) ) ;
#1980 = VECTOR ( 'NONE', #2320, 1000.000000000000000 ) ;
#1981 = CARTESIAN_POINT ( 'NONE',  ( -0.8556169347761279900, -0.05000000000000000300, -0.3304486680763910600 ) ) ;
#1982 = CARTESIAN_POINT ( 'NONE',  ( 1.717032848111743800, 0.0000000000000000000, -0.5237444021527716300 ) ) ;
#1983 = EDGE_CURVE ( 'NONE', #375, #1589, #3386, .T. ) ;
#1984 = FACE_OUTER_BOUND ( 'NONE', #6527, .T. ) ;
#1985 = CARTESIAN_POINT ( 'NONE',  ( -9.855445003483749700, -2.200000000000000200, -4.999999999999999100 ) ) ;
#1986 = FACE_OUTER_BOUND ( 'NONE', #1281, .T. ) ;
#1987 = CARTESIAN_POINT ( 'NONE',  ( -3.330000000000001000, -3.000000000000000400, -3.799999999999999800 ) ) ;
#1988 = CARTESIAN_POINT ( 'NONE',  ( 1.439999999999998600, -3.050000000000000300, -5.000000000000000900 ) ) ;
#1989 = PLANE ( 'NONE',  #3973 ) ;
#1990 = DIRECTION ( 'NONE',  ( -1.000000000000000000, -0.0000000000000000000, -0.0000000000000000000 ) ) ;
#1991 = VERTEX_POINT ( 'NONE', #5283 ) ;
#1992 = CARTESIAN_POINT ( 'NONE',  ( -0.4500000000000007300, -2.200000000000000200, 5.000000000000000900 ) ) ;
#1993 = ADVANCED_FACE ( 'NONE', ( #6236 ), #520, .T. ) ;
#1994 = EDGE_LOOP ( 'NONE', ( #2143, #1328, #831, #2019, #6478, #4357, #6317 ) ) ;
#1995 = AXIS2_PLACEMENT_3D ( 'NONE', #2496, #919, #4627 ) ;
#1996 = CARTESIAN_POINT ( 'NONE',  ( 0.4500000000000005100, -3.050000000000000300, 5.000000000000000900 ) ) ;
#1997 = CARTESIAN_POINT ( 'NONE',  ( 0.3249999999999998400, -3.050000000000000300, 5.000000000000000900 ) ) ;
#1998 = LINE ( 'NONE', #5420, #3242 ) ;
#1999 = DIRECTION ( 'NONE',  ( 0.0000000000000000000, -0.0000000000000000000, -1.000000000000000000 ) ) ;
#2000 = EDGE_CURVE ( 'NONE', #1341, #4228, #3233, .T. ) ;
#2001 = DIRECTION ( 'NONE',  ( 0.0000000000000000000, -0.0000000000000000000, 1.000000000000000000 ) ) ;
#2002 = ORIENTED_EDGE ( 'NONE', *, *, #6647, .F. ) ;
#2003 = ADVANCED_FACE ( 'NONE', ( #1986 ), #1598, .T. ) ;
#2004 = DIRECTION ( 'NONE',  ( 0.0000000000000000000, 0.0000000000000000000, -1.000000000000000000 ) ) ;
#2005 =( LENGTH_UNIT ( ) NAMED_UNIT ( * ) SI_UNIT ( .MILLI., .METRE. ) );
#2006 = EDGE_LOOP ( 'NONE', ( #3202, #3542, #938, #562, #6653, #665, #437 ) ) ;
#2007 = EDGE_LOOP ( 'NONE', ( #2355, #4849, #2845, #2543, #721, #6448, #6161 ) ) ;
#2008 = DIRECTION ( 'NONE',  ( 0.0000000000000000000, 1.000000000000000000, 0.0000000000000000000 ) ) ;
#2009 = CLOSED_SHELL ( 'NONE', ( #6171, #1507, #6747, #2383, #2062, #811, #850, #5609, #4976, #3527, #6081, #5754, #1857, #6103, #1551, #914, #275, #2565, #321, #4458, #2555, #3510, #763, #5694, #6116, #6260, #389, #4529, #6823, #1930, #4986, #2491, #345, #245, #400, #3450, #1756, #1377, #1359, #4158, #6186, #4468, #3632, #4497, #1848, #6789, #2929, #3351, #1993, #6053, #992, #4080, #290, #5509, #2578, #2513, #1440, #5078 ) ) ;
#2010 = AXIS2_PLACEMENT_3D ( 'NONE', #2067, #2083, #5815 ) ;
#2011 = EDGE_CURVE ( 'NONE', #2958, #6464, #5902, .T. ) ;
#2012 = PLANE ( 'NONE',  #5046 ) ;
#2013 = EDGE_CURVE ( 'NONE', #2175, #6271, #1814, .T. ) ;
#2014 = CARTESIAN_POINT ( 'NONE',  ( 1.940997838992588400, 1.016439536705160400E-017, -2.266436109437728800 ) ) ;
#2015 = ORIENTED_EDGE ( 'NONE', *, *, #3695, .F. ) ;
#2016 = ORIENTED_EDGE ( 'NONE', *, *, #5316, .F. ) ;
#2017 = DIRECTION ( 'NONE',  ( -0.0000000000000000000, -1.000000000000000000, -0.0000000000000000000 ) ) ;
#2018 = CARTESIAN_POINT ( 'NONE',  ( -1.765000000000001200, -3.050000000000000300, -4.999999999999999100 ) ) ;
#2019 = ORIENTED_EDGE ( 'NONE', *, *, #5937, .T. ) ;
#2020 = DIRECTION ( 'NONE',  ( 1.445602896647339900E-015, -0.0000000000000000000, 1.000000000000000000 ) ) ;
#2021 = PLANE ( 'NONE',  #4561 ) ;
#2022 = UNCERTAINTY_MEASURE_WITH_UNIT (LENGTH_MEASURE( 1.000000000000000100E-005 ), #2226, 'distance_accuracy_value', 'NONE');
#2023 = VERTEX_POINT ( 'NONE', #4783 ) ;
#2024 = ADVANCED_FACE ( 'NONE', ( #4469 ), #1618, .T. ) ;
#2025 = LINE ( 'NONE', #575, #4677 ) ;
#2026 = ORIENTED_EDGE ( 'NONE', *, *, #790, .F. ) ;
#2027 = CARTESIAN_POINT ( 'NONE',  ( -3.917991717748091900, -0.05000000000000000300, -3.726216169771396000 ) ) ;
#2028 = VERTEX_POINT ( 'NONE', #6410 ) ;
#2029 = DIRECTION ( 'NONE',  ( 0.0000000000000000000, 0.0000000000000000000, 1.000000000000000000 ) ) ;
#2030 = VERTEX_POINT ( 'NONE', #4808 ) ;
#2031 = ORIENTED_EDGE ( 'NONE', *, *, #404, .T. ) ;
#2032 = ORIENTED_EDGE ( 'NONE', *, *, #3567, .T. ) ;
#2033 = LINE ( 'NONE', #6755, #6278 ) ;
#2034 = CARTESIAN_POINT ( 'NONE',  ( -1.115000000000001300, -3.050000000000000300, -4.999999999999999100 ) ) ;
#2035 = LINE ( 'NONE', #88, #4852 ) ;
#2036 = CARTESIAN_POINT ( 'NONE',  ( -1.115000000000000200, -3.050000000000000300, 5.000000000000000900 ) ) ;
#2037 = ADVANCED_FACE ( 'NONE', ( #5727 ), #2889, .F. ) ;
#2038 = LINE ( 'NONE', #571, #1712 ) ;
#2039 = PRESENTATION_STYLE_ASSIGNMENT (( #3397 ) ) ;
#2040 = COLOUR_RGB ( '',0.9882352941176471000, 0.7372549019607843600, 0.5137254901960783800 ) ;
#2041 = ORIENTED_EDGE ( 'NONE', *, *, #5744, .F. ) ;
#2042 = LINE ( 'NONE', #4769, #4522 ) ;
#2043 = CARTESIAN_POINT ( 'NONE',  ( -3.330000000000001000, -3.050000000000000300, -9.591503366463465200 ) ) ;
#2044 = EDGE_CURVE ( 'NONE', #879, #2275, #4312, .T. ) ;
#2045 = EDGE_CURVE ( 'NONE', #4011, #2125, #234, .T. ) ;
#2046 = VERTEX_POINT ( 'NONE', #3444 ) ;
#2047 = CARTESIAN_POINT ( 'NONE',  ( 1.204557019264814300, -0.05000000000000000300, -1.648488889220257400 ) ) ;
#2048 = CARTESIAN_POINT ( 'NONE',  ( 0.9900000000000004400, -2.149999999999999900, 4.000000000000000000 ) ) ;
#2049 = COLOUR_RGB ( '',0.9882352941176471000, 0.7372549019607843600, 0.5137254901960783800 ) ;
#2050 = VERTEX_POINT ( 'NONE', #3976 ) ;
#2051 = EDGE_LOOP ( 'NONE', ( #4287, #3479, #4019, #5512 ) ) ;
#2052 = EDGE_CURVE ( 'NONE', #6228, #4868, #2733, .T. ) ;
#2053 = EDGE_CURVE ( 'NONE', #1589, #3757, #1493, .T. ) ;
#2054 = VECTOR ( 'NONE', #5386, 1000.000000000000000 ) ;
#2055 =( NAMED_UNIT ( * ) PLANE_ANGLE_UNIT ( ) SI_UNIT ( $, .RADIAN. ) );
#2056 = CARTESIAN_POINT ( 'NONE',  ( -9.855445003483749700, -2.200000000000000200, 0.01782600801236681300 ) ) ;
#2057 = ORIENTED_EDGE ( 'NONE', *, *, #3369, .F. ) ;
#2058 = CARTESIAN_POINT ( 'NONE',  ( 2.429999999999997900, -2.149999999999999900, 0.01782600801236681300 ) ) ;
#2059 = CARTESIAN_POINT ( 'NONE',  ( 1.282632795428790200, 0.0000000000000000000, -0.07570895003121194700 ) ) ;
#2060 = CARTESIAN_POINT ( 'NONE',  ( 3.330000000000001000, -3.000000000000000000, -4.999999999999999100 ) ) ;
#2061 = DIRECTION ( 'NONE',  ( -2.168404344971008900E-015, 0.0000000000000000000, 1.000000000000000000 ) ) ;
#2062 = ADVANCED_FACE ( 'NONE', ( #5540 ), #6132, .F. ) ;
#2063 = CARTESIAN_POINT ( 'NONE',  ( 2.429999999999997100, -2.200000000000000200, 0.01782600801235615900 ) ) ;
#2064 = DIRECTION ( 'NONE',  ( -1.000000000000000000, -0.0000000000000000000, 0.0000000000000000000 ) ) ;
#2065 = DIRECTION ( 'NONE',  ( 0.0000000000000000000, -0.0000000000000000000, 1.000000000000000000 ) ) ;
#2066 = LINE ( 'NONE', #5658, #5985 ) ;
#2067 = CARTESIAN_POINT ( 'NONE',  ( -9.855445003483749700, -2.200000000000000200, 0.01782600801236681300 ) ) ;
#2068 = LINE ( 'NONE', #5291, #815 ) ;
#2069 = VERTEX_POINT ( 'NONE', #809 ) ;
#2070 = EDGE_LOOP ( 'NONE', ( #5016, #3053, #3957, #3423 ) ) ;
#2071 = VECTOR ( 'NONE', #3927, 1000.000000000000000 ) ;
#2072 = VECTOR ( 'NONE', #336, 999.9999999999998900 ) ;
#2073 = DIRECTION ( 'NONE',  ( 0.0000000000000000000, 0.0000000000000000000, -1.000000000000000000 ) ) ;
#2074 = CARTESIAN_POINT ( 'NONE',  ( -9.855445003483749700, -2.149999999999999900, -4.999999999999999100 ) ) ;
#2075 = CARTESIAN_POINT ( 'NONE',  ( 1.114999999999999800, -2.149999999999999900, -4.999999999999999100 ) ) ;
#2076 = AXIS2_PLACEMENT_3D ( 'NONE', #1583, #5286, #2095 ) ;
#2077 = ORIENTED_EDGE ( 'NONE', *, *, #54, .F. ) ;
#2078 = CARTESIAN_POINT ( 'NONE',  ( 0.0000000000000000000, -2.200000000000000200, 5.000000000000000900 ) ) ;
#2079 = DIRECTION ( 'NONE',  ( 3.903127820947816000E-015, 0.0000000000000000000, 1.000000000000000000 ) ) ;
#2080 = VECTOR ( 'NONE', #6526, 1000.000000000000000 ) ;
#2081 = AXIS2_PLACEMENT_3D ( 'NONE', #1954, #5660, #2488 ) ;
#2082 = ORIENTED_EDGE ( 'NONE', *, *, #4946, .T. ) ;
#2083 = DIRECTION ( 'NONE',  ( 0.0000000000000000000, 1.000000000000000000, 0.0000000000000000000 ) ) ;
#2084 = SURFACE_STYLE_FILL_AREA ( #1955 ) ;
#2085 = AXIS2_PLACEMENT_3D ( 'NONE', #4098, #927, #4638 ) ;
#2086 = ORIENTED_EDGE ( 'NONE', *, *, #2762, .T. ) ;
#2087 = ORIENTED_EDGE ( 'NONE', *, *, #1423, .T. ) ;
#2088 = VERTEX_POINT ( 'NONE', #5612 ) ;
#2089 = DIRECTION ( 'NONE',  ( 0.0000000000000000000, 0.0000000000000000000, -1.000000000000000000 ) ) ;
#2090 = PLANE ( 'NONE',  #6269 ) ;
#2091 = ORIENTED_EDGE ( 'NONE', *, *, #732, .F. ) ;
#2092 = ORIENTED_EDGE ( 'NONE', *, *, #5827, .F. ) ;
#2093 = VECTOR ( 'NONE', #2498, 1000.000000000000000 ) ;
#2094 = DIRECTION ( 'NONE',  ( 0.0000000000000000000, 0.0000000000000000000, -1.000000000000000000 ) ) ;
#2095 = DIRECTION ( 'NONE',  ( 1.000000000000000000, 0.0000000000000000000, 4.650144802115173900E-017 ) ) ;
#2096 = PRESENTATION_LAYER_ASSIGNMENT (  '', '', ( #1389 ) ) ;
#2097 = CARTESIAN_POINT ( 'NONE',  ( -1.890000000000000300, -2.149999999999999900, 5.000000000000000900 ) ) ;
#2098 = CARTESIAN_POINT ( 'NONE',  ( -3.329999999999998700, -2.149999999999999900, 0.01782600801236964100 ) ) ;
#2099 = DIRECTION ( 'NONE',  ( 0.0000000000000000000, -0.0000000000000000000, -1.000000000000000000 ) ) ;
#2100 = VECTOR ( 'NONE', #5443, 1000.000000000000000 ) ;
#2101 = FACE_OUTER_BOUND ( 'NONE', #4656, .T. ) ;
#2102 = DIRECTION ( 'NONE',  ( -0.0000000000000000000, -1.000000000000000000, -0.0000000000000000000 ) ) ;
#2103 = VECTOR ( 'NONE', #3721, 1000.000000000000100 ) ;
#2104 = ORIENTED_EDGE ( 'NONE', *, *, #6326, .T. ) ;
#2105 = CARTESIAN_POINT ( 'NONE',  ( -8.358723224855744100, -0.05000000000000000300, -5.392625304991305800E-016 ) ) ;
#2106 = EDGE_CURVE ( 'NONE', #1465, #3379, #6312, .T. ) ;
#2107 = DIRECTION ( 'NONE',  ( 0.0000000000000000000, 0.0000000000000000000, -1.000000000000000000 ) ) ;
#2108 = LINE ( 'NONE', #970, #865 ) ;
#2109 = LINE ( 'NONE', #2890, #531 ) ;
#2110 = VECTOR ( 'NONE', #2429, 1000.000000000000000 ) ;
#2111 = VECTOR ( 'NONE', #907, 1000.000000000000000 ) ;
#2112 = ORIENTED_EDGE ( 'NONE', *, *, #4208, .T. ) ;
#2113 = ORIENTED_EDGE ( 'NONE', *, *, #3903, .T. ) ;
#2114 = VERTEX_POINT ( 'NONE', #4029 ) ;
#2115 = EDGE_LOOP ( 'NONE', ( #4113, #2615, #1051, #1133 ) ) ;
#2116 = CARTESIAN_POINT ( 'NONE',  ( -4.591071764794553400, -0.05000000000000000300, 4.490112163170706200 ) ) ;
#2117 = LINE ( 'NONE', #4765, #537 ) ;
#2118 = EDGE_CURVE ( 'NONE', #1, #1532, #4878, .T. ) ;
#2119 = UNCERTAINTY_MEASURE_WITH_UNIT (LENGTH_MEASURE( 1.000000000000000100E-005 ), #240, 'distance_accuracy_value', 'NONE');
#2120 = ORIENTED_EDGE ( 'NONE', *, *, #440, .F. ) ;
#2121 =( NAMED_UNIT ( * ) SI_UNIT ( $, .STERADIAN. ) SOLID_ANGLE_UNIT ( ) );
#2122 = ORIENTED_EDGE ( 'NONE', *, *, #6185, .T. ) ;
#2123 = FACE_OUTER_BOUND ( 'NONE', #3489, .T. ) ;
#2124 = DIRECTION ( 'NONE',  ( 0.7071067811865369100, 0.0000000000000000000, -0.7071067811865581200 ) ) ;
#2125 = VERTEX_POINT ( 'NONE', #855 ) ;
#2126 = CARTESIAN_POINT ( 'NONE',  ( -1.115000000000001300, -3.000000000000000000, -4.999999999999999100 ) ) ;
#2127 = DIRECTION ( 'NONE',  ( -0.0000000000000000000, -1.000000000000000000, -0.0000000000000000000 ) ) ;
#2128 = CARTESIAN_POINT ( 'NONE',  ( -1.439999999999999900, -2.149999999999999900, 5.000000000000000000 ) ) ;
#2129 = EDGE_CURVE ( 'NONE', #557, #2030, #646, .T. ) ;
#2130 = PLANE ( 'NONE',  #5296 ) ;
#2131 = DIRECTION ( 'NONE',  ( 0.1736481776669210900, 0.0000000000000000000, -0.9848077530122096900 ) ) ;
#2132 = EDGE_CURVE ( 'NONE', #5874, #6200, #3461, .T. ) ;
#2133 = EDGE_CURVE ( 'NONE', #4904, #632, #2238, .T. ) ;
#2134 = DIRECTION ( 'NONE',  ( -1.000000000000000000, -0.0000000000000000000, -0.0000000000000000000 ) ) ;
#2135 = VECTOR ( 'NONE', #5485, 1000.000000000000000 ) ;
#2136 = DIRECTION ( 'NONE',  ( 0.0000000000000000000, -0.0000000000000000000, -1.000000000000000000 ) ) ;
#2137 = VERTEX_POINT ( 'NONE', #3519 ) ;
#2138 = ORIENTED_EDGE ( 'NONE', *, *, #3048, .F. ) ;
#2139 = CARTESIAN_POINT ( 'NONE',  ( 1.204557019264813800, -0.05000000000000000300, -1.648488889220257400 ) ) ;
#2140 = VERTEX_POINT ( 'NONE', #1417 ) ;
#2141 = EDGE_LOOP ( 'NONE', ( #4873, #2198, #5966, #4774 ) ) ;
#2142 = ORIENTED_EDGE ( 'NONE', *, *, #5462, .T. ) ;
#2143 = ORIENTED_EDGE ( 'NONE', *, *, #732, .T. ) ;
#2144 = PRESENTATION_LAYER_ASSIGNMENT (  '', '', ( #1428 ) ) ;
#2145 = STYLED_ITEM ( 'NONE', ( #3316 ), #2333 ) ;
#2146 = VECTOR ( 'NONE', #6571, 1000.000000000000000 ) ;
#2147 = VERTEX_POINT ( 'NONE', #6723 ) ;
#2148 = EDGE_CURVE ( 'NONE', #4618, #1460, #2066, .T. ) ;
#2149 = DIRECTION ( 'NONE',  ( 0.0000000000000000000, 1.000000000000000000, 0.0000000000000000000 ) ) ;
#2150 = EDGE_CURVE ( 'NONE', #1403, #6842, #4719, .T. ) ;
#2151 = CARTESIAN_POINT ( 'NONE',  ( 1.114999999999998900, -2.200000000000000200, -4.999999999999999100 ) ) ;
#2152 = DIRECTION ( 'NONE',  ( 1.000000000000000000, 0.0000000000000000000, -0.0000000000000000000 ) ) ;
#2153 = VECTOR ( 'NONE', #5418, 1000.000000000000000 ) ;
#2154 = CARTESIAN_POINT ( 'NONE',  ( 0.4500000000000007300, -3.000000000000000000, 5.000000000000000900 ) ) ;
#2155 = CARTESIAN_POINT ( 'NONE',  ( 2.879999999999998600, -2.149999999999999900, -5.000000000000000900 ) ) ;
#2156 = VECTOR ( 'NONE', #1011, 1000.000000000000000 ) ;
#2157 = DIRECTION ( 'NONE',  ( -0.0000000000000000000, -1.000000000000000000, -0.0000000000000000000 ) ) ;
#2158 = CARTESIAN_POINT ( 'NONE',  ( 0.4500000000000009000, -3.000000000000000400, 3.800000000000000700 ) ) ;
#2159 = PLANE ( 'NONE',  #6025 ) ;
#2160 = ORIENTED_EDGE ( 'NONE', *, *, #4208, .F. ) ;
#2161 = AXIS2_PLACEMENT_3D ( 'NONE', #4267, #1100, #4802 ) ;
#2162 = DIRECTION ( 'NONE',  ( -1.000000000000000000, 0.0000000000000000000, -0.0000000000000000000 ) ) ;
#2163 = PLANE ( 'NONE',  #3229 ) ;
#2164 = CARTESIAN_POINT ( 'NONE',  ( -1.138373323344469100, -0.05000000000000000300, 1.273142497792080200 ) ) ;
#2165 = EDGE_CURVE ( 'NONE', #873, #3379, #491, .T. ) ;
#2166 = MANIFOLD_SOLID_BREP ( 'Imported5', #1152 ) ;
#2167 = VERTEX_POINT ( 'NONE', #4610 ) ;
#2168 = LINE ( 'NONE', #5928, #3394 ) ;
#2169 = CARTESIAN_POINT ( 'NONE',  ( 3.764886775781080000E-016, -3.050000000000000300, 3.800000000000001200 ) ) ;
#2170 = ORIENTED_EDGE ( 'NONE', *, *, #5663, .F. ) ;
#2171 = CARTESIAN_POINT ( 'NONE',  ( 3.204999999999999600, -2.200000000000000200, 5.000000000000000900 ) ) ;
#2172 = VECTOR ( 'NONE', #594, 1000.000000000000000 ) ;
#2173 = AXIS2_PLACEMENT_3D ( 'NONE', #6801, #3604, #424 ) ;
#2174 = CARTESIAN_POINT ( 'NONE',  ( -1.132670721784655200, -0.05000000000000000300, -2.292928937522328100 ) ) ;
#2175 = VERTEX_POINT ( 'NONE', #1444 ) ;
#2176 = DIRECTION ( 'NONE',  ( 0.7071067811865325800, 0.0000000000000000000, 0.7071067811865625600 ) ) ;
#2177 = ORIENTED_EDGE ( 'NONE', *, *, #6816, .F. ) ;
#2178 = ORIENTED_EDGE ( 'NONE', *, *, #3066, .T. ) ;
#2179 = PLANE ( 'NONE',  #1503 ) ;
#2180 = CARTESIAN_POINT ( 'NONE',  ( 3.330000000000001400, -3.050000000000000300, -4.999999999999999100 ) ) ;
#2181 = PRESENTATION_LAYER_ASSIGNMENT (  '', '', ( #1815 ) ) ;
#2182 = PLANE ( 'NONE',  #529 ) ;
#2183 = CARTESIAN_POINT ( 'NONE',  ( -9.855445003483749700, -2.200000000000000200, 4.000000000000000000 ) ) ;
#2184 = CARTESIAN_POINT ( 'NONE',  ( -3.450000000000000200, -2.200000000000000200, 4.000000000000000000 ) ) ;
#2185 = CARTESIAN_POINT ( 'NONE',  ( -3.330000000000003200, -2.200000000000000200, -4.999999999999999100 ) ) ;
#2186 = ORIENTED_EDGE ( 'NONE', *, *, #4966, .T. ) ;
#2187 = ORIENTED_EDGE ( 'NONE', *, *, #1917, .F. ) ;
#2188 = CARTESIAN_POINT ( 'NONE',  ( -3.450000000000000200, -3.050000000000000300, -4.999999999999999100 ) ) ;
#2189 = STYLED_ITEM ( 'NONE', ( #2629 ), #4116 ) ;
#2190 = DIRECTION ( 'NONE',  ( 0.0000000000000000000, 0.0000000000000000000, 1.000000000000000000 ) ) ;
#2191 = EDGE_CURVE ( 'NONE', #5280, #4276, #4546, .T. ) ;
#2192 = ORIENTED_EDGE ( 'NONE', *, *, #6827, .T. ) ;
#2193 = CARTESIAN_POINT ( 'NONE',  ( -1.780300936570951000, -0.05000000000000000300, 2.457947220217474800 ) ) ;
#2194 = EDGE_LOOP ( 'NONE', ( #3466, #3141, #448, #5607 ) ) ;
#2195 = EDGE_LOOP ( 'NONE', ( #762, #5973, #3275, #1557 ) ) ;
#2196 = VECTOR ( 'NONE', #5884, 1000.000000000000000 ) ;
#2197 = COLOUR_RGB ( '',0.9882352941176471000, 0.7372549019607843600, 0.5137254901960783800 ) ;
#2198 = ORIENTED_EDGE ( 'NONE', *, *, #1420, .F. ) ;
#2199 = DIRECTION ( 'NONE',  ( 0.0000000000000000000, 0.0000000000000000000, 1.000000000000000000 ) ) ;
#2200 = PLANE ( 'NONE',  #4083 ) ;
#2201 = VERTEX_POINT ( 'NONE', #1472 ) ;
#2202 = EDGE_LOOP ( 'NONE', ( #2833, #3227, #1005, #509 ) ) ;
#2203 = CARTESIAN_POINT ( 'NONE',  ( -1.440000000000001500, -2.200000000000000200, -5.000000000000000000 ) ) ;
#2204 = VERTEX_POINT ( 'NONE', #933 ) ;
#2205 = ORIENTED_EDGE ( 'NONE', *, *, #3809, .T. ) ;
#2206 = DIRECTION ( 'NONE',  ( -0.0000000000000000000, 1.000000000000000000, 0.0000000000000000000 ) ) ;
#2207 = VECTOR ( 'NONE', #4596, 1000.000000000000000 ) ;
#2208 = DIRECTION ( 'NONE',  ( 0.9848077530122095700, -0.0000000000000000000, 0.1736481776669218100 ) ) ;
#2209 = CARTESIAN_POINT ( 'NONE',  ( 0.4500000000000007300, -2.149999999999999900, 0.01782600801236681300 ) ) ;
#2210 = VERTEX_POINT ( 'NONE', #393 ) ;
#2211 = VECTOR ( 'NONE', #5576, 1000.000000000000000 ) ;
#2212 = ORIENTED_EDGE ( 'NONE', *, *, #2820, .F. ) ;
#2213 = DIRECTION ( 'NONE',  ( 0.0000000000000000000, 1.000000000000000000, 0.0000000000000000000 ) ) ;
#2214 = DIRECTION ( 'NONE',  ( 0.5735764363510401600, 0.0000000000000000000, 0.8191520442889959100 ) ) ;
#2215 = VECTOR ( 'NONE', #3691, 1000.000000000000000 ) ;
#2216 = ORIENTED_EDGE ( 'NONE', *, *, #4280, .T. ) ;
#2217 = PRESENTATION_STYLE_ASSIGNMENT (( #1936 ) ) ;
#2218 = AXIS2_PLACEMENT_3D ( 'NONE', #4813, #591, #4310 ) ;
#2219 = FACE_OUTER_BOUND ( 'NONE', #4979, .T. ) ;
#2220 = ORIENTED_EDGE ( 'NONE', *, *, #3369, .T. ) ;
#2221 = ORIENTED_EDGE ( 'NONE', *, *, #5969, .F. ) ;
#2222 = AXIS2_PLACEMENT_3D ( 'NONE', #565, #4283, #1106 ) ;
#2223 = LINE ( 'NONE', #2738, #2054 ) ;
#2224 = EDGE_CURVE ( 'NONE', #6841, #3160, #5304, .T. ) ;
#2225 = AXIS2_PLACEMENT_3D ( 'NONE', #6077, #5506, #1844 ) ;
#2226 =( LENGTH_UNIT ( ) NAMED_UNIT ( * ) SI_UNIT ( .MILLI., .METRE. ) );
#2227 = VERTEX_POINT ( 'NONE', #6258 ) ;
#2228 = ORIENTED_EDGE ( 'NONE', *, *, #4748, .T. ) ;
#2229 = FILL_AREA_STYLE_COLOUR ( '', #3904 ) ;
#2230 = DIRECTION ( 'NONE',  ( 0.0000000000000000000, -1.000000000000000000, -0.0000000000000000000 ) ) ;
#2231 = CARTESIAN_POINT ( 'NONE',  ( 1.132670721784652600, -0.05000000000000000300, 2.292928937522325800 ) ) ;
#2232 = DIRECTION ( 'NONE',  ( 0.0000000000000000000, 0.0000000000000000000, -1.000000000000000000 ) ) ;
#2233 = CARTESIAN_POINT ( 'NONE',  ( -8.358723224855744100, -0.05000000000000000300, -5.392625304991305800E-016 ) ) ;
#2234 = EDGE_CURVE ( 'NONE', #5170, #5403, #1082, .T. ) ;
#2235 = CARTESIAN_POINT ( 'NONE',  ( -9.855445003483749700, -2.200000000000000200, -4.000000000000000000 ) ) ;
#2236 = DIRECTION ( 'NONE',  ( 0.0000000000000000000, -1.000000000000000000, 0.0000000000000000000 ) ) ;
#2237 = AXIS2_PLACEMENT_3D ( 'NONE', #2105, #6912, #3724 ) ;
#2238 = LINE ( 'NONE', #335, #3304 ) ;
#2239 = EDGE_CURVE ( 'NONE', #2303, #6457, #1240, .T. ) ;
#2240 = LINE ( 'NONE', #3138, #5230 ) ;
#2241 = ORIENTED_EDGE ( 'NONE', *, *, #2830, .T. ) ;
#2242 = EDGE_CURVE ( 'NONE', #2275, #6630, #2476, .T. ) ;
#2243 = LINE ( 'NONE', #6155, #822 ) ;
#2244 = DIRECTION ( 'NONE',  ( 1.000000000000000000, 0.0000000000000000000, -0.0000000000000000000 ) ) ;
#2245 = DIRECTION ( 'NONE',  ( 0.0000000000000000000, 1.000000000000000000, 0.0000000000000000000 ) ) ;
#2246 = EDGE_CURVE ( 'NONE', #5106, #5588, #5136, .T. ) ;
#2247 = ORIENTED_EDGE ( 'NONE', *, *, #251, .F. ) ;
#2248 = CARTESIAN_POINT ( 'NONE',  ( 1.439999999999999900, -2.200000000000000200, 4.675000000000001600 ) ) ;
#2249 = VECTOR ( 'NONE', #2795, 1000.000000000000000 ) ;
#2250 = DIRECTION ( 'NONE',  ( -0.0000000000000000000, -0.0000000000000000000, 1.000000000000000000 ) ) ;
#2251 = CARTESIAN_POINT ( 'NONE',  ( 2.429999999999999700, -2.149999999999999900, 5.000000000000000900 ) ) ;
#2252 = ORIENTED_EDGE ( 'NONE', *, *, #4248, .T. ) ;
#2253 = VERTEX_POINT ( 'NONE', #6696 ) ;
#2254 = VERTEX_POINT ( 'NONE', #2963 ) ;
#2255 = EDGE_LOOP ( 'NONE', ( #6142, #1784, #2996, #901 ) ) ;
#2256 = DIRECTION ( 'NONE',  ( 1.000000000000000000, 0.0000000000000000000, -0.0000000000000000000 ) ) ;
#2257 = CARTESIAN_POINT ( 'NONE',  ( -0.9571313147165008100, -0.05000000000000000300, 0.2452679893092398500 ) ) ;
#2258 = EDGE_CURVE ( 'NONE', #2446, #673, #2243, .T. ) ;
#2259 = EDGE_CURVE ( 'NONE', #5659, #6508, #3656, .T. ) ;
#2260 = DIRECTION ( 'NONE',  ( -0.0000000000000000000, -1.000000000000000000, -0.0000000000000000000 ) ) ;
#2261 = ORIENTED_EDGE ( 'NONE', *, *, #601, .T. ) ;
#2262 = ORIENTED_EDGE ( 'NONE', *, *, #584, .T. ) ;
#2263 = LINE ( 'NONE', #6756, #2093 ) ;
#2264 = CARTESIAN_POINT ( 'NONE',  ( 3.450000000000000200, 0.0000000000000000000, -4.000000000000000000 ) ) ;
#2265 = SURFACE_STYLE_FILL_AREA ( #606 ) ;
#2266 = CARTESIAN_POINT ( 'NONE',  ( 3.764886775781080000E-016, -3.050000000000000300, -9.591503366463465200 ) ) ;
#2267 = DIRECTION ( 'NONE',  ( -0.0000000000000000000, 0.0000000000000000000, -1.000000000000000000 ) ) ;
#2268 = FACE_OUTER_BOUND ( 'NONE', #4750, .T. ) ;
#2269 = DIRECTION ( 'NONE',  ( 0.0000000000000000000, 0.0000000000000000000, 1.000000000000000000 ) ) ;
#2270 = EDGE_CURVE ( 'NONE', #851, #2147, #3738, .T. ) ;
#2271 = LINE ( 'NONE', #3844, #3336 ) ;
#2272 = CARTESIAN_POINT ( 'NONE',  ( -9.855445003483749700, -2.149999999999999900, 0.01782600801236681300 ) ) ;
#2273 = VECTOR ( 'NONE', #1464, 1000.000000000000000 ) ;
#2274 = LINE ( 'NONE', #3687, #859 ) ;
#2275 = VERTEX_POINT ( 'NONE', #3490 ) ;
#2276 = EDGE_CURVE ( 'NONE', #6050, #2947, #3470, .T. ) ;
#2277 = ORIENTED_EDGE ( 'NONE', *, *, #1421, .T. ) ;
#2278 = FACE_OUTER_BOUND ( 'NONE', #2563, .T. ) ;
#2279 = VECTOR ( 'NONE', #6774, 1000.000000000000000 ) ;
#2280 = VECTOR ( 'NONE', #3378, 1000.000000000000000 ) ;
#2281 = LINE ( 'NONE', #4237, #3858 ) ;
#2282 = VECTOR ( 'NONE', #3981, 1000.000000000000000 ) ;
#2283 = LINE ( 'NONE', #2482, #3704 ) ;
#2284 = ORIENTED_EDGE ( 'NONE', *, *, #1690, .T. ) ;
#2285 = CARTESIAN_POINT ( 'NONE',  ( -2.429999999999999700, -3.050000000000000300, -3.800000000000000300 ) ) ;
#2286 = DIRECTION ( 'NONE',  ( -0.7660444431189774600, 0.0000000000000000000, -0.6427876096865399200 ) ) ;
#2287 = ORIENTED_EDGE ( 'NONE', *, *, #5222, .F. ) ;
#2288 = ORIENTED_EDGE ( 'NONE', *, *, #6552, .F. ) ;
#2289 = LINE ( 'NONE', #504, #876 ) ;
#2290 = ORIENTED_EDGE ( 'NONE', *, *, #4403, .T. ) ;
#2291 = ORIENTED_EDGE ( 'NONE', *, *, #5500, .T. ) ;
#2292 = LINE ( 'NONE', #399, #4942 ) ;
#2293 = ORIENTED_EDGE ( 'NONE', *, *, #4851, .T. ) ;
#2294 = CARTESIAN_POINT ( 'NONE',  ( 0.4500000000000007300, -2.200000000000000200, 0.01782600801236681300 ) ) ;
#2295 = CARTESIAN_POINT ( 'NONE',  ( -0.9899999999999986600, -3.050000000000000300, -3.800000000000001200 ) ) ;
#2296 = EDGE_CURVE ( 'NONE', #6462, #5935, #6322, .T. ) ;
#2297 = DIRECTION ( 'NONE',  ( 0.0000000000000000000, -0.0000000000000000000, 1.000000000000000000 ) ) ;
#2298 = DIRECTION ( 'NONE',  ( -0.7660444431189766800, 0.0000000000000000000, 0.6427876096865409200 ) ) ;
#2299 = LINE ( 'NONE', #4416, #5292 ) ;
#2300 = ORIENTED_EDGE ( 'NONE', *, *, #6517, .F. ) ;
#2301 = ORIENTED_EDGE ( 'NONE', *, *, #4525, .F. ) ;
#2302 = EDGE_LOOP ( 'NONE', ( #3868, #1287, #218, #1839 ) ) ;
#2303 = VERTEX_POINT ( 'NONE', #1419 ) ;
#2304 = EDGE_LOOP ( 'NONE', ( #2290, #2637, #17, #5298, #3080, #1177 ) ) ;
#2305 = EDGE_LOOP ( 'NONE', ( #4304, #4735, #5789, #3865 ) ) ;
#2306 = FACE_OUTER_BOUND ( 'NONE', #2377, .T. ) ;
#2307 = STYLED_ITEM ( 'NONE', ( #5195 ), #1501 ) ;
#2308 = ORIENTED_EDGE ( 'NONE', *, *, #3915, .F. ) ;
#2309 = PLANE ( 'NONE',  #2607 ) ;
#2310 = VECTOR ( 'NONE', #1370, 1000.000000000000000 ) ;
#2311 = VECTOR ( 'NONE', #5955, 1000.000000000000000 ) ;
#2312 = AXIS2_PLACEMENT_3D ( 'NONE', #6416, #3224, #36 ) ;
#2313 = EDGE_CURVE ( 'NONE', #2883, #1633, #653, .T. ) ;
#2314 = CARTESIAN_POINT ( 'NONE',  ( -9.855445003483749700, -2.200000000000000200, 0.01782600801236681300 ) ) ;
#2315 = DIRECTION ( 'NONE',  ( 0.0000000000000000000, 1.000000000000000000, 0.0000000000000000000 ) ) ;
#2316 =( NAMED_UNIT ( * ) SI_UNIT ( $, .STERADIAN. ) SOLID_ANGLE_UNIT ( ) );
#2317 = ADVANCED_FACE ( 'NONE', ( #4892 ), #5133, .T. ) ;
#2318 = VECTOR ( 'NONE', #4233, 1000.000000000000000 ) ;
#2319 = CARTESIAN_POINT ( 'NONE',  ( -2.429999999999997900, -3.050000000000000300, -5.000000000000000000 ) ) ;
#2320 = DIRECTION ( 'NONE',  ( -1.000000000000000000, -0.0000000000000000000, -0.0000000000000000000 ) ) ;
#2321 = COLOUR_RGB ( '',1.000000000000000000, 1.000000000000000000, 1.000000000000000000 ) ;
#2322 = AXIS2_PLACEMENT_3D ( 'NONE', #4401, #174, #3353 ) ;
#2323 = AXIS2_PLACEMENT_3D ( 'NONE', #3864, #672, #4390 ) ;
#2324 = DIRECTION ( 'NONE',  ( 0.0000000000000000000, -0.0000000000000000000, 1.000000000000000000 ) ) ;
#2325 = EDGE_CURVE ( 'NONE', #2942, #851, #1906, .T. ) ;
#2326 = VECTOR ( 'NONE', #1228, 1000.000000000000000 ) ;
#2327 = CARTESIAN_POINT ( 'NONE',  ( -0.9382855567520613800, -0.05000000000000000300, -4.625715922452436800E-017 ) ) ;
#2328 = VERTEX_POINT ( 'NONE', #910 ) ;
#2329 =( NAMED_UNIT ( * ) SI_UNIT ( $, .STERADIAN. ) SOLID_ANGLE_UNIT ( ) );
#2330 = VERTEX_POINT ( 'NONE', #4611 ) ;
#2331 = VERTEX_POINT ( 'NONE', #1981 ) ;
#2332 = DIRECTION ( 'NONE',  ( -1.000000000000000000, 0.0000000000000000000, -1.445602896647339900E-015 ) ) ;
#2333 = ADVANCED_FACE ( 'NONE', ( #3155 ), #2509, .T. ) ;
#2334 = DIRECTION ( 'NONE',  ( 0.0000000000000000000, 0.0000000000000000000, 1.000000000000000000 ) ) ;
#2335 = MECHANICAL_DESIGN_GEOMETRIC_PRESENTATION_REPRESENTATION (  '', ( #1550 ), #2699 ) ;
#2336 = DIRECTION ( 'NONE',  ( -0.0000000000000000000, 0.0000000000000000000, -1.000000000000000000 ) ) ;
#2337 = EDGE_LOOP ( 'NONE', ( #2801, #3396, #2903, #3356 ) ) ;
#2338 = PRESENTATION_LAYER_ASSIGNMENT (  '', '', ( #1647 ) ) ;
#2339 = ORIENTED_EDGE ( 'NONE', *, *, #3422, .F. ) ;
#2340 = CARTESIAN_POINT ( 'NONE',  ( -3.204999999999999600, -2.200000000000000200, 5.000000000000000900 ) ) ;
#2341 = ORIENTED_EDGE ( 'NONE', *, *, #2813, .F. ) ;
#2342 = ADVANCED_FACE ( 'NONE', ( #4553 ), #3065, .F. ) ;
#2343 = COLOUR_RGB ( '',0.9882352941176471000, 0.7372549019607843600, 0.5137254901960783800 ) ;
#2344 = EDGE_CURVE ( 'NONE', #1991, #4758, #5314, .T. ) ;
#2345 = DIRECTION ( 'NONE',  ( -0.7071067811865513500, 0.0000000000000000000, 0.7071067811865438000 ) ) ;
#2346 = DIRECTION ( 'NONE',  ( -1.000000000000000000, -0.0000000000000000000, -0.0000000000000000000 ) ) ;
#2347 = CYLINDRICAL_SURFACE ( 'NONE', #6129, 0.3249999999999997900 ) ;
#2348 = ORIENTED_EDGE ( 'NONE', *, *, #4063, .T. ) ;
#2349 = PLANE ( 'NONE',  #1779 ) ;
#2350 = VECTOR ( 'NONE', #1078, 1000.000000000000000 ) ;
#2351 = CARTESIAN_POINT ( 'NONE',  ( 0.9899999999999979900, -2.149999999999999900, -4.999999999999999100 ) ) ;
#2352 = VECTOR ( 'NONE', #4759, 1000.000000000000000 ) ;
#2353 = PRESENTATION_STYLE_ASSIGNMENT (( #3540 ) ) ;
#2354 = CARTESIAN_POINT ( 'NONE',  ( -0.9899999999999991000, -3.000000000000000000, -4.999999999999999100 ) ) ;
#2355 = ORIENTED_EDGE ( 'NONE', *, *, #4616, .T. ) ;
#2356 = AXIS2_PLACEMENT_3D ( 'NONE', #5670, #6229, #3025 ) ;
#2357 = VERTEX_POINT ( 'NONE', #1494 ) ;
#2358 = CARTESIAN_POINT ( 'NONE',  ( 1.890000000000015200, -2.200000000000000200, 0.01782600801232352200 ) ) ;
#2359 = DIRECTION ( 'NONE',  ( 1.000000000000000000, 0.0000000000000000000, -0.0000000000000000000 ) ) ;
#2360 = EDGE_CURVE ( 'NONE', #4622, #1658, #2486, .T. ) ;
#2361 = EDGE_LOOP ( 'NONE', ( #5109, #6869, #5964, #4675 ) ) ;
#2362 = ORIENTED_EDGE ( 'NONE', *, *, #834, .F. ) ;
#2363 = EDGE_LOOP ( 'NONE', ( #5746, #4772, #217, #2212 ) ) ;
#2364 = VECTOR ( 'NONE', #6710, 1000.000000000000000 ) ;
#2365 = EDGE_CURVE ( 'NONE', #2137, #1709, #3897, .T. ) ;
#2366 = ORIENTED_EDGE ( 'NONE', *, *, #126, .F. ) ;
#2367 = FACE_OUTER_BOUND ( 'NONE', #3309, .T. ) ;
#2368 = VERTEX_POINT ( 'NONE', #6273 ) ;
#2369 = VECTOR ( 'NONE', #5811, 1000.000000000000000 ) ;
#2370 = DIRECTION ( 'NONE',  ( 0.0000000000000000000, 0.0000000000000000000, 1.000000000000000000 ) ) ;
#2371 = VERTEX_POINT ( 'NONE', #6819 ) ;
#2372 = EDGE_LOOP ( 'NONE', ( #6036, #5455, #5213, #2754 ) ) ;
#2373 = ADVANCED_FACE ( 'NONE', ( #6580 ), #3088, .T. ) ;
#2374 = CARTESIAN_POINT ( 'NONE',  ( -1.143628000647807200, -0.05000000000000000300, -0.08877868892848876600 ) ) ;
#2375 = CARTESIAN_POINT ( 'NONE',  ( -9.855445003483749700, -2.200000000000000200, 5.000000000000000900 ) ) ;
#2376 = VECTOR ( 'NONE', #1691, 1000.000000000000000 ) ;
#2377 = EDGE_LOOP ( 'NONE', ( #1135, #356, #5519, #123 ) ) ;
#2378 = ORIENTED_EDGE ( 'NONE', *, *, #6402, .T. ) ;
#2379 = PLANE ( 'NONE',  #1821 ) ;
#2380 =( LENGTH_UNIT ( ) NAMED_UNIT ( * ) SI_UNIT ( .MILLI., .METRE. ) );
#2381 = CARTESIAN_POINT ( 'NONE',  ( 1.115000000000000200, -3.000000000000000000, 5.000000000000000900 ) ) ;
#2382 = DIRECTION ( 'NONE',  ( -0.6427876096865400300, 0.0000000000000000000, -0.7660444431189775700 ) ) ;
#2383 = ADVANCED_FACE ( 'NONE', ( #5145 ), #5228, .F. ) ;
#2384 = VECTOR ( 'NONE', #1660, 1000.000000000000000 ) ;
#2385 = DIRECTION ( 'NONE',  ( -0.0000000000000000000, -1.000000000000000000, -0.0000000000000000000 ) ) ;
#2386 = EDGE_LOOP ( 'NONE', ( #5568, #1132, #5127, #4054 ) ) ;
#2387 = VERTEX_POINT ( 'NONE', #1514 ) ;
#2388 = CARTESIAN_POINT ( 'NONE',  ( -1.957752890125070900, -0.05000000000000000300, 2.280495266663355100 ) ) ;
#2389 = CIRCLE ( 'NONE', #666, 0.3249999999999997900 ) ;
#2390 = CARTESIAN_POINT ( 'NONE',  ( -9.855445003483749700, -2.200000000000000200, 5.000000000000000900 ) ) ;
#2391 = EDGE_CURVE ( 'NONE', #2911, #6163, #3234, .T. ) ;
#2392 = EDGE_CURVE ( 'NONE', #5577, #4213, #4643, .T. ) ;
#2393 = LINE ( 'NONE', #2188, #6648 ) ;
#2394 = DIRECTION ( 'NONE',  ( -1.000000000000000000, 0.0000000000000000000, -0.0000000000000000000 ) ) ;
#2395 = ORIENTED_EDGE ( 'NONE', *, *, #584, .F. ) ;
#2396 = AXIS2_PLACEMENT_3D ( 'NONE', #974, #4669, #1500 ) ;
#2397 = DIRECTION ( 'NONE',  ( -0.0000000000000000000, -1.000000000000000000, -0.0000000000000000000 ) ) ;
#2398 = EDGE_CURVE ( 'NONE', #4228, #375, #1818, .T. ) ;
#2399 =( LENGTH_UNIT ( ) NAMED_UNIT ( * ) SI_UNIT ( .MILLI., .METRE. ) );
#2400 = CARTESIAN_POINT ( 'NONE',  ( 2.007555736996880400, 2.032879073410320800E-017, -2.171381580069955400 ) ) ;
#2401 = EDGE_CURVE ( 'NONE', #3673, #3790, #4472, .T. ) ;
#2402 = ADVANCED_FACE ( 'NONE', ( #5903 ), #5266, .F. ) ;
#2403 = DIRECTION ( 'NONE',  ( -0.0000000000000000000, 0.0000000000000000000, -1.000000000000000000 ) ) ;
#2404 = ORIENTED_EDGE ( 'NONE', *, *, #2831, .F. ) ;
#2405 = CARTESIAN_POINT ( 'NONE',  ( -0.3250000000000010700, -2.200000000000000200, -4.999999999999999100 ) ) ;
#2406 = LINE ( 'NONE', #638, #5057 ) ;
#2407 = ORIENTED_EDGE ( 'NONE', *, *, #6158, .F. ) ;
#2408 = CARTESIAN_POINT ( 'NONE',  ( -1.239153049900260800, -0.05000000000000000300, -2.186446609406719900 ) ) ;
#2409 = ADVANCED_FACE ( 'NONE', ( #1667 ), #6892, .F. ) ;
#2410 = DIRECTION ( 'NONE',  ( 0.0000000000000000000, 1.000000000000000000, 0.0000000000000000000 ) ) ;
#2411 = ORIENTED_EDGE ( 'NONE', *, *, #2485, .T. ) ;
#2412 = VERTEX_POINT ( 'NONE', #3140 ) ;
#2413 = ORIENTED_EDGE ( 'NONE', *, *, #2000, .T. ) ;
#2414 = CARTESIAN_POINT ( 'NONE',  ( -3.449999999999999300, 0.0000000000000000000, 4.000000000000000000 ) ) ;
#2415 = DIRECTION ( 'NONE',  ( -1.000000000000000000, 0.0000000000000000000, -0.0000000000000000000 ) ) ;
#2416 = DIRECTION ( 'NONE',  ( -1.000000000000000000, 0.0000000000000000000, -0.0000000000000000000 ) ) ;
#2417 = VERTEX_POINT ( 'NONE', #4752 ) ;
#2418 = CARTESIAN_POINT ( 'NONE',  ( -3.330000000000001000, -3.000000000000000000, -4.999999999999999100 ) ) ;
#2419 = FACE_OUTER_BOUND ( 'NONE', #585, .T. ) ;
#2420 = CIRCLE ( 'NONE', #4914, 0.3249999999999997900 ) ;
#2421 = AXIS2_PLACEMENT_3D ( 'NONE', #5879, #2676, #6412 ) ;
#2422 = DIRECTION ( 'NONE',  ( 0.0000000000000000000, -1.000000000000000000, 0.0000000000000000000 ) ) ;
#2423 = CARTESIAN_POINT ( 'NONE',  ( -3.330000000000001000, -3.000000000000000000, -4.999999999999999100 ) ) ;
#2424 = SURFACE_STYLE_FILL_AREA ( #6638 ) ;
#2425 = LINE ( 'NONE', #1436, #3690 ) ;
#2426 = FACE_OUTER_BOUND ( 'NONE', #91, .T. ) ;
#2427 = ORIENTED_EDGE ( 'NONE', *, *, #1935, .F. ) ;
#2428 = DIRECTION ( 'NONE',  ( -1.000000000000000000, 0.0000000000000000000, -0.0000000000000000000 ) ) ;
#2429 = DIRECTION ( 'NONE',  ( -0.0000000000000000000, 0.0000000000000000000, 1.000000000000000000 ) ) ;
#2430 = ADVANCED_FACE ( 'NONE', ( #1496 ), #4225, .F. ) ;
#2431 = CARTESIAN_POINT ( 'NONE',  ( -1.224606353822377500E-015, -3.050000000000000300, -4.675000000000001600 ) ) ;
#2432 = AXIS2_PLACEMENT_3D ( 'NONE', #1442, #5680, #2504 ) ;
#2433 = VERTEX_POINT ( 'NONE', #1591 ) ;
#2434 = FACE_OUTER_BOUND ( 'NONE', #6031, .T. ) ;
#2435 = VECTOR ( 'NONE', #3561, 1000.000000000000000 ) ;
#2436 = CIRCLE ( 'NONE', #3092, 0.3249999999999997900 ) ;
#2437 = LINE ( 'NONE', #4741, #4012 ) ;
#2438 = LINE ( 'NONE', #2408, #2282 ) ;
#2439 = VECTOR ( 'NONE', #6174, 1000.000000000000000 ) ;
#2440 = EDGE_LOOP ( 'NONE', ( #6257, #4319, #2933, #6167 ) ) ;
#2441 = ORIENTED_EDGE ( 'NONE', *, *, #3112, .F. ) ;
#2442 = PLANE ( 'NONE',  #5017 ) ;
#2443 = CARTESIAN_POINT ( 'NONE',  ( -1.764999999999999700, -2.149999999999999900, 5.000000000000000900 ) ) ;
#2444 = DIRECTION ( 'NONE',  ( 0.0000000000000000000, -1.000000000000000000, -0.0000000000000000000 ) ) ;
#2445 = CARTESIAN_POINT ( 'NONE',  ( -9.855445003483749700, -2.149999999999999900, -4.000000000000000000 ) ) ;
#2446 = VERTEX_POINT ( 'NONE', #6382 ) ;
#2447 = VECTOR ( 'NONE', #1013, 1000.000000000000000 ) ;
#2448 = CARTESIAN_POINT ( 'NONE',  ( 0.8341837335646630200, 0.0000000000000000000, 0.4520023924431960100 ) ) ;
#2449 = ADVANCED_FACE ( 'NONE', ( #5543 ), #4145, .F. ) ;
#2450 = AXIS2_PLACEMENT_3D ( 'NONE', #3906, #1611, #5318 ) ;
#2451 = ORIENTED_EDGE ( 'NONE', *, *, #5686, .T. ) ;
#2452 = VECTOR ( 'NONE', #2991, 1000.000000000000000 ) ;
#2453 = FACE_BOUND ( 'NONE', #6046, .T. ) ;
#2454 = VERTEX_POINT ( 'NONE', #4243 ) ;
#2455 = MECHANICAL_DESIGN_GEOMETRIC_PRESENTATION_REPRESENTATION (  '', ( #1389 ), #2809 ) ;
#2456 = PRESENTATION_STYLE_ASSIGNMENT (( #3513 ) ) ;
#2457 = CARTESIAN_POINT ( 'NONE',  ( 0.4500000000000007300, -3.000000000000000400, -4.999999999999999100 ) ) ;
#2458 = DIRECTION ( 'NONE',  ( 0.0000000000000000000, 1.000000000000000000, -0.0000000000000000000 ) ) ;
#2459 = PLANE ( 'NONE',  #2081 ) ;
#2460 = SURFACE_SIDE_STYLE ('',( #6190 ) ) ;
#2461 = CYLINDRICAL_SURFACE ( 'NONE', #5207, 0.3249999999999997900 ) ;
#2462 = EDGE_CURVE ( 'NONE', #4847, #2357, #75, .T. ) ;
#2463 = ORIENTED_EDGE ( 'NONE', *, *, #1301, .T. ) ;
#2464 = CARTESIAN_POINT ( 'NONE',  ( -9.855445003483749700, -2.149999999999999900, 5.000000000000000900 ) ) ;
#2465 = EDGE_LOOP ( 'NONE', ( #2932, #3289, #3452, #771 ) ) ;
#2466 = ORIENTED_EDGE ( 'NONE', *, *, #3177, .F. ) ;
#2467 = ORIENTED_EDGE ( 'NONE', *, *, #1434, .T. ) ;
#2468 = ORIENTED_EDGE ( 'NONE', *, *, #3416, .T. ) ;
#2469 =( NAMED_UNIT ( * ) PLANE_ANGLE_UNIT ( ) SI_UNIT ( $, .RADIAN. ) );
#2470 = LINE ( 'NONE', #2251, #1393 ) ;
#2471 = DIRECTION ( 'NONE',  ( 0.6427876096865435800, 0.0000000000000000000, 0.7660444431189744600 ) ) ;
#2472 = EDGE_LOOP ( 'NONE', ( #3390, #4848, #3400, #1932 ) ) ;
#2473 = CARTESIAN_POINT ( 'NONE',  ( -9.855445003483749700, -2.149999999999999900, -4.999999999999999100 ) ) ;
#2474 = DIRECTION ( 'NONE',  ( 0.0000000000000000000, 0.0000000000000000000, -1.000000000000000000 ) ) ;
#2475 = EDGE_CURVE ( 'NONE', #2254, #6344, #4315, .T. ) ;
#2476 = LINE ( 'NONE', #2943, #2310 ) ;
#2477 = DIRECTION ( 'NONE',  ( -1.355252715606881000E-016, -0.0000000000000000000, 1.000000000000000000 ) ) ;
#2478 = ADVANCED_FACE ( 'NONE', ( #5390 ), #5858, .T. ) ;
#2479 = LINE ( 'NONE', #5397, #2311 ) ;
#2480 = VERTEX_POINT ( 'NONE', #5317 ) ;
#2481 = CARTESIAN_POINT ( 'NONE',  ( -3.450000000000000200, -2.200000000000000200, -4.999999999999999100 ) ) ;
#2482 = CARTESIAN_POINT ( 'NONE',  ( -1.764999999999999700, -2.149999999999999900, 5.000000000000000900 ) ) ;
#2483 = CARTESIAN_POINT ( 'NONE',  ( -3.330000000000001000, -3.050000000000000300, -5.000000000000000000 ) ) ;
#2484 = LINE ( 'NONE', #6831, #909 ) ;
#2485 = EDGE_CURVE ( 'NONE', #4338, #4202, #1319, .T. ) ;
#2486 = LINE ( 'NONE', #419, #1089 ) ;
#2487 = EDGE_CURVE ( 'NONE', #2088, #2695, #3963, .T. ) ;
#2488 = DIRECTION ( 'NONE',  ( 1.000000000000000000, 0.0000000000000000000, -0.0000000000000000000 ) ) ;
#2489 = SURFACE_STYLE_USAGE ( .BOTH. , #5661 ) ;
#2490 = EDGE_CURVE ( 'NONE', #3439, #878, #1163, .T. ) ;
#2491 = ADVANCED_FACE ( 'NONE', ( #2892 ), #6425, .F. ) ;
#2492 = CARTESIAN_POINT ( 'NONE',  ( -1.689844449592064400, -0.05000000000000000300, 0.3695513319236000100 ) ) ;
#2493 = DIRECTION ( 'NONE',  ( -1.000000000000000000, 0.0000000000000000000, -0.0000000000000000000 ) ) ;
#2494 = MECHANICAL_DESIGN_GEOMETRIC_PRESENTATION_REPRESENTATION (  '', ( #1428 ), #2838 ) ;
#2495 = AXIS2_PLACEMENT_3D ( 'NONE', #3521, #3552, #368 ) ;
#2496 = CARTESIAN_POINT ( 'NONE',  ( -3.330000000000001000, -3.050000000000000300, -5.000000000000000000 ) ) ;
#2497 = CARTESIAN_POINT ( 'NONE',  ( 2.429999999999997900, -2.149999999999999900, -4.999999999999999100 ) ) ;
#2498 = DIRECTION ( 'NONE',  ( -0.0000000000000000000, -1.000000000000000000, -0.0000000000000000000 ) ) ;
#2499 = EDGE_CURVE ( 'NONE', #6753, #3790, #2393, .T. ) ;
#2500 = EDGE_CURVE ( 'NONE', #2446, #343, #3819, .T. ) ;
#2501 = DIRECTION ( 'NONE',  ( -0.0000000000000000000, -1.000000000000000000, -0.0000000000000000000 ) ) ;
#2502 = DIRECTION ( 'NONE',  ( 6.505213034913026600E-016, -0.0000000000000000000, 1.000000000000000000 ) ) ;
#2503 = LINE ( 'NONE', #5952, #1099 ) ;
#2504 = DIRECTION ( 'NONE',  ( 1.807003620809174900E-016, 0.0000000000000000000, -1.000000000000000000 ) ) ;
#2505 = ORIENTED_EDGE ( 'NONE', *, *, #338, .F. ) ;
#2506 = ORIENTED_EDGE ( 'NONE', *, *, #3556, .T. ) ;
#2507 =( LENGTH_UNIT ( ) NAMED_UNIT ( * ) SI_UNIT ( .MILLI., .METRE. ) );
#2508 = ORIENTED_EDGE ( 'NONE', *, *, #2344, .F. ) ;
#2509 = PLANE ( 'NONE',  #4626 ) ;
#2510 = FILL_AREA_STYLE ('',( #2229 ) ) ;
#2511 = ORIENTED_EDGE ( 'NONE', *, *, #1772, .T. ) ;
#2512 = SURFACE_STYLE_FILL_AREA ( #996 ) ;
#2513 = ADVANCED_FACE ( 'NONE', ( #5045 ), #2718, .T. ) ;
#2514 = PLANE ( 'NONE',  #1813 ) ;
#2515 = FILL_AREA_STYLE_COLOUR ( '', #5478 ) ;
#2516 = CLOSED_SHELL ( 'NONE', ( #3036, #4537, #2826, #6251, #312, #6605, #882, #1325 ) ) ;
#2517 = EDGE_CURVE ( 'NONE', #318, #3334, #2240, .T. ) ;
#2518 = LINE ( 'NONE', #1450, #6687 ) ;
#2519 = PLANE ( 'NONE',  #4127 ) ;
#2520 = CARTESIAN_POINT ( 'NONE',  ( -0.9900000000000041000, -2.149999999999999900, -4.999999999999999100 ) ) ;
#2521 = CIRCLE ( 'NONE', #4700, 0.3249999999999997900 ) ;
#2522 = CARTESIAN_POINT ( 'NONE',  ( -1.889999999999999900, -3.050000000000000300, -9.591503366463465200 ) ) ;
#2523 = DIRECTION ( 'NONE',  ( 0.0000000000000000000, 0.0000000000000000000, -1.000000000000000000 ) ) ;
#2524 = ADVANCED_FACE ( 'NONE', ( #6314 ), #6327, .T. ) ;
#2525 = DIRECTION ( 'NONE',  ( -0.0000000000000000000, -1.000000000000000000, -0.0000000000000000000 ) ) ;
#2526 = LINE ( 'NONE', #16, #3608 ) ;
#2527 = VECTOR ( 'NONE', #5301, 1000.000000000000000 ) ;
#2528 = DIRECTION ( 'NONE',  ( 0.0000000000000000000, 0.0000000000000000000, 1.000000000000000000 ) ) ;
#2529 = LINE ( 'NONE', #329, #1130 ) ;
#2530 = DIRECTION ( 'NONE',  ( 0.0000000000000000000, 1.000000000000000000, 0.0000000000000000000 ) ) ;
#2531 = ORIENTED_EDGE ( 'NONE', *, *, #3553, .T. ) ;
#2532 = VERTEX_POINT ( 'NONE', #5788 ) ;
#2533 = MECHANICAL_DESIGN_GEOMETRIC_PRESENTATION_REPRESENTATION (  '', ( #1815 ), #2879 ) ;
#2534 = CARTESIAN_POINT ( 'NONE',  ( -9.855445003483749700, -2.200000000000000200, 0.01782600801236681300 ) ) ;
#2535 = EDGE_LOOP ( 'NONE', ( #1427, #2646, #2362, #2177 ) ) ;
#2536 = CARTESIAN_POINT ( 'NONE',  ( 2.430000000000000200, -3.050000000000000300, 3.800000000000000300 ) ) ;
#2537 = ORIENTED_EDGE ( 'NONE', *, *, #5620, .T. ) ;
#2538 = ORIENTED_EDGE ( 'NONE', *, *, #4368, .F. ) ;
#2539 = VECTOR ( 'NONE', #6162, 1000.000000000000000 ) ;
#2540 = UNCERTAINTY_MEASURE_WITH_UNIT (LENGTH_MEASURE( 1.000000000000000100E-005 ), #3249, 'distance_accuracy_value', 'NONE');
#2541 = FACE_OUTER_BOUND ( 'NONE', #3932, .T. ) ;
#2542 = ORIENTED_EDGE ( 'NONE', *, *, #1521, .F. ) ;
#2543 = ORIENTED_EDGE ( 'NONE', *, *, #2132, .T. ) ;
#2544 = COLOUR_RGB ( '',1.000000000000000000, 0.7529411764705882200, 0.0000000000000000000 ) ;
#2545 = VERTEX_POINT ( 'NONE', #1567 ) ;
#2546 = DIRECTION ( 'NONE',  ( 0.7660444431189777900, 0.0000000000000000000, -0.6427876096865395800 ) ) ;
#2547 =( NAMED_UNIT ( * ) SI_UNIT ( $, .STERADIAN. ) SOLID_ANGLE_UNIT ( ) );
#2548 = AXIS2_PLACEMENT_3D ( 'NONE', #1331, #6655, #3455 ) ;
#2549 = EDGE_CURVE ( 'NONE', #5189, #6040, #3652, .T. ) ;
#2550 = LINE ( 'NONE', #5262, #5021 ) ;
#2551 = FILL_AREA_STYLE ('',( #4650 ) ) ;
#2552 = CARTESIAN_POINT ( 'NONE',  ( 0.9900000000000002100, -2.200000000000000200, 5.000000000000000900 ) ) ;
#2553 = FACE_OUTER_BOUND ( 'NONE', #556, .T. ) ;
#2554 = DIRECTION ( 'NONE',  ( -0.0000000000000000000, 1.000000000000000000, 0.0000000000000000000 ) ) ;
#2555 = ADVANCED_FACE ( 'NONE', ( #4879 ), #5265, .F. ) ;
#2556 = ORIENTED_EDGE ( 'NONE', *, *, #6907, .T. ) ;
#2557 = ORIENTED_EDGE ( 'NONE', *, *, #985, .T. ) ;
#2558 = CARTESIAN_POINT ( 'NONE',  ( -3.205000000000001400, -2.149999999999999900, -4.999999999999999100 ) ) ;
#2559 = LINE ( 'NONE', #3463, #1154 ) ;
#2560 = CARTESIAN_POINT ( 'NONE',  ( 3.329999999999999600, -2.200000000000000200, 5.000000000000000900 ) ) ;
#2561 = ORIENTED_EDGE ( 'NONE', *, *, #6325, .F. ) ;
#2562 = ORIENTED_EDGE ( 'NONE', *, *, #609, .T. ) ;
#2563 = EDGE_LOOP ( 'NONE', ( #3083, #4254, #5097, #4953 ) ) ;
#2564 = CARTESIAN_POINT ( 'NONE',  ( -5.892161442081254900, -0.05000000000000000300, 2.466561782774414200 ) ) ;
#2565 = ADVANCED_FACE ( 'NONE', ( #647 ), #4224, .F. ) ;
#2566 = DIRECTION ( 'NONE',  ( 0.0000000000000000000, 1.000000000000000000, 0.0000000000000000000 ) ) ;
#2567 = VECTOR ( 'NONE', #4799, 1000.000000000000000 ) ;
#2568 = CARTESIAN_POINT ( 'NONE',  ( 2.879999999999999900, -2.200000000000000200, 5.000000000000000900 ) ) ;
#2569 = DIRECTION ( 'NONE',  ( -0.0000000000000000000, -0.0000000000000000000, 1.000000000000000000 ) ) ;
#2570 = DIRECTION ( 'NONE',  ( -0.0000000000000000000, -1.000000000000000000, -0.0000000000000000000 ) ) ;
#2571 = ORIENTED_EDGE ( 'NONE', *, *, #1088, .F. ) ;
#2572 = STYLED_ITEM ( 'NONE', ( #4520 ), #1018 ) ;
#2573 = DIRECTION ( 'NONE',  ( 0.0000000000000000000, 0.0000000000000000000, -1.000000000000000000 ) ) ;
#2574 = SURFACE_STYLE_USAGE ( .BOTH. , #5760 ) ;
#2575 = EDGE_CURVE ( 'NONE', #334, #3208, #2068, .T. ) ;
#2576 = DIRECTION ( 'NONE',  ( 0.1736481776669205600, 0.0000000000000000000, -0.9848077530122096900 ) ) ;
#2577 = CLOSED_SHELL ( 'NONE', ( #6614, #3069, #1307, #5639, #924, #1018, #3602, #1897, #4431, #5721, #4556, #889, #6739, #4705, #5732, #6148, #6137, #6704, #1298, #4602, #255, #6843, #4069, #4645, #5122, #3385, #5043, #5052, #709, #2869, #6645, #6320, #3595, #5676, #4036, #3947, #1960, #5023, #1411, #3646, #3472, #432, #2915, #3557, #5088, #2333, #463, #1400, #6768, #6017, #5008, #2895, #358, #5166, #2317, #3935, #6714, #2024, #5197, #838, #1887, #5232, #3667, #2409, #4566, #3402, #6298, #5616, #4663, #2373, #1491 ) ) ;
#2578 = ADVANCED_FACE ( 'NONE', ( #997 ), #3175, .T. ) ;
#2579 = LINE ( 'NONE', #2048, #6654 ) ;
#2580 = EDGE_CURVE ( 'NONE', #250, #6842, #1901, .T. ) ;
#2581 = ORIENTED_EDGE ( 'NONE', *, *, #4876, .F. ) ;
#2582 = DIRECTION ( 'NONE',  ( 0.0000000000000000000, 1.000000000000000000, 0.0000000000000000000 ) ) ;
#2583 = CARTESIAN_POINT ( 'NONE',  ( 1.439999999999998600, -3.050000000000000300, -4.675000000000001600 ) ) ;
#2584 = CARTESIAN_POINT ( 'NONE',  ( -5.421334652019827300, -0.05000000000000000300, -3.500643384522374600 ) ) ;
#2585 = EDGE_CURVE ( 'NONE', #2330, #1230, #4722, .T. ) ;
#2586 = EDGE_CURVE ( 'NONE', #2532, #535, #492, .T. ) ;
#2587 = DIRECTION ( 'NONE',  ( 0.0000000000000000000, 1.000000000000000000, 0.0000000000000000000 ) ) ;
#2588 = ORIENTED_EDGE ( 'NONE', *, *, #2462, .T. ) ;
#2589 = ORIENTED_EDGE ( 'NONE', *, *, #6150, .F. ) ;
#2590 = CARTESIAN_POINT ( 'NONE',  ( -8.358723224855744100, -0.05000000000000000300, -5.392625304991305800E-016 ) ) ;
#2591 = ORIENTED_EDGE ( 'NONE', *, *, #3997, .T. ) ;
#2592 = CARTESIAN_POINT ( 'NONE',  ( -2.989254451489293400, -0.05000000000000000300, -4.505519267349762400 ) ) ;
#2593 = CARTESIAN_POINT ( 'NONE',  ( -1.827738750453014500, -0.05000000000000000300, 1.151588773425235900 ) ) ;
#2594 = EDGE_CURVE ( 'NONE', #5854, #873, #3307, .T. ) ;
#2595 = VERTEX_POINT ( 'NONE', #3203 ) ;
#2596 = VECTOR ( 'NONE', #5599, 1000.000000000000000 ) ;
#2597 = CARTESIAN_POINT ( 'NONE',  ( 3.450000000000000200, -3.000000000000000000, 5.000000000000000900 ) ) ;
#2598 = COLOUR_RGB ( '',1.000000000000000000, 0.7529411764705882200, 0.0000000000000000000 ) ;
#2599 = DIRECTION ( 'NONE',  ( 0.0000000000000000000, 1.000000000000000000, 0.0000000000000000000 ) ) ;
#2600 = LINE ( 'NONE', #4964, #6675 ) ;
#2601 = LINE ( 'NONE', #1387, #1194 ) ;
#2602 = VECTOR ( 'NONE', #4744, 1000.000000000000000 ) ;
#2603 = ORIENTED_EDGE ( 'NONE', *, *, #5426, .T. ) ;
#2604 = PLANE ( 'NONE',  #5980 ) ;
#2605 = DIRECTION ( 'NONE',  ( -1.000000000000000000, 0.0000000000000000000, -0.0000000000000000000 ) ) ;
#2606 = VERTEX_POINT ( 'NONE', #3746 ) ;
#2607 = AXIS2_PLACEMENT_3D ( 'NONE', #3338, #6030, #2829 ) ;
#2608 = CIRCLE ( 'NONE', #6826, 0.3249999999999997900 ) ;
#2609 = PLANE ( 'NONE',  #2076 ) ;
#2610 = CARTESIAN_POINT ( 'NONE',  ( -2.879999999999999900, -2.200000000000000200, 5.000000000000002700 ) ) ;
#2611 = DIRECTION ( 'NONE',  ( 0.0000000000000000000, 0.0000000000000000000, -1.000000000000000000 ) ) ;
#2612 = VECTOR ( 'NONE', #5779, 1000.000000000000000 ) ;
#2613 = LINE ( 'NONE', #2390, #3859 ) ;
#2614 = LINE ( 'NONE', #3487, #5273 ) ;
#2615 = ORIENTED_EDGE ( 'NONE', *, *, #573, .F. ) ;
#2616 = ORIENTED_EDGE ( 'NONE', *, *, #4890, .T. ) ;
#2617 = DIRECTION ( 'NONE',  ( 0.0000000000000000000, -0.0000000000000000000, 1.000000000000000000 ) ) ;
#2618 = DIRECTION ( 'NONE',  ( 1.000000000000000000, 0.0000000000000000000, 0.0000000000000000000 ) ) ;
#2619 = EDGE_LOOP ( 'NONE', ( #1681, #2834, #3706, #3546 ) ) ;
#2620 = EDGE_CURVE ( 'NONE', #5204, #864, #5816, .T. ) ;
#2621 = EDGE_CURVE ( 'NONE', #1000, #5874, #4384, .T. ) ;
#2622 = LINE ( 'NONE', #3644, #4203 ) ;
#2623 = DIRECTION ( 'NONE',  ( 1.000000000000000000, 0.0000000000000000000, -0.0000000000000000000 ) ) ;
#2624 = ORIENTED_EDGE ( 'NONE', *, *, #2401, .F. ) ;
#2625 = FACE_BOUND ( 'NONE', #6076, .T. ) ;
#2626 = DIRECTION ( 'NONE',  ( 0.0000000000000000000, 0.0000000000000000000, -1.000000000000000000 ) ) ;
#2627 = ORIENTED_EDGE ( 'NONE', *, *, #699, .T. ) ;
#2628 = LINE ( 'NONE', #1386, #5444 ) ;
#2629 = PRESENTATION_STYLE_ASSIGNMENT (( #1350 ) ) ;
#2630 = AXIS2_PLACEMENT_3D ( 'NONE', #2653, #543, #4252 ) ;
#2631 = EDGE_CURVE ( 'NONE', #5836, #6080, #1734, .T. ) ;
#2632 = CARTESIAN_POINT ( 'NONE',  ( -3.204999999999999600, -2.149999999999999900, 5.000000000000000900 ) ) ;
#2633 = EDGE_CURVE ( 'NONE', #6524, #3655, #2970, .T. ) ;
#2634 = UNCERTAINTY_MEASURE_WITH_UNIT (LENGTH_MEASURE( 1.000000000000000100E-005 ), #3577, 'distance_accuracy_value', 'NONE');
#2635 = DIRECTION ( 'NONE',  ( 0.1736481776669218100, 0.0000000000000000000, -0.9848077530122095700 ) ) ;
#2636 = ORIENTED_EDGE ( 'NONE', *, *, #259, .F. ) ;
#2637 = ORIENTED_EDGE ( 'NONE', *, *, #1886, .F. ) ;
#2638 = CARTESIAN_POINT ( 'NONE',  ( -1.890000000000000100, -3.050000000000000300, -4.999999999999999100 ) ) ;
#2639 = CARTESIAN_POINT ( 'NONE',  ( -0.4500000000000002900, -3.050000000000000300, 3.800000000000001200 ) ) ;
#2640 = ORIENTED_EDGE ( 'NONE', *, *, #5440, .T. ) ;
#2641 = ORIENTED_EDGE ( 'NONE', *, *, #6178, .F. ) ;
#2642 = FACE_OUTER_BOUND ( 'NONE', #3488, .T. ) ;
#2643 = CARTESIAN_POINT ( 'NONE',  ( -3.449999999999999300, -2.200000000000000200, 4.000000000000000000 ) ) ;
#2644 = CARTESIAN_POINT ( 'NONE',  ( 2.879999999999999900, -2.149999999999999900, 5.000000000000000900 ) ) ;
#2645 = VECTOR ( 'NONE', #5387, 1000.000000000000000 ) ;
#2646 = ORIENTED_EDGE ( 'NONE', *, *, #6421, .F. ) ;
#2647 = EDGE_CURVE ( 'NONE', #2825, #3160, #148, .T. ) ;
#2648 = VECTOR ( 'NONE', #6293, 1000.000000000000000 ) ;
#2649 = ORIENTED_EDGE ( 'NONE', *, *, #1337, .T. ) ;
#2650 = VECTOR ( 'NONE', #4660, 1000.000000000000000 ) ;
#2651 = DIRECTION ( 'NONE',  ( 0.0000000000000000000, -1.000000000000000000, -0.0000000000000000000 ) ) ;
#2652 = CARTESIAN_POINT ( 'NONE',  ( 3.329999999999999600, -2.149999999999999900, 0.01782600801236681300 ) ) ;
#2653 = CARTESIAN_POINT ( 'NONE',  ( -9.855445003483749700, -2.149999999999999900, 0.01782600801236681300 ) ) ;
#2654 = AXIS2_PLACEMENT_3D ( 'NONE', #764, #4477, #6617 ) ;
#2655 = CARTESIAN_POINT ( 'NONE',  ( -3.450000000000000200, 0.0000000000000000000, -4.000000000000000000 ) ) ;
#2656 = ORIENTED_EDGE ( 'NONE', *, *, #6829, .T. ) ;
#2657 = CARTESIAN_POINT ( 'NONE',  ( -9.855445003483749700, -2.149999999999999900, 5.000000000000000900 ) ) ;
#2658 = DIRECTION ( 'NONE',  ( 0.0000000000000000000, 0.0000000000000000000, -1.000000000000000000 ) ) ;
#2659 = AXIS2_PLACEMENT_3D ( 'NONE', #5491, #2847, #6588 ) ;
#2660 = DIRECTION ( 'NONE',  ( 0.0000000000000000000, -0.0000000000000000000, 1.000000000000000000 ) ) ;
#2661 = CARTESIAN_POINT ( 'NONE',  ( -1.440000000000001500, -2.200000000000000200, -4.675000000000000700 ) ) ;
#2662 = CARTESIAN_POINT ( 'NONE',  ( -2.430000000000005000, -2.149999999999999900, 0.01782600801235715400 ) ) ;
#2663 = LINE ( 'NONE', #84, #5482 ) ;
#2664 = DIRECTION ( 'NONE',  ( 0.0000000000000000000, 1.000000000000000000, 0.0000000000000000000 ) ) ;
#2665 = EDGE_CURVE ( 'NONE', #3379, #2050, #1402, .T. ) ;
#2666 = PLANE ( 'NONE',  #3163 ) ;
#2667 = VERTEX_POINT ( 'NONE', #5365 ) ;
#2668 = VERTEX_POINT ( 'NONE', #2185 ) ;
#2669 = VERTEX_POINT ( 'NONE', #2716 ) ;
#2670 = PLANE ( 'NONE',  #843 ) ;
#2671 = AXIS2_PLACEMENT_3D ( 'NONE', #712, #6587, #3380 ) ;
#2672 = CARTESIAN_POINT ( 'NONE',  ( -2.429999999999999700, -3.000000000000000400, -3.799999999999999800 ) ) ;
#2673 = VERTEX_POINT ( 'NONE', #6447 ) ;
#2674 = DIRECTION ( 'NONE',  ( 0.0000000000000000000, -1.000000000000000000, 0.0000000000000000000 ) ) ;
#2675 = ORIENTED_EDGE ( 'NONE', *, *, #3299, .T. ) ;
#2676 = DIRECTION ( 'NONE',  ( 0.0000000000000000000, 1.000000000000000000, 0.0000000000000000000 ) ) ;
#2677 = DIRECTION ( 'NONE',  ( -0.0000000000000000000, 1.000000000000000000, 0.0000000000000000000 ) ) ;
#2678 = UNCERTAINTY_MEASURE_WITH_UNIT (LENGTH_MEASURE( 1.000000000000000100E-005 ), #297, 'distance_accuracy_value', 'NONE');
#2679 = CARTESIAN_POINT ( 'NONE',  ( -3.450000000000000200, -3.000000000000000000, -3.800000000000000300 ) ) ;
#2680 = DIRECTION ( 'NONE',  ( 0.0000000000000000000, 0.0000000000000000000, -1.000000000000000000 ) ) ;
#2681 = VECTOR ( 'NONE', #6159, 1000.000000000000000 ) ;
#2682 = DIRECTION ( 'NONE',  ( 0.0000000000000000000, 1.000000000000000000, 0.0000000000000000000 ) ) ;
#2683 = CIRCLE ( 'NONE', #3640, 0.3249999999999997900 ) ;
#2684 = ORIENTED_EDGE ( 'NONE', *, *, #3801, .T. ) ;
#2685 = CARTESIAN_POINT ( 'NONE',  ( -3.450000000000000200, 0.0000000000000000000, 1.839999999999999600 ) ) ;
#2686 = CARTESIAN_POINT ( 'NONE',  ( -1.537150042257976700, -0.05000000000000000300, -0.4964216843475583500 ) ) ;
#2687 = CARTESIAN_POINT ( 'NONE',  ( -3.450000000000000200, -3.050000000000000300, -4.999999999999999100 ) ) ;
#2688 = EDGE_CURVE ( 'NONE', #5233, #3788, #6731, .T. ) ;
#2689 = FILL_AREA_STYLE ('',( #5909 ) ) ;
#2690 = VECTOR ( 'NONE', #4223, 1000.000000000000000 ) ;
#2691 = PLANE ( 'NONE',  #3878 ) ;
#2692 = VECTOR ( 'NONE', #2651, 1000.000000000000000 ) ;
#2693 = VECTOR ( 'NONE', #2477, 1000.000000000000000 ) ;
#2694 = CIRCLE ( 'NONE', #3243, 0.3249999999999997900 ) ;
#2695 = VERTEX_POINT ( 'NONE', #596 ) ;
#2696 = ORIENTED_EDGE ( 'NONE', *, *, #748, .T. ) ;
#2697 = VERTEX_POINT ( 'NONE', #5906 ) ;
#2698 = ORIENTED_EDGE ( 'NONE', *, *, #5472, .T. ) ;
#2699 =( GEOMETRIC_REPRESENTATION_CONTEXT ( 3 ) GLOBAL_UNCERTAINTY_ASSIGNED_CONTEXT ( ( #70 ) ) GLOBAL_UNIT_ASSIGNED_CONTEXT ( ( #359, #4068, #903 ) ) REPRESENTATION_CONTEXT ( 'NONE', 'WORKASPACE' ) );
#2700 = SURFACE_SIDE_STYLE ('',( #5003 ) ) ;
#2701 = LINE ( 'NONE', #1143, #1286 ) ;
#2702 = ORIENTED_EDGE ( 'NONE', *, *, #5689, .T. ) ;
#2703 = DIRECTION ( 'NONE',  ( -1.000000000000000000, -0.0000000000000000000, -0.0000000000000000000 ) ) ;
#2704 = EDGE_LOOP ( 'NONE', ( #1381, #1554, #2920, #5326 ) ) ;
#2705 = LINE ( 'NONE', #5475, #49 ) ;
#2706 = ORIENTED_EDGE ( 'NONE', *, *, #3915, .T. ) ;
#2707 = MECHANICAL_DESIGN_GEOMETRIC_PRESENTATION_REPRESENTATION (  '', ( #1647 ), #3063 ) ;
#2708 = CARTESIAN_POINT ( 'NONE',  ( -0.5211717993440885300, 1.016439536705160400E-017, 0.3499999999999999200 ) ) ;
#2709 = LINE ( 'NONE', #4172, #1293 ) ;
#2710 = PLANE ( 'NONE',  #1098 ) ;
#2711 = DIRECTION ( 'NONE',  ( 0.6427876096865400300, 0.0000000000000000000, -0.7660444431189775700 ) ) ;
#2712 = CARTESIAN_POINT ( 'NONE',  ( 0.9900000000000002100, -2.149999999999999900, 4.000000000000000000 ) ) ;
#2713 = EDGE_CURVE ( 'NONE', #5476, #1290, #5463, .T. ) ;
#2714 = DIRECTION ( 'NONE',  ( -1.000000000000000000, -0.0000000000000000000, 0.0000000000000000000 ) ) ;
#2715 = DIRECTION ( 'NONE',  ( 0.0000000000000000000, 1.000000000000000000, 0.0000000000000000000 ) ) ;
#2716 = CARTESIAN_POINT ( 'NONE',  ( 2.555000000000000200, -2.149999999999999900, 5.000000000000000900 ) ) ;
#2717 = FACE_OUTER_BOUND ( 'NONE', #5395, .T. ) ;
#2718 = PLANE ( 'NONE',  #6289 ) ;
#2719 = ORIENTED_EDGE ( 'NONE', *, *, #2106, .T. ) ;
#2720 = ORIENTED_EDGE ( 'NONE', *, *, #1666, .F. ) ;
#2721 = SURFACE_SIDE_STYLE ('',( #5515 ) ) ;
#2722 =( GEOMETRIC_REPRESENTATION_CONTEXT ( 3 ) GLOBAL_UNCERTAINTY_ASSIGNED_CONTEXT ( ( #3965 ) ) GLOBAL_UNIT_ASSIGNED_CONTEXT ( ( #5749, #6292, #3098 ) ) REPRESENTATION_CONTEXT ( 'NONE', 'WORKASPACE' ) );
#2723 = AXIS2_PLACEMENT_3D ( 'NONE', #6353, #1568, #3698 ) ;
#2724 = VECTOR ( 'NONE', #2403, 1000.000000000000000 ) ;
#2725 = EDGE_CURVE ( 'NONE', #3966, #4377, #1241, .T. ) ;
#2726 = ORIENTED_EDGE ( 'NONE', *, *, #6454, .T. ) ;
#2727 = ORIENTED_EDGE ( 'NONE', *, *, #5206, .F. ) ;
#2728 = CARTESIAN_POINT ( 'NONE',  ( 3.450000000000000200, -3.000000000000000000, 5.000000000000000900 ) ) ;
#2729 = EDGE_CURVE ( 'NONE', #42, #2167, #4226, .T. ) ;
#2730 = DIRECTION ( 'NONE',  ( 0.0000000000000000000, -1.000000000000000000, -0.0000000000000000000 ) ) ;
#2731 = CARTESIAN_POINT ( 'NONE',  ( -1.440000000000001500, -3.050000000000000300, -5.000000000000000000 ) ) ;
#2732 = CARTESIAN_POINT ( 'NONE',  ( -9.855445003483749700, -2.149999999999999900, -4.999999999999999100 ) ) ;
#2733 = LINE ( 'NONE', #2388, #1318 ) ;
#2734 = DIRECTION ( 'NONE',  ( 0.0000000000000000000, 0.0000000000000000000, 1.000000000000000000 ) ) ;
#2735 = VECTOR ( 'NONE', #5834, 1000.000000000000000 ) ;
#2736 = FILL_AREA_STYLE_COLOUR ( '', #1535 ) ;
#2737 = CARTESIAN_POINT ( 'NONE',  ( 2.429999999999999300, -2.200000000000000200, 4.000000000000000000 ) ) ;
#2738 = CARTESIAN_POINT ( 'NONE',  ( 3.329999999999999600, -2.149999999999999900, 5.000000000000000900 ) ) ;
#2739 = AXIS2_PLACEMENT_3D ( 'NONE', #4400, #1238, #4933 ) ;
#2740 = VERTEX_POINT ( 'NONE', #621 ) ;
#2741 = CARTESIAN_POINT ( 'NONE',  ( -1.890000000000001200, -2.149999999999999900, -4.999999999999999100 ) ) ;
#2742 = CARTESIAN_POINT ( 'NONE',  ( 3.329999999999999600, -2.149999999999999900, 4.000000000000000000 ) ) ;
#2743 = PLANE ( 'NONE',  #5302 ) ;
#2744 = ORIENTED_EDGE ( 'NONE', *, *, #6911, .F. ) ;
#2745 = VECTOR ( 'NONE', #5717, 1000.000000000000000 ) ;
#2746 = ORIENTED_EDGE ( 'NONE', *, *, #6419, .T. ) ;
#2747 = CARTESIAN_POINT ( 'NONE',  ( -1.890000000000001000, -2.149999999999999900, 0.01782600801236681300 ) ) ;
#2748 = ORIENTED_EDGE ( 'NONE', *, *, #1565, .F. ) ;
#2749 = EDGE_CURVE ( 'NONE', #4350, #4344, #5306, .T. ) ;
#2750 = EDGE_CURVE ( 'NONE', #3966, #2114, #2479, .T. ) ;
#2751 = DIRECTION ( 'NONE',  ( 0.0000000000000000000, -1.000000000000000000, -0.0000000000000000000 ) ) ;
#2752 =( NAMED_UNIT ( * ) SI_UNIT ( $, .STERADIAN. ) SOLID_ANGLE_UNIT ( ) );
#2753 = ORIENTED_EDGE ( 'NONE', *, *, #2866, .T. ) ;
#2754 = ORIENTED_EDGE ( 'NONE', *, *, #4187, .F. ) ;
#2755 = AXIS2_PLACEMENT_3D ( 'NONE', #5060, #5600, #2415 ) ;
#2756 = CARTESIAN_POINT ( 'NONE',  ( 0.3249999999999998400, -2.149999999999999900, 5.000000000000000900 ) ) ;
#2757 = AXIS2_PLACEMENT_3D ( 'NONE', #5769, #2582, #6310 ) ;
#2758 = DIRECTION ( 'NONE',  ( 0.0000000000000000000, 1.000000000000000000, 0.0000000000000000000 ) ) ;
#2759 = EDGE_CURVE ( 'NONE', #1441, #3907, #6577, .T. ) ;
#2760 = ORIENTED_EDGE ( 'NONE', *, *, #1215, .F. ) ;
#2761 = DIRECTION ( 'NONE',  ( 0.0000000000000000000, 1.000000000000000000, 0.0000000000000000000 ) ) ;
#2762 = EDGE_CURVE ( 'NONE', #4108, #239, #904, .T. ) ;
#2763 = CARTESIAN_POINT ( 'NONE',  ( 3.764886775781080000E-016, -3.050000000000000300, -9.591503366463465200 ) ) ;
#2764 = CIRCLE ( 'NONE', #5704, 0.3249999999999997900 ) ;
#2765 = CIRCLE ( 'NONE', #3148, 0.3249999999999997900 ) ;
#2766 = EDGE_LOOP ( 'NONE', ( #3522, #1923, #6593, #3258 ) ) ;
#2767 = VECTOR ( 'NONE', #6029, 1000.000000000000000 ) ;
#2768 = VECTOR ( 'NONE', #308, 1000.000000000000000 ) ;
#2769 = VECTOR ( 'NONE', #1533, 1000.000000000000000 ) ;
#2770 = ORIENTED_EDGE ( 'NONE', *, *, #2242, .T. ) ;
#2771 = DIRECTION ( 'NONE',  ( 1.000000000000000000, 0.0000000000000000000, 0.0000000000000000000 ) ) ;
#2772 = CARTESIAN_POINT ( 'NONE',  ( -1.890000000000001000, -2.149999999999999900, 0.01782600801236681300 ) ) ;
#2773 = EDGE_LOOP ( 'NONE', ( #5907, #1861, #2261, #5844 ) ) ;
#2774 = ORIENTED_EDGE ( 'NONE', *, *, #2633, .T. ) ;
#2775 = VECTOR ( 'NONE', #4479, 1000.000000000000000 ) ;
#2776 = ORIENTED_EDGE ( 'NONE', *, *, #2234, .T. ) ;
#2777 = DIRECTION ( 'NONE',  ( 1.000000000000000000, 0.0000000000000000000, -0.0000000000000000000 ) ) ;
#2778 = LINE ( 'NONE', #1028, #5430 ) ;
#2779 = LINE ( 'NONE', #4983, #6871 ) ;
#2780 = ORIENTED_EDGE ( 'NONE', *, *, #4147, .T. ) ;
#2781 = CARTESIAN_POINT ( 'NONE',  ( -2.016446208322371100, 7.623296525288703100E-018, 2.221801948466052900 ) ) ;
#2782 = FACE_OUTER_BOUND ( 'NONE', #4364, .T. ) ;
#2783 = EDGE_LOOP ( 'NONE', ( #1704, #5439, #4668, #2852 ) ) ;
#2784 = VECTOR ( 'NONE', #1506, 1000.000000000000000 ) ;
#2785 = CARTESIAN_POINT ( 'NONE',  ( -3.204999999999999600, -3.050000000000000300, 5.000000000000000900 ) ) ;
#2786 = ORIENTED_EDGE ( 'NONE', *, *, #94, .T. ) ;
#2787 = VECTOR ( 'NONE', #5162, 1000.000000000000000 ) ;
#2788 = AXIS2_PLACEMENT_3D ( 'NONE', #4234, #4763, #1601 ) ;
#2789 = VECTOR ( 'NONE', #5602, 1000.000000000000000 ) ;
#2790 = ORIENTED_EDGE ( 'NONE', *, *, #3079, .F. ) ;
#2791 = FACE_OUTER_BOUND ( 'NONE', #5124, .T. ) ;
#2792 = AXIS2_PLACEMENT_3D ( 'NONE', #911, #4614, #6745 ) ;
#2793 = DIRECTION ( 'NONE',  ( 0.0000000000000000000, 1.000000000000000000, 0.0000000000000000000 ) ) ;
#2794 = PLANE ( 'NONE',  #1124 ) ;
#2795 = DIRECTION ( 'NONE',  ( -0.0000000000000000000, -0.0000000000000000000, 1.000000000000000000 ) ) ;
#2796 = EDGE_LOOP ( 'NONE', ( #5221, #4236, #1015, #4076 ) ) ;
#2797 = DIRECTION ( 'NONE',  ( 0.0000000000000000000, -1.000000000000000000, 0.0000000000000000000 ) ) ;
#2798 = DIRECTION ( 'NONE',  ( 0.0000000000000000000, 0.0000000000000000000, 1.000000000000000000 ) ) ;
#2799 = ORIENTED_EDGE ( 'NONE', *, *, #3786, .F. ) ;
#2800 = CARTESIAN_POINT ( 'NONE',  ( -1.890000000000002100, -2.149999999999999900, -4.999999999999999100 ) ) ;
#2801 = ORIENTED_EDGE ( 'NONE', *, *, #354, .T. ) ;
#2802 = FILL_AREA_STYLE_COLOUR ( '', #3440 ) ;
#2803 = VECTOR ( 'NONE', #6482, 1000.000000000000100 ) ;
#2804 = SURFACE_SIDE_STYLE ('',( #119 ) ) ;
#2805 = DIRECTION ( 'NONE',  ( 0.0000000000000000000, -0.0000000000000000000, 1.000000000000000000 ) ) ;
#2806 = DIRECTION ( 'NONE',  ( 0.0000000000000000000, -0.0000000000000000000, 1.000000000000000000 ) ) ;
#2807 = VECTOR ( 'NONE', #577, 1000.000000000000000 ) ;
#2808 = VERTEX_POINT ( 'NONE', #6491 ) ;
#2809 =( GEOMETRIC_REPRESENTATION_CONTEXT ( 3 ) GLOBAL_UNCERTAINTY_ASSIGNED_CONTEXT ( ( #6078 ) ) GLOBAL_UNIT_ASSIGNED_CONTEXT ( ( #2992, #6728, #3525 ) ) REPRESENTATION_CONTEXT ( 'NONE', 'WORKASPACE' ) );
#2810 = LINE ( 'NONE', #4017, #4058 ) ;
#2811 = ORIENTED_EDGE ( 'NONE', *, *, #4049, .T. ) ;
#2812 = PLANE ( 'NONE',  #3039 ) ;
#2813 = EDGE_CURVE ( 'NONE', #6201, #3049, #729, .T. ) ;
#2814 = DIRECTION ( 'NONE',  ( 0.0000000000000000000, -1.000000000000000000, -0.0000000000000000000 ) ) ;
#2815 = ORIENTED_EDGE ( 'NONE', *, *, #4803, .F. ) ;
#2816 = DIRECTION ( 'NONE',  ( 0.0000000000000000000, 0.0000000000000000000, -1.000000000000000000 ) ) ;
#2817 = CARTESIAN_POINT ( 'NONE',  ( 2.879999999999998600, -3.050000000000000300, -4.675000000000001600 ) ) ;
#2818 = VECTOR ( 'NONE', #916, 1000.000000000000000 ) ;
#2819 = DIRECTION ( 'NONE',  ( 0.0000000000000000000, 1.000000000000000000, 0.0000000000000000000 ) ) ;
#2820 = EDGE_CURVE ( 'NONE', #3674, #1658, #4960, .T. ) ;
#2821 = CARTESIAN_POINT ( 'NONE',  ( -3.330000000000001000, -3.000000000000000400, -4.999999999999999100 ) ) ;
#2822 = VECTOR ( 'NONE', #3228, 1000.000000000000000 ) ;
#2823 = AXIS2_PLACEMENT_3D ( 'NONE', #3072, #6802, #3605 ) ;
#2824 = ORIENTED_EDGE ( 'NONE', *, *, #1682, .F. ) ;
#2825 = VERTEX_POINT ( 'NONE', #5975 ) ;
#2826 = ADVANCED_FACE ( 'NONE', ( #1984 ), #3312, .F. ) ;
#2827 = ORIENTED_EDGE ( 'NONE', *, *, #3809, .F. ) ;
#2828 = EDGE_CURVE ( 'NONE', #5712, #2204, #4800, .T. ) ;
#2829 = DIRECTION ( 'NONE',  ( 0.7071067811865438000, 0.0000000000000000000, 0.7071067811865513500 ) ) ;
#2830 = EDGE_CURVE ( 'NONE', #1378, #3871, #567, .T. ) ;
#2831 = EDGE_CURVE ( 'NONE', #343, #5595, #6057, .T. ) ;
#2832 = EDGE_LOOP ( 'NONE', ( #1016, #2241, #696, #6006, #3887, #5931 ) ) ;
#2833 = ORIENTED_EDGE ( 'NONE', *, *, #3556, .F. ) ;
#2834 = ORIENTED_EDGE ( 'NONE', *, *, #3695, .T. ) ;
#2835 = DIRECTION ( 'NONE',  ( 0.0000000000000000000, 1.000000000000000000, 0.0000000000000000000 ) ) ;
#2836 = CARTESIAN_POINT ( 'NONE',  ( 0.4262663950270750800, -0.05000000000000000300, 1.839999999999999600 ) ) ;
#2837 = CARTESIAN_POINT ( 'NONE',  ( -3.450000000000000200, -3.000000000000000000, 5.000000000000000900 ) ) ;
#2838 =( GEOMETRIC_REPRESENTATION_CONTEXT ( 3 ) GLOBAL_UNCERTAINTY_ASSIGNED_CONTEXT ( ( #6474 ) ) GLOBAL_UNIT_ASSIGNED_CONTEXT ( ( #2380, #6095, #2901 ) ) REPRESENTATION_CONTEXT ( 'NONE', 'WORKASPACE' ) );
#2839 = PRESENTATION_LAYER_ASSIGNMENT (  '', '', ( #2145 ) ) ;
#2840 = LINE ( 'NONE', #2464, #5342 ) ;
#2841 = CARTESIAN_POINT ( 'NONE',  ( -0.4500000000000002900, -3.050000000000000300, -5.000000000000000900 ) ) ;
#2842 = PLANE ( 'NONE',  #2671 ) ;
#2843 = EDGE_CURVE ( 'NONE', #4040, #4037, #3739, .T. ) ;
#2844 = CYLINDRICAL_SURFACE ( 'NONE', #2906, 0.3249999999999997900 ) ;
#2845 = ORIENTED_EDGE ( 'NONE', *, *, #4876, .T. ) ;
#2846 = EDGE_CURVE ( 'NONE', #718, #6359, #403, .T. ) ;
#2847 = DIRECTION ( 'NONE',  ( 0.0000000000000000000, 0.0000000000000000000, 1.000000000000000000 ) ) ;
#2848 = VECTOR ( 'NONE', #4731, 1000.000000000000000 ) ;
#2849 = FACE_OUTER_BOUND ( 'NONE', #6775, .T. ) ;
#2850 = CIRCLE ( 'NONE', #817, 0.3249999999999997900 ) ;
#2851 = LINE ( 'NONE', #2990, #35 ) ;
#2852 = ORIENTED_EDGE ( 'NONE', *, *, #5930, .T. ) ;
#2853 = ADVANCED_FACE ( 'NONE', ( #4463 ), #4928, .T. ) ;
#2854 = CARTESIAN_POINT ( 'NONE',  ( -0.3249999999999998400, -2.149999999999999900, 5.000000000000000900 ) ) ;
#2855 = ORIENTED_EDGE ( 'NONE', *, *, #1910, .T. ) ;
#2856 = ORIENTED_EDGE ( 'NONE', *, *, #5440, .F. ) ;
#2857 = VERTEX_POINT ( 'NONE', #6563 ) ;
#2858 = CIRCLE ( 'NONE', #728, 0.3249999999999997900 ) ;
#2859 = ORIENTED_EDGE ( 'NONE', *, *, #848, .T. ) ;
#2860 = ORIENTED_EDGE ( 'NONE', *, *, #2729, .T. ) ;
#2861 = VECTOR ( 'NONE', #4382, 1000.000000000000000 ) ;
#2862 = SURFACE_STYLE_FILL_AREA ( #4232 ) ;
#2863 = STYLED_ITEM ( 'NONE', ( #6787 ), #5043 ) ;
#2864 = ORIENTED_EDGE ( 'NONE', *, *, #573, .T. ) ;
#2865 = SURFACE_SIDE_STYLE ('',( #5671 ) ) ;
#2866 = EDGE_CURVE ( 'NONE', #4327, #5204, #233, .T. ) ;
#2867 = CIRCLE ( 'NONE', #3872, 0.4000000000000006300 ) ;
#2868 = CARTESIAN_POINT ( 'NONE',  ( 0.9730396196166175600, -0.05000000000000000300, -0.3354884696702040700 ) ) ;
#2869 = ADVANCED_FACE ( 'NONE', ( #5724 ), #708, .F. ) ;
#2870 = DIRECTION ( 'NONE',  ( 0.0000000000000000000, 0.0000000000000000000, -1.000000000000000000 ) ) ;
#2871 = FILL_AREA_STYLE ('',( #5517 ) ) ;
#2872 = VECTOR ( 'NONE', #288, 1000.000000000000000 ) ;
#2873 = ORIENTED_EDGE ( 'NONE', *, *, #984, .T. ) ;
#2874 = ORIENTED_EDGE ( 'NONE', *, *, #2296, .F. ) ;
#2875 = MANIFOLD_SOLID_BREP ( 'Imported8', #1615 ) ;
#2876 = CARTESIAN_POINT ( 'NONE',  ( -1.440000000000001500, -3.050000000000000300, -5.000000000000000000 ) ) ;
#2877 = ORIENTED_EDGE ( 'NONE', *, *, #2586, .F. ) ;
#2878 = CIRCLE ( 'NONE', #4094, 0.3249999999999997900 ) ;
#2879 =( GEOMETRIC_REPRESENTATION_CONTEXT ( 3 ) GLOBAL_UNCERTAINTY_ASSIGNED_CONTEXT ( ( #3905 ) ) GLOBAL_UNIT_ASSIGNED_CONTEXT ( ( #5072, #1907, #5614 ) ) REPRESENTATION_CONTEXT ( 'NONE', 'WORKASPACE' ) );
#2880 = CARTESIAN_POINT ( 'NONE',  ( -3.450000000000000200, -2.200000000000000200, -4.999999999999999100 ) ) ;
#2881 = CARTESIAN_POINT ( 'NONE',  ( 2.430000000000000200, -3.000000000000000400, 3.799999999999999800 ) ) ;
#2882 = ORIENTED_EDGE ( 'NONE', *, *, #2982, .F. ) ;
#2883 = VERTEX_POINT ( 'NONE', #2817 ) ;
#2884 = PRESENTATION_STYLE_ASSIGNMENT (( #4952 ) ) ;
#2885 = PRESENTATION_LAYER_ASSIGNMENT (  '', '', ( #2189 ) ) ;
#2886 = EDGE_CURVE ( 'NONE', #961, #5618, #2389, .T. ) ;
#2887 = DIRECTION ( 'NONE',  ( -1.000000000000000000, 0.0000000000000000000, -0.0000000000000000000 ) ) ;
#2888 = DIRECTION ( 'NONE',  ( 0.0000000000000000000, -0.0000000000000000000, -1.000000000000000000 ) ) ;
#2889 = CYLINDRICAL_SURFACE ( 'NONE', #4042, 0.3249999999999997900 ) ;
#2890 = CARTESIAN_POINT ( 'NONE',  ( -3.450000000000000200, -3.000000000000000000, -4.999999999999999100 ) ) ;
#2891 = ADVANCED_FACE ( 'NONE', ( #6133 ), #194, .F. ) ;
#2892 = FACE_OUTER_BOUND ( 'NONE', #2195, .T. ) ;
#2893 = ORIENTED_EDGE ( 'NONE', *, *, #3997, .F. ) ;
#2894 = DIRECTION ( 'NONE',  ( 0.7071067811865101600, 0.0000000000000000000, -0.7071067811865849900 ) ) ;
#2895 = ADVANCED_FACE ( 'NONE', ( #3302 ), #1826, .T. ) ;
#2896 = DIRECTION ( 'NONE',  ( 0.7071067811865438000, 0.0000000000000000000, 0.7071067811865513500 ) ) ;
#2897 = DIRECTION ( 'NONE',  ( -1.000000000000000000, 0.0000000000000000000, -0.0000000000000000000 ) ) ;
#2898 = EDGE_LOOP ( 'NONE', ( #3862, #2186, #4215, #4186 ) ) ;
#2899 = VECTOR ( 'NONE', #420, 1000.000000000000000 ) ;
#2900 = CARTESIAN_POINT ( 'NONE',  ( 1.132670721784651900, 0.0000000000000000000, 2.292928937522326300 ) ) ;
#2901 =( NAMED_UNIT ( * ) SI_UNIT ( $, .STERADIAN. ) SOLID_ANGLE_UNIT ( ) );
#2902 = ORIENTED_EDGE ( 'NONE', *, *, #1870, .F. ) ;
#2903 = ORIENTED_EDGE ( 'NONE', *, *, #4391, .F. ) ;
#2904 = CARTESIAN_POINT ( 'NONE',  ( 0.9899999999999997700, -2.200000000000000200, 4.000000000000000000 ) ) ;
#2905 = DIRECTION ( 'NONE',  ( 0.0000000000000000000, 0.0000000000000000000, 1.000000000000000000 ) ) ;
#2906 = AXIS2_PLACEMENT_3D ( 'NONE', #2731, #4834, #2199 ) ;
#2907 = ORIENTED_EDGE ( 'NONE', *, *, #5334, .T. ) ;
#2908 = ORIENTED_EDGE ( 'NONE', *, *, #1592, .F. ) ;
#2909 = DIRECTION ( 'NONE',  ( 1.000000000000000000, -0.0000000000000000000, 0.0000000000000000000 ) ) ;
#2910 = AXIS2_PLACEMENT_3D ( 'NONE', #3236, #3975, #808 ) ;
#2911 = VERTEX_POINT ( 'NONE', #2139 ) ;
#2912 = ORIENTED_EDGE ( 'NONE', *, *, #6552, .T. ) ;
#2913 = DIRECTION ( 'NONE',  ( 0.0000000000000000000, 1.000000000000000000, -0.0000000000000000000 ) ) ;
#2914 = VERTEX_POINT ( 'NONE', #5529 ) ;
#2915 = ADVANCED_FACE ( 'NONE', ( #1891 ), #2666, .F. ) ;
#2916 = EDGE_CURVE ( 'NONE', #2387, #6564, #4542, .T. ) ;
#2917 = DIRECTION ( 'NONE',  ( 0.0000000000000000000, 0.0000000000000000000, 1.000000000000000000 ) ) ;
#2918 = AXIS2_PLACEMENT_3D ( 'NONE', #4486, #3438, #263 ) ;
#2919 = LINE ( 'NONE', #2655, #3264 ) ;
#2920 = ORIENTED_EDGE ( 'NONE', *, *, #2631, .F. ) ;
#2921 = LINE ( 'NONE', #2285, #5764 ) ;
#2922 = DIRECTION ( 'NONE',  ( -0.0000000000000000000, -1.000000000000000000, -0.0000000000000000000 ) ) ;
#2923 = EDGE_CURVE ( 'NONE', #673, #4868, #5979, .T. ) ;
#2924 =( NAMED_UNIT ( * ) SI_UNIT ( $, .STERADIAN. ) SOLID_ANGLE_UNIT ( ) );
#2925 = FACE_OUTER_BOUND ( 'NONE', #1629, .T. ) ;
#2926 = LINE ( 'NONE', #4021, #2768 ) ;
#2927 = LINE ( 'NONE', #980, #5424 ) ;
#2928 = ORIENTED_EDGE ( 'NONE', *, *, #2631, .T. ) ;
#2929 = ADVANCED_FACE ( 'NONE', ( #485 ), #2691, .T. ) ;
#2930 = DIRECTION ( 'NONE',  ( -1.445602896647339900E-015, 0.0000000000000000000, 1.000000000000000000 ) ) ;
#2931 = EDGE_CURVE ( 'NONE', #4297, #2050, #4380, .T. ) ;
#2932 = ORIENTED_EDGE ( 'NONE', *, *, #1705, .F. ) ;
#2933 = ORIENTED_EDGE ( 'NONE', *, *, #3530, .F. ) ;
#2934 = EDGE_LOOP ( 'NONE', ( #4455, #6083, #1657, #3473, #165, #2902 ) ) ;
#2935 = LINE ( 'NONE', #237, #2775 ) ;
#2936 = EDGE_CURVE ( 'NONE', #6468, #4344, #304, .T. ) ;
#2937 = VECTOR ( 'NONE', #137, 1000.000000000000000 ) ;
#2938 = CARTESIAN_POINT ( 'NONE',  ( 0.4500000000000007300, -3.000000000000000000, -4.999999999999999100 ) ) ;
#2939 = CIRCLE ( 'NONE', #5066, 0.3249999999999997900 ) ;
#2940 = LINE ( 'NONE', #4456, #122 ) ;
#2941 = FILL_AREA_STYLE ('',( #5047 ) ) ;
#2942 = VERTEX_POINT ( 'NONE', #5370 ) ;
#2943 = CARTESIAN_POINT ( 'NONE',  ( -0.4499999999999903500, -2.200000000000000200, 0.01782600801234591000 ) ) ;
#2944 = CIRCLE ( 'NONE', #6014, 0.3249999999999997900 ) ;
#2945 = ORIENTED_EDGE ( 'NONE', *, *, #126, .T. ) ;
#2946 = VECTOR ( 'NONE', #3619, 1000.000000000000000 ) ;
#2947 = VERTEX_POINT ( 'NONE', #2193 ) ;
#2949 = EDGE_CURVE ( 'NONE', #5595, #6220, #2962, .T. ) ;
#2948 = EDGE_LOOP ( 'NONE', ( #39, #3760, #1820, #6106 ) ) ;
#2950 = LINE ( 'NONE', #5141, #5792 ) ;
#2951 = DIRECTION ( 'NONE',  ( -0.0000000000000000000, 0.0000000000000000000, -1.000000000000000000 ) ) ;
#2952 = CARTESIAN_POINT ( 'NONE',  ( 1.890000000000001000, -3.050000000000000300, -9.591503366463465200 ) ) ;
#2953 = DIRECTION ( 'NONE',  ( 0.0000000000000000000, 0.0000000000000000000, -1.000000000000000000 ) ) ;
#2954 = ADVANCED_FACE ( 'NONE', ( #145 ), #6453, .F. ) ;
#2955 = EDGE_LOOP ( 'NONE', ( #6695, #4989, #142, #114 ) ) ;
#2956 = STYLED_ITEM ( 'NONE', ( #747 ), #416 ) ;
#2957 = ORIENTED_EDGE ( 'NONE', *, *, #259, .T. ) ;
#2958 = VERTEX_POINT ( 'NONE', #73 ) ;
#2959 = DIRECTION ( 'NONE',  ( 0.0000000000000000000, 1.000000000000000000, 0.0000000000000000000 ) ) ;
#2960 = ORIENTED_EDGE ( 'NONE', *, *, #1773, .T. ) ;
#2961 = CARTESIAN_POINT ( 'NONE',  ( 3.764886775781080000E-016, -3.050000000000000300, 3.799999999999999400 ) ) ;
#2962 = LINE ( 'NONE', #4804, #4221 ) ;
#2963 = CARTESIAN_POINT ( 'NONE',  ( 2.429999999999999700, -3.050000000000000300, 5.000000000000000900 ) ) ;
#2964 = EDGE_CURVE ( 'NONE', #717, #5355, #5623, .T. ) ;
#2965 = CARTESIAN_POINT ( 'NONE',  ( -3.917991717748091900, -0.05000000000000000300, -3.726216169771396000 ) ) ;
#2966 = PLANE ( 'NONE',  #1746 ) ;
#2967 = EDGE_CURVE ( 'NONE', #5274, #116, #5810, .T. ) ;
#2968 = ADVANCED_FACE ( 'NONE', ( #2642 ), #2743, .T. ) ;
#2969 = CARTESIAN_POINT ( 'NONE',  ( -1.439999999999999900, -2.200000000000000200, 5.000000000000000000 ) ) ;
#2970 = LINE ( 'NONE', #47, #2807 ) ;
#2971 = VERTEX_POINT ( 'NONE', #1680 ) ;
#2972 = AXIS2_PLACEMENT_3D ( 'NONE', #3292, #1164, #83 ) ;
#2973 = PRESENTATION_LAYER_ASSIGNMENT (  '', '', ( #3707 ) ) ;
#2974 = VECTOR ( 'NONE', #2979, 1000.000000000000000 ) ;
#2975 = AXIS2_PLACEMENT_3D ( 'NONE', #4306, #1137, #4828 ) ;
#2976 = CARTESIAN_POINT ( 'NONE',  ( -9.855445003483749700, -2.149999999999999900, 4.000000000000000000 ) ) ;
#2977 = EDGE_CURVE ( 'NONE', #5559, #3174, #4044, .T. ) ;
#2978 = DIRECTION ( 'NONE',  ( -1.000000000000000000, 0.0000000000000000000, -0.0000000000000000000 ) ) ;
#2979 = DIRECTION ( 'NONE',  ( -3.469446951953614200E-015, 0.0000000000000000000, 1.000000000000000000 ) ) ;
#2980 = ORIENTED_EDGE ( 'NONE', *, *, #138, .F. ) ;
#2981 = DIRECTION ( 'NONE',  ( 0.0000000000000000000, 0.0000000000000000000, -1.000000000000000000 ) ) ;
#2982 = EDGE_CURVE ( 'NONE', #6841, #6630, #5457, .T. ) ;
#2983 = DIRECTION ( 'NONE',  ( -1.000000000000000000, -0.0000000000000000000, -0.0000000000000000000 ) ) ;
#2984 = DIRECTION ( 'NONE',  ( 0.0000000000000000000, 1.000000000000000000, 0.0000000000000000000 ) ) ;
#2985 = FILL_AREA_STYLE ('',( #5630 ) ) ;
#2986 = ORIENTED_EDGE ( 'NONE', *, *, #1908, .T. ) ;
#2987 = LINE ( 'NONE', #5666, #3161 ) ;
#2988 = DIRECTION ( 'NONE',  ( -0.0000000000000000000, -1.000000000000000000, -0.0000000000000000000 ) ) ;
#2989 = VERTEX_POINT ( 'NONE', #3831 ) ;
#2990 = CARTESIAN_POINT ( 'NONE',  ( 3.450000000000001100, -2.200000000000000200, -4.000000000000000000 ) ) ;
#2991 = DIRECTION ( 'NONE',  ( 0.0000000000000000000, -0.0000000000000000000, -1.000000000000000000 ) ) ;
#2992 =( LENGTH_UNIT ( ) NAMED_UNIT ( * ) SI_UNIT ( .MILLI., .METRE. ) );
#2993 = ADVANCED_FACE ( 'NONE', ( #5299 ), #111, .F. ) ;
#2994 = FACE_OUTER_BOUND ( 'NONE', #3633, .T. ) ;
#2995 = EDGE_CURVE ( 'NONE', #6457, #5526, #2470, .T. ) ;
#2996 = ORIENTED_EDGE ( 'NONE', *, *, #1076, .T. ) ;
#2997 = ORIENTED_EDGE ( 'NONE', *, *, #6549, .T. ) ;
#2998 = CARTESIAN_POINT ( 'NONE',  ( -1.224606353822377500E-015, -3.050000000000000300, -5.000000000000000900 ) ) ;
#2999 = ADVANCED_FACE ( 'NONE', ( #1074 ), #4891, .T. ) ;
#3000 = ORIENTED_EDGE ( 'NONE', *, *, #984, .F. ) ;
#3001 = VERTEX_POINT ( 'NONE', #2781 ) ;
#3002 = FILL_AREA_STYLE ('',( #1412 ) ) ;
#3003 = COLOUR_RGB ( '',0.7529411764705882200, 0.7529411764705882200, 0.7529411764705882200 ) ;
#3004 = VECTOR ( 'NONE', #2244, 1000.000000000000000 ) ;
#3005 = AXIS2_PLACEMENT_3D ( 'NONE', #5542, #2345, #2896 ) ;
#3006 = DIRECTION ( 'NONE',  ( 0.7071067811865369100, 0.0000000000000000000, -0.7071067811865581200 ) ) ;
#3007 = DIRECTION ( 'NONE',  ( 0.0000000000000000000, 1.000000000000000000, 0.0000000000000000000 ) ) ;
#3008 = DIRECTION ( 'NONE',  ( 0.7660444431189771300, 0.0000000000000000000, -0.6427876096865403600 ) ) ;
#3009 = LINE ( 'NONE', #6139, #1612 ) ;
#3010 = PRESENTATION_LAYER_ASSIGNMENT (  '', '', ( #2307 ) ) ;
#3011 = COLOUR_RGB ( '',0.9882352941176471000, 0.7372549019607843600, 0.5137254901960783800 ) ;
#3012 = DIRECTION ( 'NONE',  ( 0.0000000000000000000, 1.000000000000000000, 0.0000000000000000000 ) ) ;
#3013 = FACE_OUTER_BOUND ( 'NONE', #1684, .T. ) ;
#3014 = ORIENTED_EDGE ( 'NONE', *, *, #81, .F. ) ;
#3015 =( NAMED_UNIT ( * ) PLANE_ANGLE_UNIT ( ) SI_UNIT ( $, .RADIAN. ) );
#3016 = AXIS2_PLACEMENT_3D ( 'NONE', #1624, #1114, #4814 ) ;
#3017 = EDGE_CURVE ( 'NONE', #2357, #171, #1237, .T. ) ;
#3018 = LINE ( 'NONE', #2593, #1619 ) ;
#3019 = CIRCLE ( 'NONE', #2757, 0.3249999999999997900 ) ;
#3020 = VECTOR ( 'NONE', #1878, 1000.000000000000000 ) ;
#3021 = LINE ( 'NONE', #4563, #364 ) ;
#3022 = VECTOR ( 'NONE', #4129, 1000.000000000000000 ) ;
#3023 = ORIENTED_EDGE ( 'NONE', *, *, #1323, .T. ) ;
#3024 = DIRECTION ( 'NONE',  ( -1.000000000000000000, -0.0000000000000000000, 0.0000000000000000000 ) ) ;
#3025 = DIRECTION ( 'NONE',  ( -0.1736481776669218100, 0.0000000000000000000, 0.9848077530122095700 ) ) ;
#3026 = ORIENTED_EDGE ( 'NONE', *, *, #5861, .F. ) ;
#3027 = ORIENTED_EDGE ( 'NONE', *, *, #1515, .T. ) ;
#3028 = CARTESIAN_POINT ( 'NONE',  ( 3.450000000000000600, -2.200000000000000200, 4.000000000000000000 ) ) ;
#3029 = VERTEX_POINT ( 'NONE', #4909 ) ;
#3030 = VECTOR ( 'NONE', #1649, 1000.000000000000000 ) ;
#3031 = VERTEX_POINT ( 'NONE', #664 ) ;
#3032 = ORIENTED_EDGE ( 'NONE', *, *, #3250, .F. ) ;
#3033 = CARTESIAN_POINT ( 'NONE',  ( 0.9899999999999977700, -2.149999999999999900, 0.01782600801235976000 ) ) ;
#3034 = LINE ( 'NONE', #5984, #205 ) ;
#3035 = FACE_OUTER_BOUND ( 'NONE', #6705, .T. ) ;
#3036 = ADVANCED_FACE ( 'NONE', ( #5131 ), #1724, .T. ) ;
#3037 = EDGE_LOOP ( 'NONE', ( #1831, #6839, #68, #6800, #624, #1068, #5036 ) ) ;
#3038 = CARTESIAN_POINT ( 'NONE',  ( -9.855445003483749700, -2.149999999999999900, -4.999999999999999100 ) ) ;
#3039 = AXIS2_PLACEMENT_3D ( 'NONE', #6551, #164, #3889 ) ;
#3040 = VECTOR ( 'NONE', #5171, 1000.000000000000000 ) ;
#3041 = DIRECTION ( 'NONE',  ( 0.0000000000000000000, 1.000000000000000000, -0.0000000000000000000 ) ) ;
#3042 =( NAMED_UNIT ( * ) SI_UNIT ( $, .STERADIAN. ) SOLID_ANGLE_UNIT ( ) );
#3043 = SURFACE_SIDE_STYLE ('',( #5989 ) ) ;
#3044 = SURFACE_STYLE_USAGE ( .BOTH. , #6239 ) ;
#3045 = CARTESIAN_POINT ( 'NONE',  ( 0.8855996593070073500, -0.05000000000000000300, 2.539999999999997800 ) ) ;
#3046 = ADVANCED_FACE ( 'NONE', ( #2306 ), #5450, .T. ) ;
#3047 = FACE_OUTER_BOUND ( 'NONE', #4603, .T. ) ;
#3048 = EDGE_CURVE ( 'NONE', #961, #3439, #6397, .T. ) ;
#3049 = VERTEX_POINT ( 'NONE', #4934 ) ;
#3050 = DIRECTION ( 'NONE',  ( -1.000000000000000000, 0.0000000000000000000, -2.168404344971008900E-015 ) ) ;
#3051 = ORIENTED_EDGE ( 'NONE', *, *, #228, .F. ) ;
#3052 = CARTESIAN_POINT ( 'NONE',  ( -1.439999999999999900, -2.149999999999999900, 4.675000000000000700 ) ) ;
#3053 = ORIENTED_EDGE ( 'NONE', *, *, #1579, .T. ) ;
#3054 = CIRCLE ( 'NONE', #3381, 0.4000000000000006300 ) ;
#3055 = DIRECTION ( 'NONE',  ( 0.1736481776669218100, 0.0000000000000000000, -0.9848077530122095700 ) ) ;
#3056 = DIRECTION ( 'NONE',  ( 0.0000000000000000000, 1.000000000000000000, 0.0000000000000000000 ) ) ;
#3057 = AXIS2_PLACEMENT_3D ( 'NONE', #3621, #434, #4148 ) ;
#3058 = ORIENTED_EDGE ( 'NONE', *, *, #3291, .T. ) ;
#3059 = VERTEX_POINT ( 'NONE', #1239 ) ;
#3060 = DIRECTION ( 'NONE',  ( 1.000000000000000000, -0.0000000000000000000, 0.0000000000000000000 ) ) ;
#3061 = CARTESIAN_POINT ( 'NONE',  ( -0.3250000000000000100, -2.200000000000000200, 5.000000000000000900 ) ) ;
#3062 = VECTOR ( 'NONE', #680, 1000.000000000000000 ) ;
#3063 =( GEOMETRIC_REPRESENTATION_CONTEXT ( 3 ) GLOBAL_UNCERTAINTY_ASSIGNED_CONTEXT ( ( #4415 ) ) GLOBAL_UNIT_ASSIGNED_CONTEXT ( ( #3637, #450, #4163 ) ) REPRESENTATION_CONTEXT ( 'NONE', 'WORKASPACE' ) );
#3064 = VECTOR ( 'NONE', #5846, 1000.000000000000000 ) ;
#3065 = PLANE ( 'NONE',  #5341 ) ;
#3066 = EDGE_CURVE ( 'NONE', #198, #200, #3550, .T. ) ;
#3067 = DIRECTION ( 'NONE',  ( 0.0000000000000000000, -0.0000000000000000000, -1.000000000000000000 ) ) ;
#3068 = VECTOR ( 'NONE', #6864, 1000.000000000000000 ) ;
#3069 = ADVANCED_FACE ( 'NONE', ( #900 ), #4794, .F. ) ;
#3070 = ORIENTED_EDGE ( 'NONE', *, *, #3403, .T. ) ;
#3071 = DIRECTION ( 'NONE',  ( -0.0000000000000000000, -1.000000000000000000, -0.0000000000000000000 ) ) ;
#3072 = CARTESIAN_POINT ( 'NONE',  ( -3.450000000000000200, -3.000000000000000000, -4.999999999999999100 ) ) ;
#3073 = SURFACE_STYLE_USAGE ( .BOTH. , #6264 ) ;
#3074 = AXIS2_PLACEMENT_3D ( 'NONE', #1988, #3566, #6247 ) ;
#3075 = AXIS2_PLACEMENT_3D ( 'NONE', #50, #3769, #579 ) ;
#3076 = CARTESIAN_POINT ( 'NONE',  ( 0.0000000000000000000, 0.0000000000000000000, 0.0000000000000000000 ) ) ;
#3077 = EDGE_CURVE ( 'NONE', #2808, #6867, #6227, .T. ) ;
#3078 = CARTESIAN_POINT ( 'NONE',  ( -1.440000000000001500, -2.200000000000000200, -5.000000000000000000 ) ) ;
#3079 = EDGE_CURVE ( 'NONE', #6524, #1461, #724, .T. ) ;
#3080 = ORIENTED_EDGE ( 'NONE', *, *, #4877, .T. ) ;
#3081 = DIRECTION ( 'NONE',  ( -0.6427876096865418100, 0.0000000000000000000, -0.7660444431189760200 ) ) ;
#3082 = ADVANCED_FACE ( 'NONE', ( #4956 ), #2842, .F. ) ;
#3083 = ORIENTED_EDGE ( 'NONE', *, *, #212, .F. ) ;
#3084 = VERTEX_POINT ( 'NONE', #4421 ) ;
#3085 = DIRECTION ( 'NONE',  ( 0.0000000000000000000, 0.0000000000000000000, 1.000000000000000000 ) ) ;
#3086 = ORIENTED_EDGE ( 'NONE', *, *, #4260, .T. ) ;
#3087 = EDGE_CURVE ( 'NONE', #1000, #3362, #6054, .T. ) ;
#3088 = PLANE ( 'NONE',  #6060 ) ;
#3089 = CARTESIAN_POINT ( 'NONE',  ( 3.330000000000001400, -3.050000000000000300, -5.000000000000000000 ) ) ;
#3090 = DIRECTION ( 'NONE',  ( 0.7071067811865581200, -0.0000000000000000000, 0.7071067811865369100 ) ) ;
#3091 = ORIENTED_EDGE ( 'NONE', *, *, #5604, .F. ) ;
#3092 = AXIS2_PLACEMENT_3D ( 'NONE', #1254, #4957, #1781 ) ;
#3093 = CARTESIAN_POINT ( 'NONE',  ( -3.450000000000000200, 0.0000000000000000000, -2.539999999999998700 ) ) ;
#3094 = EDGE_LOOP ( 'NONE', ( #229, #2077, #4331, #1510 ) ) ;
#3095 = PLANE ( 'NONE',  #4181 ) ;
#3096 = SURFACE_SIDE_STYLE ('',( #5108 ) ) ;
#3097 = ORIENTED_EDGE ( 'NONE', *, *, #6296, .T. ) ;
#3098 =( NAMED_UNIT ( * ) SI_UNIT ( $, .STERADIAN. ) SOLID_ANGLE_UNIT ( ) );
#3099 = CARTESIAN_POINT ( 'NONE',  ( -3.450000000000000200, -3.000000000000000000, -4.999999999999999100 ) ) ;
#3100 = VECTOR ( 'NONE', #1039, 1000.000000000000000 ) ;
#3101 = DIRECTION ( 'NONE',  ( 0.0000000000000000000, 0.0000000000000000000, -1.000000000000000000 ) ) ;
#3102 = ORIENTED_EDGE ( 'NONE', *, *, #3301, .F. ) ;
#3103 = ADVANCED_FACE ( 'NONE', ( #3377 ), #6043, .T. ) ;
#3104 = VECTOR ( 'NONE', #2256, 1000.000000000000000 ) ;
#3105 = VECTOR ( 'NONE', #593, 1000.000000000000000 ) ;
#3106 = LINE ( 'NONE', #2728, #4508 ) ;
#3107 = DIRECTION ( 'NONE',  ( -0.0000000000000000000, 1.000000000000000000, 0.0000000000000000000 ) ) ;
#3108 = LINE ( 'NONE', #925, #273 ) ;
#3109 = ORIENTED_EDGE ( 'NONE', *, *, #3569, .F. ) ;
#3110 = CARTESIAN_POINT ( 'NONE',  ( -0.6177775058068195600, 2.032879073410320800E-017, -1.679303097578362900 ) ) ;
#3111 = EDGE_CURVE ( 'NONE', #6344, #117, #3226, .T. ) ;
#3112 = EDGE_CURVE ( 'NONE', #1974, #2275, #1809, .T. ) ;
#3113 =( NAMED_UNIT ( * ) PLANE_ANGLE_UNIT ( ) SI_UNIT ( $, .RADIAN. ) );
#3114 = EDGE_LOOP ( 'NONE', ( #3354, #1754 ) ) ;
#3115 = VERTEX_POINT ( 'NONE', #4450 ) ;
#3116 = ORIENTED_EDGE ( 'NONE', *, *, #4659, .T. ) ;
#3117 = LINE ( 'NONE', #1487, #280 ) ;
#3118 = VECTOR ( 'NONE', #644, 1000.000000000000100 ) ;
#3119 = LINE ( 'NONE', #5796, #1547 ) ;
#3120 = ORIENTED_EDGE ( 'NONE', *, *, #2843, .F. ) ;
#3121 = AXIS2_PLACEMENT_3D ( 'NONE', #2027, #449, #4162 ) ;
#3122 = EDGE_CURVE ( 'NONE', #4943, #6782, #394, .T. ) ;
#3123 = LINE ( 'NONE', #1095, #287 ) ;
#3124 = ORIENTED_EDGE ( 'NONE', *, *, #4492, .T. ) ;
#3125 = DIRECTION ( 'NONE',  ( -0.6427876096865402500, 0.0000000000000000000, -0.7660444431189772400 ) ) ;
#3126 = EDGE_CURVE ( 'NONE', #230, #5546, #4457, .T. ) ;
#3127 = PLANE ( 'NONE',  #5199 ) ;
#3128 = ORIENTED_EDGE ( 'NONE', *, *, #844, .F. ) ;
#3129 = FACE_OUTER_BOUND ( 'NONE', #2934, .T. ) ;
#3130 = DIRECTION ( 'NONE',  ( 1.000000000000000000, 0.0000000000000000000, 0.0000000000000000000 ) ) ;
#3131 = DIRECTION ( 'NONE',  ( -0.6427876096865401400, 0.0000000000000000000, 0.7660444431189773500 ) ) ;
#3132 = SURFACE_SIDE_STYLE ('',( #3774 ) ) ;
#3133 = PLANE ( 'NONE',  #6151 ) ;
#3134 = PRODUCT_DEFINITION_CONTEXT ( 'detailed design', #3659, 'design' ) ;
#3135 = DIRECTION ( 'NONE',  ( 0.0000000000000000000, 1.000000000000000000, 0.0000000000000000000 ) ) ;
#3136 = VERTEX_POINT ( 'NONE', #6631 ) ;
#3137 = CARTESIAN_POINT ( 'NONE',  ( -2.016446208322372400, -0.05000000000000000300, 2.221801948466052900 ) ) ;
#3138 = CARTESIAN_POINT ( 'NONE',  ( -0.9899999999999995500, -2.149999999999999900, 0.01782600801236681300 ) ) ;
#3139 = VECTOR ( 'NONE', #641, 1000.000000000000000 ) ;
#3140 = CARTESIAN_POINT ( 'NONE',  ( -3.205000000000001400, -2.149999999999999900, -4.999999999999999100 ) ) ;
#3141 = ORIENTED_EDGE ( 'NONE', *, *, #6056, .F. ) ;
#3142 = CARTESIAN_POINT ( 'NONE',  ( -1.043860116843177100, 0.0000000000000000000, 1.839999999999999400 ) ) ;
#3143 = ADVANCED_FACE ( 'NONE', ( #5716 ), #1486, .F. ) ;
#3144 = VECTOR ( 'NONE', #4824, 1000.000000000000000 ) ;
#3145 = SURFACE_STYLE_FILL_AREA ( #5151 ) ;
#3146 = CARTESIAN_POINT ( 'NONE',  ( -1.765000000000001200, -2.200000000000000200, -4.999999999999999100 ) ) ;
#3147 = VECTOR ( 'NONE', #5856, 1000.000000000000100 ) ;
#3148 = AXIS2_PLACEMENT_3D ( 'NONE', #3756, #568, #4288 ) ;
#3149 = VERTEX_POINT ( 'NONE', #4491 ) ;
#3150 = DIRECTION ( 'NONE',  ( -1.000000000000000000, -0.0000000000000000000, -0.0000000000000000000 ) ) ;
#3151 = DIRECTION ( 'NONE',  ( 0.0000000000000000000, 0.0000000000000000000, -1.000000000000000000 ) ) ;
#3152 = CARTESIAN_POINT ( 'NONE',  ( 2.430000000000000200, -3.050000000000000300, -5.000000000000000000 ) ) ;
#3153 = VECTOR ( 'NONE', #798, 1000.000000000000000 ) ;
#3154 = AXIS2_PLACEMENT_3D ( 'NONE', #4644, #5177, #2001 ) ;
#3155 = FACE_OUTER_BOUND ( 'NONE', #1140, .T. ) ;
#3156 = DIRECTION ( 'NONE',  ( 0.0000000000000000000, -0.0000000000000000000, -1.000000000000000000 ) ) ;
#3157 = ORIENTED_EDGE ( 'NONE', *, *, #5840, .T. ) ;
#3158 = DIRECTION ( 'NONE',  ( -0.6427876096865401400, 0.0000000000000000000, -0.7660444431189773500 ) ) ;
#3159 = AXIS2_PLACEMENT_3D ( 'NONE', #5200, #2017, #5735 ) ;
#3160 = VERTEX_POINT ( 'NONE', #5027 ) ;
#3161 = VECTOR ( 'NONE', #4620, 1000.000000000000000 ) ;
#3162 = ORIENTED_EDGE ( 'NONE', *, *, #971, .F. ) ;
#3163 = AXIS2_PLACEMENT_3D ( 'NONE', #22, #3751, #559 ) ;
#3164 = CARTESIAN_POINT ( 'NONE',  ( -2.880000000000001700, -3.050000000000000300, -5.000000000000002700 ) ) ;
#3165 = CARTESIAN_POINT ( 'NONE',  ( -0.4500000000000022300, -2.149999999999999900, -4.999999999999999100 ) ) ;
#3166 = STYLED_ITEM ( 'NONE', ( #667 ), #255 ) ;
#3167 = DIRECTION ( 'NONE',  ( -1.000000000000000000, 0.0000000000000000000, -0.0000000000000000000 ) ) ;
#3168 = DIRECTION ( 'NONE',  ( 4.336808689942017700E-016, 0.0000000000000000000, -1.000000000000000000 ) ) ;
#3169 = EDGE_LOOP ( 'NONE', ( #4081, #2468, #247, #3832 ) ) ;
#3170 = ORIENTED_EDGE ( 'NONE', *, *, #6582, .T. ) ;
#3171 = CARTESIAN_POINT ( 'NONE',  ( -1.249430322124140500, 0.0000000000000000000, 3.469446951953614200E-015 ) ) ;
#3172 = DIRECTION ( 'NONE',  ( 0.6945357798944171700, 0.0000000000000000000, 0.7194581644866181500 ) ) ;
#3173 = CARTESIAN_POINT ( 'NONE',  ( 2.430000000000000200, -2.200000000000000200, 5.000000000000000900 ) ) ;
#3174 = VERTEX_POINT ( 'NONE', #775 ) ;
#3175 = PLANE ( 'NONE',  #2237 ) ;
#3176 = VERTEX_POINT ( 'NONE', #5533 ) ;
#3177 = EDGE_CURVE ( 'NONE', #2433, #5307, #2878, .T. ) ;
#3178 = ORIENTED_EDGE ( 'NONE', *, *, #4266, .F. ) ;
#3179 = VECTOR ( 'NONE', #1488, 1000.000000000000000 ) ;
#3180 = LINE ( 'NONE', #1176, #1477 ) ;
#3181 = LINE ( 'NONE', #3370, #5851 ) ;
#3182 = FACE_OUTER_BOUND ( 'NONE', #5867, .T. ) ;
#3183 = ORIENTED_EDGE ( 'NONE', *, *, #4498, .F. ) ;
#3184 = PLANE ( 'NONE',  #6676 ) ;
#3185 = EDGE_CURVE ( 'NONE', #1593, #560, #3054, .T. ) ;
#3186 = CARTESIAN_POINT ( 'NONE',  ( -1.224606353822377500E-015, -2.149999999999999900, -5.000000000000000900 ) ) ;
#3187 = CARTESIAN_POINT ( 'NONE',  ( 0.9899999999999999900, -3.050000000000000300, 3.799999999999999400 ) ) ;
#3188 = VECTOR ( 'NONE', #1513, 1000.000000000000000 ) ;
#3189 = CARTESIAN_POINT ( 'NONE',  ( 3.330000000000001000, -3.000000000000000400, 3.799999999999999800 ) ) ;
#3190 = VECTOR ( 'NONE', #4512, 999.9999999999998900 ) ;
#3191 = UNCERTAINTY_MEASURE_WITH_UNIT (LENGTH_MEASURE( 1.000000000000000100E-005 ), #1597, 'distance_accuracy_value', 'NONE');
#3192 = DIRECTION ( 'NONE',  ( -2.222614453595282500E-015, 0.0000000000000000000, 1.000000000000000000 ) ) ;
#3193 = LINE ( 'NONE', #1996, #365 ) ;
#3194 = ORIENTED_EDGE ( 'NONE', *, *, #3417, .F. ) ;
#3195 = EDGE_CURVE ( 'NONE', #6903, #4373, #1654, .T. ) ;
#3196 = DIRECTION ( 'NONE',  ( 0.0000000000000000000, -1.000000000000000000, -0.0000000000000000000 ) ) ;
#3197 = EDGE_LOOP ( 'NONE', ( #2252, #3414, #981, #5783 ) ) ;
#3198 = ORIENTED_EDGE ( 'NONE', *, *, #576, .F. ) ;
#3199 = EDGE_CURVE ( 'NONE', #5391, #3176, #65, .T. ) ;
#3200 = EDGE_CURVE ( 'NONE', #5817, #1290, #4130, .T. ) ;
#3201 = CYLINDRICAL_SURFACE ( 'NONE', #18, 0.3249999999999997900 ) ;
#3202 = ORIENTED_EDGE ( 'NONE', *, *, #6483, .T. ) ;
#3203 = CARTESIAN_POINT ( 'NONE',  ( -1.957752890125070000, 7.623296525288703100E-018, 2.280495266663355100 ) ) ;
#3204 = VERTEX_POINT ( 'NONE', #826 ) ;
#3205 = LINE ( 'NONE', #1725, #376 ) ;
#3206 = FACE_OUTER_BOUND ( 'NONE', #5945, .T. ) ;
#3207 = DIRECTION ( 'NONE',  ( 1.000000000000000000, 0.0000000000000000000, -1.301042606982605300E-015 ) ) ;
#3208 = VERTEX_POINT ( 'NONE', #3994 ) ;
#3209 = CARTESIAN_POINT ( 'NONE',  ( -0.8556169347761282100, 0.0000000000000000000, -0.3304486680763910600 ) ) ;
#3210 = FACE_OUTER_BOUND ( 'NONE', #429, .T. ) ;
#3211 = MECHANICAL_DESIGN_GEOMETRIC_PRESENTATION_REPRESENTATION (  '', ( #2145 ), #3563 ) ;
#3212 = EDGE_CURVE ( 'NONE', #2695, #4997, #2559, .T. ) ;
#3213 = DIRECTION ( 'NONE',  ( 0.0000000000000000000, -0.0000000000000000000, -1.000000000000000000 ) ) ;
#3214 = EDGE_CURVE ( 'NONE', #717, #2088, #3955, .T. ) ;
#3215 = DIRECTION ( 'NONE',  ( -1.000000000000000000, -0.0000000000000000000, 0.0000000000000000000 ) ) ;
#3216 = FACE_OUTER_BOUND ( 'NONE', #6011, .T. ) ;
#3217 = CARTESIAN_POINT ( 'NONE',  ( -1.889999999999999900, -3.050000000000000300, -5.000000000000000900 ) ) ;
#3218 = EDGE_LOOP ( 'NONE', ( #1438, #514, #3252, #4438, #1801, #5198 ) ) ;
#3219 = ORIENTED_EDGE ( 'NONE', *, *, #5343, .T. ) ;
#3220 = DIRECTION ( 'NONE',  ( -0.0000000000000000000, 1.000000000000000000, 0.0000000000000000000 ) ) ;
#3221 = PLANE ( 'NONE',  #378 ) ;
#3222 = ORIENTED_EDGE ( 'NONE', *, *, #1772, .F. ) ;
#3223 = DIRECTION ( 'NONE',  ( 1.000000000000000000, 0.0000000000000000000, 0.0000000000000000000 ) ) ;
#3224 = DIRECTION ( 'NONE',  ( 0.0000000000000000000, 0.0000000000000000000, -1.000000000000000000 ) ) ;
#3225 = DIRECTION ( 'NONE',  ( 0.7071067811865474600, 0.0000000000000000000, 0.7071067811865474600 ) ) ;
#3226 = LINE ( 'NONE', #6606, #563 ) ;
#3227 = ORIENTED_EDGE ( 'NONE', *, *, #5461, .F. ) ;
#3228 = DIRECTION ( 'NONE',  ( -1.000000000000000000, -0.0000000000000000000, -0.0000000000000000000 ) ) ;
#3229 = AXIS2_PLACEMENT_3D ( 'NONE', #3749, #1125, #4823 ) ;
#3230 = SURFACE_STYLE_FILL_AREA ( #4417 ) ;
#3231 = DIRECTION ( 'NONE',  ( -0.9848077530122095700, 0.0000000000000000000, -0.1736481776669218100 ) ) ;
#3232 = EDGE_CURVE ( 'NONE', #4809, #339, #4303, .T. ) ;
#3233 = LINE ( 'NONE', #3187, #6061 ) ;
#3234 = LINE ( 'NONE', #2047, #410 ) ;
#3235 =( LENGTH_UNIT ( ) NAMED_UNIT ( * ) SI_UNIT ( .MILLI., .METRE. ) );
#3236 = CARTESIAN_POINT ( 'NONE',  ( 0.6446006858399669900, -0.05000000000000000300, -0.3499999999999996400 ) ) ;
#3237 = ORIENTED_EDGE ( 'NONE', *, *, #2191, .F. ) ;
#3238 = DIRECTION ( 'NONE',  ( -0.0000000000000000000, -1.000000000000000000, 0.0000000000000000000 ) ) ;
#3239 = DIRECTION ( 'NONE',  ( -0.7660444431189774600, 0.0000000000000000000, 0.6427876096865398100 ) ) ;
#3240 = CARTESIAN_POINT ( 'NONE',  ( 1.439999999999998600, -2.200000000000000200, -4.675000000000001600 ) ) ;
#3241 = DIRECTION ( 'NONE',  ( -0.0000000000000000000, -1.000000000000000000, -0.0000000000000000000 ) ) ;
#3242 = VECTOR ( 'NONE', #4886, 1000.000000000000000 ) ;
#3243 = AXIS2_PLACEMENT_3D ( 'NONE', #749, #4465, #1292 ) ;
#3244 = CARTESIAN_POINT ( 'NONE',  ( -9.855445003483749700, -2.149999999999999900, -4.999999999999999100 ) ) ;
#3245 = ORIENTED_EDGE ( 'NONE', *, *, #1434, .F. ) ;
#3246 = CARTESIAN_POINT ( 'NONE',  ( 0.8855996593070069000, -0.05000000000000000300, 2.539999999999997400 ) ) ;
#3247 = CARTESIAN_POINT ( 'NONE',  ( -8.358723224855744100, -0.05000000000000000300, -5.392625304991305800E-016 ) ) ;
#3248 = MECHANICAL_DESIGN_GEOMETRIC_PRESENTATION_REPRESENTATION (  '', ( #2189 ), #3606 ) ;
#3249 =( LENGTH_UNIT ( ) NAMED_UNIT ( * ) SI_UNIT ( .MILLI., .METRE. ) );
#3250 = EDGE_CURVE ( 'NONE', #6281, #2545, #1308, .T. ) ;
#3251 = DIRECTION ( 'NONE',  ( -0.7660444431189792300, 0.0000000000000000000, 0.6427876096865379200 ) ) ;
#3252 = ORIENTED_EDGE ( 'NONE', *, *, #3822, .F. ) ;
#3253 = ORIENTED_EDGE ( 'NONE', *, *, #1705, .T. ) ;
#3254 = EDGE_LOOP ( 'NONE', ( #589, #6012, #845, #3585, #4060, #2300, #2864 ) ) ;
#3255 = DIRECTION ( 'NONE',  ( 1.000000000000000000, 0.0000000000000000000, -0.0000000000000000000 ) ) ;
#3256 = UNCERTAINTY_MEASURE_WITH_UNIT (LENGTH_MEASURE( 1.000000000000000100E-005 ), #1326, 'distance_accuracy_value', 'NONE');
#3257 = ORIENTED_EDGE ( 'NONE', *, *, #2150, .T. ) ;
#3258 = ORIENTED_EDGE ( 'NONE', *, *, #3914, .F. ) ;
#3259 = PLANE ( 'NONE',  #3279 ) ;
#3260 = CARTESIAN_POINT ( 'NONE',  ( -3.450000000000000200, -3.000000000000000000, 5.000000000000000900 ) ) ;
#3261 = ORIENTED_EDGE ( 'NONE', *, *, #1179, .T. ) ;
#3262 = FACE_OUTER_BOUND ( 'NONE', #517, .T. ) ;
#3263 = DIRECTION ( 'NONE',  ( -1.807003620809176100E-016, 0.0000000000000000000, 1.000000000000000000 ) ) ;
#3264 = VECTOR ( 'NONE', #6391, 1000.000000000000000 ) ;
#3265 = DIRECTION ( 'NONE',  ( 0.0000000000000000000, -0.0000000000000000000, 1.000000000000000000 ) ) ;
#3266 = CARTESIAN_POINT ( 'NONE',  ( -2.880000000000001700, -3.050000000000000300, -4.675000000000003400 ) ) ;
#3267 = CARTESIAN_POINT ( 'NONE',  ( -3.330000000000001000, -3.000000000000000000, 5.000000000000000900 ) ) ;
#3268 = CARTESIAN_POINT ( 'NONE',  ( -9.855445003483749700, -2.149999999999999900, 5.000000000000000900 ) ) ;
#3269 = EDGE_LOOP ( 'NONE', ( #85, #6502, #1157, #5211, #3120, #6440, #3300, #607 ) ) ;
#3270 = PLANE ( 'NONE',  #3543 ) ;
#3271 = CARTESIAN_POINT ( 'NONE',  ( 0.9899999999999997700, -3.050000000000000300, -9.591503366463465200 ) ) ;
#3272 = LINE ( 'NONE', #2183, #446 ) ;
#3273 = CARTESIAN_POINT ( 'NONE',  ( -9.855445003483749700, -2.149999999999999900, 4.000000000000000000 ) ) ;
#3274 = LINE ( 'NONE', #3033, #5944 ) ;
#3275 = ORIENTED_EDGE ( 'NONE', *, *, #4445, .T. ) ;
#3276 = ORIENTED_EDGE ( 'NONE', *, *, #1423, .F. ) ;
#3277 = EDGE_LOOP ( 'NONE', ( #2015, #4461, #2247, #4402 ) ) ;
#3278 = ORIENTED_EDGE ( 'NONE', *, *, #1169, .F. ) ;
#3279 = AXIS2_PLACEMENT_3D ( 'NONE', #3568, #385, #4092 ) ;
#3280 = LINE ( 'NONE', #4089, #1864 ) ;
#3281 = VECTOR ( 'NONE', #5929, 1000.000000000000000 ) ;
#3282 = CIRCLE ( 'NONE', #4726, 0.4000000000000006300 ) ;
#3283 = LINE ( 'NONE', #1883, #2211 ) ;
#3284 = ORIENTED_EDGE ( 'NONE', *, *, #3250, .T. ) ;
#3285 = PRESENTATION_LAYER_ASSIGNMENT (  '', '', ( #2572 ) ) ;
#3286 = VECTOR ( 'NONE', #1606, 1000.000000000000000 ) ;
#3287 = ORIENTED_EDGE ( 'NONE', *, *, #1215, .T. ) ;
#3288 = PLANE ( 'NONE',  #4801 ) ;
#3289 = ORIENTED_EDGE ( 'NONE', *, *, #3126, .F. ) ;
#3290 = FACE_OUTER_BOUND ( 'NONE', #4713, .T. ) ;
#3291 = EDGE_CURVE ( 'NONE', #171, #5648, #3808, .T. ) ;
#3292 = CARTESIAN_POINT ( 'NONE',  ( -2.880000000000001700, -2.149999999999999900, -5.000000000000002700 ) ) ;
#3293 = CARTESIAN_POINT ( 'NONE',  ( -9.855445003483749700, -2.149999999999999900, -4.000000000000000000 ) ) ;
#3294 = ORIENTED_EDGE ( 'NONE', *, *, #1917, .T. ) ;
#3295 = CARTESIAN_POINT ( 'NONE',  ( 3.330000000000001400, -3.050000000000000300, 5.000000000000000000 ) ) ;
#3296 = DIRECTION ( 'NONE',  ( 0.0000000000000000000, -1.000000000000000000, 0.0000000000000000000 ) ) ;
#3297 = AXIS2_PLACEMENT_3D ( 'NONE', #3293, #134, #3847 ) ;
#3298 = LINE ( 'NONE', #3267, #1885 ) ;
#3299 = EDGE_CURVE ( 'NONE', #391, #3115, #986, .T. ) ;
#3300 = ORIENTED_EDGE ( 'NONE', *, *, #6158, .T. ) ;
#3301 = EDGE_CURVE ( 'NONE', #117, #5817, #5033, .T. ) ;
#3302 = FACE_OUTER_BOUND ( 'NONE', #6555, .T. ) ;
#3303 = CARTESIAN_POINT ( 'NONE',  ( -3.450000000000000200, -3.050000000000000300, -4.999999999999999100 ) ) ;
#3304 = VECTOR ( 'NONE', #2458, 1000.000000000000000 ) ;
#3305 = EDGE_CURVE ( 'NONE', #4278, #4874, #6635, .T. ) ;
#3306 = CARTESIAN_POINT ( 'NONE',  ( -3.330000000000001000, -3.050000000000000300, 3.799999999999999400 ) ) ;
#3307 = LINE ( 'NONE', #6401, #313 ) ;
#3308 = DIRECTION ( 'NONE',  ( -6.505213034913026600E-016, 0.0000000000000000000, -1.000000000000000000 ) ) ;
#3309 = EDGE_LOOP ( 'NONE', ( #6047, #759, #1811, #6499 ) ) ;
#3310 = ORIENTED_EDGE ( 'NONE', *, *, #6354, .T. ) ;
#3311 = DIRECTION ( 'NONE',  ( 1.000000000000000000, -0.0000000000000000000, 0.0000000000000000000 ) ) ;
#3312 = PLANE ( 'NONE',  #3297 ) ;
#3313 = FILL_AREA_STYLE ('',( #6777 ) ) ;
#3314 = LINE ( 'NONE', #2381, #5988 ) ;
#3315 = DIRECTION ( 'NONE',  ( 0.0000000000000000000, 0.0000000000000000000, -1.000000000000000000 ) ) ;
#3316 = PRESENTATION_STYLE_ASSIGNMENT (( #6763 ) ) ;
#3317 = AXIS2_PLACEMENT_3D ( 'NONE', #3365, #727, #4435 ) ;
#3318 = ORIENTED_EDGE ( 'NONE', *, *, #6882, .F. ) ;
#3319 = VECTOR ( 'NONE', #1751, 1000.000000000000000 ) ;
#3320 = PLANE ( 'NONE',  #6363 ) ;
#3321 = ORIENTED_EDGE ( 'NONE', *, *, #5842, .F. ) ;
#3322 = EDGE_CURVE ( 'NONE', #5774, #454, #2223, .T. ) ;
#3323 = EDGE_CURVE ( 'NONE', #1761, #250, #3451, .T. ) ;
#3324 = CARTESIAN_POINT ( 'NONE',  ( 3.204999999999999600, -3.050000000000000300, 5.000000000000000900 ) ) ;
#3325 = ORIENTED_EDGE ( 'NONE', *, *, #81, .T. ) ;
#3326 = VERTEX_POINT ( 'NONE', #1165 ) ;
#3327 = AXIS2_PLACEMENT_3D ( 'NONE', #639, #1180, #3825 ) ;
#3328 = AXIS2_PLACEMENT_3D ( 'NONE', #3217, #3754, #566 ) ;
#3329 =( LENGTH_UNIT ( ) NAMED_UNIT ( * ) SI_UNIT ( .MILLI., .METRE. ) );
#3330 = EDGE_CURVE ( 'NONE', #1939, #1235, #3298, .T. ) ;
#3331 = ORIENTED_EDGE ( 'NONE', *, *, #382, .F. ) ;
#3332 = EDGE_CURVE ( 'NONE', #2532, #4997, #4710, .T. ) ;
#3333 = EDGE_LOOP ( 'NONE', ( #6570, #260, #4101, #1523 ) ) ;
#3334 = VERTEX_POINT ( 'NONE', #5396 ) ;
#3335 = VECTOR ( 'NONE', #1459, 1000.000000000000100 ) ;
#3336 = VECTOR ( 'NONE', #4924, 1000.000000000000000 ) ;
#3337 = CARTESIAN_POINT ( 'NONE',  ( -1.827738750453014500, -0.05000000000000000300, 1.151588773425235900 ) ) ;
#3338 = CARTESIAN_POINT ( 'NONE',  ( -6.298485690822049700, -0.05000000000000000300, -2.060237534033672300 ) ) ;
#3339 = FACE_OUTER_BOUND ( 'NONE', #3772, .T. ) ;
#3340 = ORIENTED_EDGE ( 'NONE', *, *, #1088, .T. ) ;
#3341 = UNCERTAINTY_MEASURE_WITH_UNIT (LENGTH_MEASURE( 1.000000000000000100E-005 ), #331, 'distance_accuracy_value', 'NONE');
#3342 = CARTESIAN_POINT ( 'NONE',  ( -1.204557019264811800, 0.0000000000000000000, 1.648488889220253600 ) ) ;
#3343 = DIRECTION ( 'NONE',  ( 1.000000000000000000, 0.0000000000000000000, -8.673617379884035500E-016 ) ) ;
#3344 = LINE ( 'NONE', #3625, #3188 ) ;
#3345 = EDGE_CURVE ( 'NONE', #5947, #2028, #637, .T. ) ;
#3346 = LINE ( 'NONE', #2358, #4592 ) ;
#3347 = DIRECTION ( 'NONE',  ( 0.0000000000000000000, 1.000000000000000000, 0.0000000000000000000 ) ) ;
#3348 = DIRECTION ( 'NONE',  ( 3.686287386450711900E-015, 0.0000000000000000000, 1.000000000000000000 ) ) ;
#3349 = VECTOR ( 'NONE', #320, 1000.000000000000000 ) ;
#3350 = LINE ( 'NONE', #6234, #4593 ) ;
#3351 = ADVANCED_FACE ( 'NONE', ( #5971 ), #1181, .T. ) ;
#3352 = ORIENTED_EDGE ( 'NONE', *, *, #1566, .F. ) ;
#3353 = DIRECTION ( 'NONE',  ( 0.0000000000000000000, 0.0000000000000000000, 1.000000000000000000 ) ) ;
#3354 = ORIENTED_EDGE ( 'NONE', *, *, #3713, .T. ) ;
#3355 = ORIENTED_EDGE ( 'NONE', *, *, #94, .F. ) ;
#3356 = ORIENTED_EDGE ( 'NONE', *, *, #807, .T. ) ;
#3357 = VECTOR ( 'NONE', #1602, 1000.000000000000000 ) ;
#3358 = ORIENTED_EDGE ( 'NONE', *, *, #2133, .T. ) ;
#3359 = DIRECTION ( 'NONE',  ( -0.7660444431189781200, 0.0000000000000000000, 0.6427876096865392500 ) ) ;
#3360 = VERTEX_POINT ( 'NONE', #2248 ) ;
#3361 = VECTOR ( 'NONE', #4137, 1000.000000000000000 ) ;
#3362 = VERTEX_POINT ( 'NONE', #6490 ) ;
#3363 = PRESENTATION_LAYER_ASSIGNMENT (  '', '', ( #1600 ) ) ;
#3364 = MECHANICAL_DESIGN_GEOMETRIC_PRESENTATION_REPRESENTATION (  '', ( #2307 ), #3744 ) ;
#3365 = CARTESIAN_POINT ( 'NONE',  ( -3.426938880692452100, -0.05000000000000000300, 4.781691646901718300 ) ) ;
#3366 = LINE ( 'NONE', #4995, #553 ) ;
#3367 = ORIENTED_EDGE ( 'NONE', *, *, #6037, .T. ) ;
#3368 = EDGE_LOOP ( 'NONE', ( #2086, #5330, #6263, #1626 ) ) ;
#3369 = EDGE_CURVE ( 'NONE', #3984, #6201, #301, .T. ) ;
#3370 = CARTESIAN_POINT ( 'NONE',  ( -3.329999999999998700, -2.200000000000000200, 0.01782600801236964100 ) ) ;
#3371 = ORIENTED_EDGE ( 'NONE', *, *, #1767, .F. ) ;
#3372 = CARTESIAN_POINT ( 'NONE',  ( 1.114999999999998900, -3.050000000000000300, -4.999999999999999100 ) ) ;
#3373 = ORIENTED_EDGE ( 'NONE', *, *, #5981, .F. ) ;
#3374 = DIRECTION ( 'NONE',  ( 0.0000000000000000000, 0.0000000000000000000, -1.000000000000000000 ) ) ;
#3375 = ORIENTED_EDGE ( 'NONE', *, *, #6780, .T. ) ;
#3376 = ORIENTED_EDGE ( 'NONE', *, *, #699, .F. ) ;
#3377 = FACE_OUTER_BOUND ( 'NONE', #4745, .T. ) ;
#3378 = DIRECTION ( 'NONE',  ( -0.0000000000000000000, -1.000000000000000000, -0.0000000000000000000 ) ) ;
#3379 = VERTEX_POINT ( 'NONE', #4353 ) ;
#3380 = DIRECTION ( 'NONE',  ( -6.505213034913021700E-016, 0.0000000000000000000, -1.000000000000000000 ) ) ;
#3381 = AXIS2_PLACEMENT_3D ( 'NONE', #1340, #5044, #1880 ) ;
#3382 = VECTOR ( 'NONE', #2777, 1000.000000000000000 ) ;
#3383 = MANIFOLD_SOLID_BREP ( 'Imported4', #1224 ) ;
#3384 = CARTESIAN_POINT ( 'NONE',  ( -9.855445003483749700, -2.149999999999999900, 0.01782600801236681300 ) ) ;
#3385 = ADVANCED_FACE ( 'NONE', ( #1229 ), #2461, .F. ) ;
#3386 = LINE ( 'NONE', #6362, #2318 ) ;
#3387 = CARTESIAN_POINT ( 'NONE',  ( -1.537150042257976700, 1.016439536705160400E-017, -0.4964216843475580700 ) ) ;
#3388 = ORIENTED_EDGE ( 'NONE', *, *, #4667, .T. ) ;
#3389 = EDGE_CURVE ( 'NONE', #12, #2545, #3879, .T. ) ;
#3390 = ORIENTED_EDGE ( 'NONE', *, *, #500, .F. ) ;
#3391 =( LENGTH_UNIT ( ) NAMED_UNIT ( * ) SI_UNIT ( .MILLI., .METRE. ) );
#3392 = CARTESIAN_POINT ( 'NONE',  ( -0.3826300119350034600, -0.05000000000000000300, -5.584920593150423300 ) ) ;
#3393 = DIRECTION ( 'NONE',  ( -0.0000000000000000000, -1.000000000000000000, -0.0000000000000000000 ) ) ;
#3394 = VECTOR ( 'NONE', #3815, 1000.000000000000000 ) ;
#3395 = CARTESIAN_POINT ( 'NONE',  ( -0.9899999999999997700, -2.200000000000000200, -4.000000000000000000 ) ) ;
#3396 = ORIENTED_EDGE ( 'NONE', *, *, #5244, .T. ) ;
#3397 = SURFACE_STYLE_USAGE ( .BOTH. , #6608 ) ;
#3398 = ORIENTED_EDGE ( 'NONE', *, *, #2133, .F. ) ;
#3399 = DIRECTION ( 'NONE',  ( 0.0000000000000000000, 0.0000000000000000000, 1.000000000000000000 ) ) ;
#3400 = ORIENTED_EDGE ( 'NONE', *, *, #3214, .F. ) ;
#3401 = VERTEX_POINT ( 'NONE', #152 ) ;
#3402 = ADVANCED_FACE ( 'NONE', ( #4370 ), #679, .F. ) ;
#3403 = EDGE_CURVE ( 'NONE', #1490, #6717, #6554, .T. ) ;
#3404 = DIRECTION ( 'NONE',  ( 1.000000000000000000, 0.0000000000000000000, 0.0000000000000000000 ) ) ;
#3405 = CARTESIAN_POINT ( 'NONE',  ( -3.205000000000001400, -2.200000000000000200, -4.999999999999999100 ) ) ;
#3406 = ORIENTED_EDGE ( 'NONE', *, *, #1881, .T. ) ;
#3407 = SURFACE_STYLE_USAGE ( .BOTH. , #6624 ) ;
#3408 = ORIENTED_EDGE ( 'NONE', *, *, #3661, .T. ) ;
#3409 = DIRECTION ( 'NONE',  ( 0.0000000000000000000, -1.000000000000000000, 0.0000000000000000000 ) ) ;
#3410 = STYLED_ITEM ( 'NONE', ( #1108 ), #315 ) ;
#3411 = ADVANCED_FACE ( 'NONE', ( #5120 ), #891, .F. ) ;
#3412 = AXIS2_PLACEMENT_3D ( 'NONE', #1058, #5293, #2107 ) ;
#3413 = DIRECTION ( 'NONE',  ( 1.000000000000000000, 0.0000000000000000000, -0.0000000000000000000 ) ) ;
#3414 = ORIENTED_EDGE ( 'NONE', *, *, #2391, .T. ) ;
#3415 = DIRECTION ( 'NONE',  ( -0.0000000000000000000, -1.000000000000000000, -0.0000000000000000000 ) ) ;
#3416 = EDGE_CURVE ( 'NONE', #3767, #1808, #2299, .T. ) ;
#3417 = EDGE_CURVE ( 'NONE', #4202, #5071, #3725, .T. ) ;
#3418 = EDGE_LOOP ( 'NONE', ( #5869, #3367, #6623, #6101 ) ) ;
#3419 = FACE_OUTER_BOUND ( 'NONE', #291, .T. ) ;
#3420 = ORIENTED_EDGE ( 'NONE', *, *, #5388, .T. ) ;
#3421 = ORIENTED_EDGE ( 'NONE', *, *, #4392, .T. ) ;
#3422 = EDGE_CURVE ( 'NONE', #6281, #4499, #1063, .T. ) ;
#3423 = ORIENTED_EDGE ( 'NONE', *, *, #1332, .T. ) ;
#3424 = FILL_AREA_STYLE_COLOUR ( '', #4915 ) ;
#3425 = ORIENTED_EDGE ( 'NONE', *, *, #748, .F. ) ;
#3426 = CARTESIAN_POINT ( 'NONE',  ( -0.9900000000000029900, -2.200000000000000200, -4.999999999999999100 ) ) ;
#3427 = ORIENTED_EDGE ( 'NONE', *, *, #3122, .F. ) ;
#3428 = VECTOR ( 'NONE', #3055, 1000.000000000000000 ) ;
#3429 = LINE ( 'NONE', #2742, #3281 ) ;
#3430 = LINE ( 'NONE', #158, #4853 ) ;
#3431 = VECTOR ( 'NONE', #2703, 1000.000000000000000 ) ;
#3432 = AXIS2_PLACEMENT_3D ( 'NONE', #6018, #2819, #6569 ) ;
#3433 = ORIENTED_EDGE ( 'NONE', *, *, #2594, .T. ) ;
#3434 = DIRECTION ( 'NONE',  ( 0.0000000000000000000, -0.0000000000000000000, 1.000000000000000000 ) ) ;
#3435 = CARTESIAN_POINT ( 'NONE',  ( -3.450000000000000200, -3.000000000000000000, 5.000000000000000900 ) ) ;
#3436 = CARTESIAN_POINT ( 'NONE',  ( -9.855445003483749700, -2.149999999999999900, -4.999999999999999100 ) ) ;
#3437 = VECTOR ( 'NONE', #5828, 1000.000000000000000 ) ;
#3438 = DIRECTION ( 'NONE',  ( -0.7660444431189756800, 0.0000000000000000000, 0.6427876096865421400 ) ) ;
#3439 = VERTEX_POINT ( 'NONE', #3372 ) ;
#3440 = COLOUR_RGB ( '',1.000000000000000000, 1.000000000000000000, 1.000000000000000000 ) ;
#3441 = ADVANCED_FACE ( 'NONE', ( #6387 ), #6583, .T. ) ;
#3442 = CARTESIAN_POINT ( 'NONE',  ( 2.879999999999999900, -2.200000000000000200, 5.000000000000000900 ) ) ;
#3443 = VECTOR ( 'NONE', #2771, 1000.000000000000000 ) ;
#3444 = CARTESIAN_POINT ( 'NONE',  ( 3.204999999999998300, -2.200000000000000200, -4.999999999999999100 ) ) ;
#3445 = ORIENTED_EDGE ( 'NONE', *, *, #1920, .F. ) ;
#3446 = EDGE_LOOP ( 'NONE', ( #5202, #3541, #2706, #1209, #6540, #6616 ) ) ;
#3447 = CARTESIAN_POINT ( 'NONE',  ( 0.9899999999999999900, -3.050000000000000300, 5.000000000000000900 ) ) ;
#3448 = EDGE_CURVE ( 'NONE', #5011, #3641, #6215, .T. ) ;
#3449 = EDGE_CURVE ( 'NONE', #1211, #6697, #4782, .T. ) ;
#3450 = ADVANCED_FACE ( 'NONE', ( #6045 ), #6601, .F. ) ;
#3451 = LINE ( 'NONE', #86, #6127 ) ;
#3452 = ORIENTED_EDGE ( 'NONE', *, *, #5842, .T. ) ;
#3453 = ORIENTED_EDGE ( 'NONE', *, *, #4631, .T. ) ;
#3454 = AXIS2_PLACEMENT_3D ( 'NONE', #3477, #1894, #306 ) ;
#3455 = DIRECTION ( 'NONE',  ( 3.686287386450715100E-015, 0.0000000000000000000, 1.000000000000000000 ) ) ;
#3456 = EDGE_CURVE ( 'NONE', #2175, #4569, #3366, .T. ) ;
#3457 = CARTESIAN_POINT ( 'NONE',  ( -3.450000000000000200, -2.200000000000000200, -4.000000000000000000 ) ) ;
#3458 = DIRECTION ( 'NONE',  ( 0.0000000000000000000, 0.0000000000000000000, -1.000000000000000000 ) ) ;
#3459 = CARTESIAN_POINT ( 'NONE',  ( 2.879999999999999900, -2.149999999999999900, 4.675000000000001600 ) ) ;
#3460 = EDGE_CURVE ( 'NONE', #6546, #3715, #716, .T. ) ;
#3461 = CIRCLE ( 'NONE', #6194, 0.3249999999999997900 ) ;
#3462 = DIRECTION ( 'NONE',  ( 3.903127820947816000E-015, 0.0000000000000000000, 1.000000000000000000 ) ) ;
#3463 = CARTESIAN_POINT ( 'NONE',  ( -0.8855996593069925800, -0.05000000000000000300, -2.539999999999998700 ) ) ;
#3464 = VECTOR ( 'NONE', #2623, 1000.000000000000000 ) ;
#3465 = ORIENTED_EDGE ( 'NONE', *, *, #2045, .T. ) ;
#3466 = ORIENTED_EDGE ( 'NONE', *, *, #2620, .T. ) ;
#3467 = FILL_AREA_STYLE_COLOUR ( '', #2040 ) ;
#3468 = SURFACE_STYLE_USAGE ( .BOTH. , #6663 ) ;
#3469 = LINE ( 'NONE', #242, #6144 ) ;
#3470 = LINE ( 'NONE', #5098, #2072 ) ;
#3471 = CARTESIAN_POINT ( 'NONE',  ( -3.450000000000000200, 0.0000000000000000000, -4.000000000000000000 ) ) ;
#3472 = ADVANCED_FACE ( 'NONE', ( #3216 ), #6628, .T. ) ;
#3473 = ORIENTED_EDGE ( 'NONE', *, *, #151, .F. ) ;
#3474 = LINE ( 'NONE', #1231, #3319 ) ;
#3475 = CARTESIAN_POINT ( 'NONE',  ( 1.890000000000001000, -3.050000000000000300, 3.800000000000001200 ) ) ;
#3476 = PLANE ( 'NONE',  #223 ) ;
#3477 = CARTESIAN_POINT ( 'NONE',  ( -4.579683497803854300, -0.05000000000000000300, -3.648131932664697300 ) ) ;
#3478 = ORIENTED_EDGE ( 'NONE', *, *, #1435, .T. ) ;
#3479 = ORIENTED_EDGE ( 'NONE', *, *, #913, .F. ) ;
#3480 = DIRECTION ( 'NONE',  ( 1.000000000000000000, -0.0000000000000000000, 0.0000000000000000000 ) ) ;
#3481 = DIRECTION ( 'NONE',  ( 0.0000000000000000000, 0.0000000000000000000, 1.000000000000000000 ) ) ;
#3482 = ADVANCED_FACE ( 'NONE', ( #4453 ), #772, .T. ) ;
#3483 = DIRECTION ( 'NONE',  ( 0.0000000000000000000, 1.000000000000000000, 0.0000000000000000000 ) ) ;
#3484 = COLOUR_RGB ( '',0.9882352941176471000, 0.7372549019607843600, 0.5137254901960783800 ) ;
#3485 = STYLED_ITEM ( 'NONE', ( #854 ), #5933 ) ;
#3486 = ORIENTED_EDGE ( 'NONE', *, *, #2276, .T. ) ;
#3487 = CARTESIAN_POINT ( 'NONE',  ( -3.450000000000000200, -3.000000000000000000, -4.999999999999999100 ) ) ;
#3488 = EDGE_LOOP ( 'NONE', ( #796, #3836, #3453, #2113 ) ) ;
#3489 = EDGE_LOOP ( 'NONE', ( #2082, #3261, #795, #1369, #6143, #303 ) ) ;
#3490 = CARTESIAN_POINT ( 'NONE',  ( -0.4500000000000012300, -2.200000000000000200, -4.999999999999999100 ) ) ;
#3491 = CARTESIAN_POINT ( 'NONE',  ( -0.4500000000000011800, -3.000000000000000000, -4.999999999999999100 ) ) ;
#3492 = CARTESIAN_POINT ( 'NONE',  ( -0.9899999999999995500, -2.149999999999999900, 0.01782600801236681300 ) ) ;
#3493 = DIRECTION ( 'NONE',  ( 0.7660444431189773500, 0.0000000000000000000, 0.6427876096865401400 ) ) ;
#3494 = VERTEX_POINT ( 'NONE', #1317 ) ;
#3495 = ORIENTED_EDGE ( 'NONE', *, *, #945, .F. ) ;
#3496 = VECTOR ( 'NONE', #1968, 1000.000000000000000 ) ;
#3497 = DIRECTION ( 'NONE',  ( 0.0000000000000000000, 0.0000000000000000000, 1.000000000000000000 ) ) ;
#3498 = AXIS2_PLACEMENT_3D ( 'NONE', #6761, #6794, #3597 ) ;
#3499 = PRESENTATION_STYLE_ASSIGNMENT (( #4500 ) ) ;
#3500 = CARTESIAN_POINT ( 'NONE',  ( -1.890000000000005500, -2.200000000000000200, -4.000000000000000000 ) ) ;
#3501 = DIRECTION ( 'NONE',  ( 0.0000000000000000000, 0.0000000000000000000, -1.000000000000000000 ) ) ;
#3502 = LINE ( 'NONE', #132, #2100 ) ;
#3503 = CARTESIAN_POINT ( 'NONE',  ( -3.450000000000000200, -3.050000000000000300, 5.000000000000000900 ) ) ;
#3504 = LINE ( 'NONE', #5193, #60 ) ;
#3505 = VECTOR ( 'NONE', #5352, 1000.000000000000000 ) ;
#3506 = VERTEX_POINT ( 'NONE', #2904 ) ;
#3507 = DIRECTION ( 'NONE',  ( 0.0000000000000000000, -1.000000000000000000, -0.0000000000000000000 ) ) ;
#3508 = CARTESIAN_POINT ( 'NONE',  ( -2.429999999999999300, -3.000000000000000400, 3.800000000000001200 ) ) ;
#3509 = CARTESIAN_POINT ( 'NONE',  ( -0.4500000000000002900, -3.000000000000000000, 5.000000000000000900 ) ) ;
#3510 = ADVANCED_FACE ( 'NONE', ( #3047 ), #5550, .T. ) ;
#3511 = VECTOR ( 'NONE', #467, 1000.000000000000000 ) ;
#3512 = PRESENTATION_STYLE_ASSIGNMENT (( #3073 ) ) ;
#3513 = SURFACE_STYLE_USAGE ( .BOTH. , #6720 ) ;
#3514 = PRESENTATION_LAYER_ASSIGNMENT (  '', '', ( #3166 ) ) ;
#3515 = LINE ( 'NONE', #6603, #6189 ) ;
#3516 = FACE_OUTER_BOUND ( 'NONE', #5194, .T. ) ;
#3517 = PRESENTATION_STYLE_ASSIGNMENT (( #1373 ) ) ;
#3518 = VECTOR ( 'NONE', #5656, 1000.000000000000000 ) ;
#3519 = CARTESIAN_POINT ( 'NONE',  ( 2.429999999999994800, -2.200000000000000200, -4.000000000000000000 ) ) ;
#3520 = ORIENTED_EDGE ( 'NONE', *, *, #4963, .T. ) ;
#3521 = CARTESIAN_POINT ( 'NONE',  ( -0.4500000000000002900, -3.050000000000000300, -5.000000000000000900 ) ) ;
#3522 = ORIENTED_EDGE ( 'NONE', *, *, #3199, .F. ) ;
#3523 = ORIENTED_EDGE ( 'NONE', *, *, #5019, .F. ) ;
#3524 = SURFACE_SIDE_STYLE ('',( #5791 ) ) ;
#3525 =( NAMED_UNIT ( * ) SI_UNIT ( $, .STERADIAN. ) SOLID_ANGLE_UNIT ( ) );
#3526 = VECTOR ( 'NONE', #1042, 1000.000000000000000 ) ;
#3527 = ADVANCED_FACE ( 'NONE', ( #1643 ), #3969, .T. ) ;
#3528 = ORIENTED_EDGE ( 'NONE', *, *, #4493, .F. ) ;
#3530 = EDGE_CURVE ( 'NONE', #5427, #1441, #387, .T. ) ;
#3529 = ORIENTED_EDGE ( 'NONE', *, *, #6573, .T. ) ;
#3531 = VECTOR ( 'NONE', #1476, 1000.000000000000000 ) ;
#3532 = VERTEX_POINT ( 'NONE', #6126 ) ;
#3533 = DIRECTION ( 'NONE',  ( 0.0000000000000000000, -0.0000000000000000000, -1.000000000000000000 ) ) ;
#3534 = CARTESIAN_POINT ( 'NONE',  ( -3.449999999999999300, -2.200000000000000200, 4.000000000000000000 ) ) ;
#3535 = CARTESIAN_POINT ( 'NONE',  ( -3.204999999999999600, -3.000000000000000000, 5.000000000000000900 ) ) ;
#3536 = DIRECTION ( 'NONE',  ( 0.0000000000000000000, -0.0000000000000000000, 1.000000000000000000 ) ) ;
#3537 = DIRECTION ( 'NONE',  ( 0.0000000000000000000, 1.000000000000000000, 0.0000000000000000000 ) ) ;
#3538 = EDGE_CURVE ( 'NONE', #3854, #4809, #4294, .T. ) ;
#3539 = VECTOR ( 'NONE', #193, 1000.000000000000000 ) ;
#3540 = SURFACE_STYLE_USAGE ( .BOTH. , #6738 ) ;
#3541 = ORIENTED_EDGE ( 'NONE', *, *, #1218, .F. ) ;
#3542 = ORIENTED_EDGE ( 'NONE', *, *, #1169, .T. ) ;
#3543 = AXIS2_PLACEMENT_3D ( 'NONE', #1168, #4869, #1699 ) ;
#3544 = ORIENTED_EDGE ( 'NONE', *, *, #3305, .T. ) ;
#3545 = ORIENTED_EDGE ( 'NONE', *, *, #2820, .T. ) ;
#3546 = ORIENTED_EDGE ( 'NONE', *, *, #5426, .F. ) ;
#3547 = CARTESIAN_POINT ( 'NONE',  ( -1.889999999999999900, -3.050000000000000300, 3.800000000000001200 ) ) ;
#3548 = ORIENTED_EDGE ( 'NONE', *, *, #3449, .F. ) ;
#3549 = DIRECTION ( 'NONE',  ( 0.0000000000000000000, 1.000000000000000000, -0.0000000000000000000 ) ) ;
#3550 = LINE ( 'NONE', #6020, #2146 ) ;
#3551 = ORIENTED_EDGE ( 'NONE', *, *, #3750, .F. ) ;
#3552 = DIRECTION ( 'NONE',  ( -1.000000000000000000, 0.0000000000000000000, 1.355252715606881000E-016 ) ) ;
#3553 = EDGE_CURVE ( 'NONE', #5768, #590, #5710, .T. ) ;
#3554 = EDGE_CURVE ( 'NONE', #1145, #3494, #5887, .T. ) ;
#3555 = CARTESIAN_POINT ( 'NONE',  ( -9.855445003483749700, -2.149999999999999900, -4.999999999999999100 ) ) ;
#3556 = EDGE_CURVE ( 'NONE', #6865, #6837, #4209, .T. ) ;
#3557 = ADVANCED_FACE ( 'NONE', ( #6884 ), #6147, .T. ) ;
#3558 = PLANE ( 'NONE',  #1110 ) ;
#3559 = CARTESIAN_POINT ( 'NONE',  ( -1.439999999999999900, -2.149999999999999900, 5.000000000000000000 ) ) ;
#3560 = VECTOR ( 'NONE', #105, 1000.000000000000000 ) ;
#3561 = DIRECTION ( 'NONE',  ( 0.1736481776669218100, 0.0000000000000000000, -0.9848077530122095700 ) ) ;
#3562 = STYLED_ITEM ( 'NONE', ( #1847 ), #6747 ) ;
#3563 =( GEOMETRIC_REPRESENTATION_CONTEXT ( 3 ) GLOBAL_UNCERTAINTY_ASSIGNED_CONTEXT ( ( #2634 ) ) GLOBAL_UNIT_ASSIGNED_CONTEXT ( ( #3577, #396, #4102 ) ) REPRESENTATION_CONTEXT ( 'NONE', 'WORKASPACE' ) );
#3564 = LINE ( 'NONE', #2075, #2156 ) ;
#3565 = DIRECTION ( 'NONE',  ( -1.000000000000000000, -0.0000000000000000000, -0.0000000000000000000 ) ) ;
#3566 = DIRECTION ( 'NONE',  ( 0.0000000000000000000, 1.000000000000000000, 0.0000000000000000000 ) ) ;
#3567 = EDGE_CURVE ( 'NONE', #3401, #1593, #2628, .T. ) ;
#3568 = CARTESIAN_POINT ( 'NONE',  ( -9.855445003483749700, -2.149999999999999900, -4.999999999999999100 ) ) ;
#3569 = EDGE_CURVE ( 'NONE', #5913, #3938, #1380, .T. ) ;
#3570 = PLANE ( 'NONE',  #6568 ) ;
#3571 = ADVANCED_FACE ( 'NONE', ( #3873 ), #5626, .F. ) ;
#3572 = ORIENTED_EDGE ( 'NONE', *, *, #1079, .T. ) ;
#3573 = CARTESIAN_POINT ( 'NONE',  ( 0.4500000000000006800, -3.000000000000000400, 5.000000000000000900 ) ) ;
#3574 = ORIENTED_EDGE ( 'NONE', *, *, #5335, .T. ) ;
#3575 = CARTESIAN_POINT ( 'NONE',  ( -0.4500000000000001800, -3.050000000000000300, -3.800000000000001200 ) ) ;
#3576 = LINE ( 'NONE', #4665, #6418 ) ;
#3577 =( LENGTH_UNIT ( ) NAMED_UNIT ( * ) SI_UNIT ( .MILLI., .METRE. ) );
#3578 =( NAMED_UNIT ( * ) PLANE_ANGLE_UNIT ( ) SI_UNIT ( $, .RADIAN. ) );
#3579 = DIRECTION ( 'NONE',  ( 0.7071067811864967200, 0.0000000000000000000, -0.7071067811865982000 ) ) ;
#3580 = EDGE_LOOP ( 'NONE', ( #3058, #4895, #1595, #5745 ) ) ;
#3581 = PRESENTATION_LAYER_ASSIGNMENT (  '', '', ( #2863 ) ) ;
#3582 = PLANE ( 'NONE',  #6 ) ;
#3583 = VECTOR ( 'NONE', #1769, 1000.000000000000000 ) ;
#3584 = EDGE_CURVE ( 'NONE', #3204, #4040, #1225, .T. ) ;
#3585 = ORIENTED_EDGE ( 'NONE', *, *, #6198, .T. ) ;
#3586 = VERTEX_POINT ( 'NONE', #874 ) ;
#3587 = CARTESIAN_POINT ( 'NONE',  ( -2.879999999999999900, -2.149999999999999900, 5.000000000000002700 ) ) ;
#3588 = ORIENTED_EDGE ( 'NONE', *, *, #4779, .T. ) ;
#3589 = CARTESIAN_POINT ( 'NONE',  ( -3.450000000000000200, -3.000000000000000000, 3.800000000000001200 ) ) ;
#3590 = CARTESIAN_POINT ( 'NONE',  ( -0.4499999999999990100, -2.149999999999999900, -4.000000000000000000 ) ) ;
#3591 = DIRECTION ( 'NONE',  ( 0.0000000000000000000, 0.0000000000000000000, 1.000000000000000000 ) ) ;
#3592 = ORIENTED_EDGE ( 'NONE', *, *, #6553, .F. ) ;
#3593 = ORIENTED_EDGE ( 'NONE', *, *, #2499, .F. ) ;
#3594 = CARTESIAN_POINT ( 'NONE',  ( -9.855445003483749700, -2.200000000000000200, -4.999999999999999100 ) ) ;
#3595 = ADVANCED_FACE ( 'NONE', ( #1060 ), #4048, .T. ) ;
#3596 = ORIENTED_EDGE ( 'NONE', *, *, #6643, .T. ) ;
#3597 = DIRECTION ( 'NONE',  ( 1.000000000000000000, 0.0000000000000000000, -0.0000000000000000000 ) ) ;
#3598 = ORIENTED_EDGE ( 'NONE', *, *, #7, .T. ) ;
#3599 = CARTESIAN_POINT ( 'NONE',  ( 0.9730396196166186700, 0.0000000000000000000, -0.3354884696702047900 ) ) ;
#3600 = CARTESIAN_POINT ( 'NONE',  ( -1.224606353822377500E-015, -3.050000000000000300, -4.675000000000001600 ) ) ;
#3601 = CARTESIAN_POINT ( 'NONE',  ( 1.115000000000000200, -2.200000000000000200, 5.000000000000000900 ) ) ;
#3602 = ADVANCED_FACE ( 'NONE', ( #4026 ), #6173, .T. ) ;
#3603 = EDGE_LOOP ( 'NONE', ( #6833, #6334, #602, #5030, #1552, #4882 ) ) ;
#3604 = DIRECTION ( 'NONE',  ( -0.0000000000000000000, -1.000000000000000000, -0.0000000000000000000 ) ) ;
#3605 = DIRECTION ( 'NONE',  ( 1.000000000000000000, 0.0000000000000000000, -0.0000000000000000000 ) ) ;
#3606 =( GEOMETRIC_REPRESENTATION_CONTEXT ( 3 ) GLOBAL_UNCERTAINTY_ASSIGNED_CONTEXT ( ( #890 ) ) GLOBAL_UNIT_ASSIGNED_CONTEXT ( ( #5058, #1892, #5597 ) ) REPRESENTATION_CONTEXT ( 'NONE', 'WORKASPACE' ) );
#3607 = EDGE_CURVE ( 'NONE', #2069, #4549, #4609, .T. ) ;
#3608 = VECTOR ( 'NONE', #551, 1000.000000000000000 ) ;
#3609 = VECTOR ( 'NONE', #3213, 1000.000000000000000 ) ;
#3610 = ORIENTED_EDGE ( 'NONE', *, *, #4301, .T. ) ;
#3611 =( NAMED_UNIT ( * ) PLANE_ANGLE_UNIT ( ) SI_UNIT ( $, .RADIAN. ) );
#3612 = ORIENTED_EDGE ( 'NONE', *, *, #5102, .T. ) ;
#3613 = CARTESIAN_POINT ( 'NONE',  ( 1.282632795428790600, 0.0000000000000000000, -0.07570895003121240500 ) ) ;
#3614 = EDGE_LOOP ( 'NONE', ( #4652, #4161, #5719, #2719 ) ) ;
#3615 = ORIENTED_EDGE ( 'NONE', *, *, #1805, .F. ) ;
#3616 = ORIENTED_EDGE ( 'NONE', *, *, #6649, .T. ) ;
#3617 = FACE_OUTER_BOUND ( 'NONE', #3603, .T. ) ;
#3618 = DIRECTION ( 'NONE',  ( 0.0000000000000000000, 0.0000000000000000000, 1.000000000000000000 ) ) ;
#3619 = DIRECTION ( 'NONE',  ( 1.000000000000000000, 0.0000000000000000000, -0.0000000000000000000 ) ) ;
#3620 = ORIENTED_EDGE ( 'NONE', *, *, #5744, .T. ) ;
#3621 = CARTESIAN_POINT ( 'NONE',  ( 0.0000000000000000000, -2.149999999999999900, 5.000000000000000900 ) ) ;
#3622 = FACE_OUTER_BOUND ( 'NONE', #6398, .T. ) ;
#3623 = VERTEX_POINT ( 'NONE', #2481 ) ;
#3624 = LINE ( 'NONE', #1050, #3437 ) ;
#3625 = CARTESIAN_POINT ( 'NONE',  ( -9.855445003483749700, -2.149999999999999900, 5.000000000000000900 ) ) ;
#3626 = EDGE_LOOP ( 'NONE', ( #1743, #6893, #1793, #739 ) ) ;
#3627 = VERTEX_POINT ( 'NONE', #1409 ) ;
#3628 = VECTOR ( 'NONE', #6709, 1000.000000000000000 ) ;
#3629 = DIRECTION ( 'NONE',  ( 1.000000000000000000, 0.0000000000000000000, -0.0000000000000000000 ) ) ;
#3630 = PLANE ( 'NONE',  #5288 ) ;
#3631 = VECTOR ( 'NONE', #2751, 1000.000000000000000 ) ;
#3632 = ADVANCED_FACE ( 'NONE', ( #1964 ), #6740, .T. ) ;
#3633 = EDGE_LOOP ( 'NONE', ( #2649, #6388, #1470, #2277 ) ) ;
#3634 = DIRECTION ( 'NONE',  ( 1.000000000000000000, 0.0000000000000000000, 0.0000000000000000000 ) ) ;
#3635 = ORIENTED_EDGE ( 'NONE', *, *, #985, .F. ) ;
#3636 = PLANE ( 'NONE',  #3121 ) ;
#3637 =( LENGTH_UNIT ( ) NAMED_UNIT ( * ) SI_UNIT ( .MILLI., .METRE. ) );
#3638 = VECTOR ( 'NONE', #6446, 1000.000000000000000 ) ;
#3639 = APPLICATION_PROTOCOL_DEFINITION ( 'draft international standard', 'automotive_design', 1998, #4164 ) ;
#3640 = AXIS2_PLACEMENT_3D ( 'NONE', #3078, #6810, #3618 ) ;
#3641 = VERTEX_POINT ( 'NONE', #5653 ) ;
#3642 = ORIENTED_EDGE ( 'NONE', *, *, #231, .T. ) ;
#3643 = CARTESIAN_POINT ( 'NONE',  ( -1.439999999999999900, -3.050000000000000300, 5.000000000000000000 ) ) ;
#3644 = CARTESIAN_POINT ( 'NONE',  ( -1.115000000000001500, -2.149999999999999900, -4.999999999999999100 ) ) ;
#3645 = DIRECTION ( 'NONE',  ( -0.0000000000000000000, -1.000000000000000000, -0.0000000000000000000 ) ) ;
#3646 = ADVANCED_FACE ( 'NONE', ( #3210 ), #1922, .F. ) ;
#3647 = CARTESIAN_POINT ( 'NONE',  ( 0.8341837335646628000, -0.05000000000000000300, 0.4520023924431961800 ) ) ;
#3648 = MECHANICAL_DESIGN_GEOMETRIC_PRESENTATION_REPRESENTATION (  '', ( #2572 ), #3978 ) ;
#3649 = DIRECTION ( 'NONE',  ( 0.0000000000000000000, 1.000000000000000000, 0.0000000000000000000 ) ) ;
#3650 = CARTESIAN_POINT ( 'NONE',  ( 3.764886775781080000E-016, -3.050000000000000300, 3.800000000000001200 ) ) ;
#3651 = EDGE_CURVE ( 'NONE', #3979, #1103, #6042, .T. ) ;
#3652 = LINE ( 'NONE', #3671, #3464 ) ;
#3653 = AXIS2_PLACEMENT_3D ( 'NONE', #6100, #2382, #5041 ) ;
#3654 = DIRECTION ( 'NONE',  ( -0.0000000000000000000, -1.000000000000000000, 0.0000000000000000000 ) ) ;
#3655 = VERTEX_POINT ( 'NONE', #3573 ) ;
#3656 = LINE ( 'NONE', #4030, #5050 ) ;
#3657 = CARTESIAN_POINT ( 'NONE',  ( 1.323646059186054800, -0.05000000000000000300, 1.707262941959384300 ) ) ;
#3658 = STYLED_ITEM ( 'NONE', ( #2884 ), #2869 ) ;
#3659 = APPLICATION_CONTEXT ( 'automotive_design' ) ;
#3660 = DIRECTION ( 'NONE',  ( 0.0000000000000000000, 1.000000000000000000, 0.0000000000000000000 ) ) ;
#3661 = EDGE_CURVE ( 'NONE', #4514, #2417, #4448, .T. ) ;
#3662 =( LENGTH_UNIT ( ) NAMED_UNIT ( * ) SI_UNIT ( .MILLI., .METRE. ) );
#3663 = EDGE_CURVE ( 'NONE', #4787, #3641, #1794, .T. ) ;
#3664 = ORIENTED_EDGE ( 'NONE', *, *, #4613, .F. ) ;
#3665 = DIRECTION ( 'NONE',  ( 0.0000000000000000000, 0.0000000000000000000, -1.000000000000000000 ) ) ;
#3666 = DIRECTION ( 'NONE',  ( 0.0000000000000000000, 1.000000000000000000, 0.0000000000000000000 ) ) ;
#3667 = ADVANCED_FACE ( 'NONE', ( #1640 ), #6253, .F. ) ;
#3668 = LINE ( 'NONE', #2772, #830 ) ;
#3669 = EDGE_LOOP ( 'NONE', ( #3406, #5894, #3664, #5829 ) ) ;
#3670 = DIRECTION ( 'NONE',  ( -0.0000000000000000000, -1.000000000000000000, -0.0000000000000000000 ) ) ;
#3671 = CARTESIAN_POINT ( 'NONE',  ( -3.450000000000000200, -3.050000000000000300, 5.000000000000000900 ) ) ;
#3672 = EDGE_CURVE ( 'NONE', #6865, #5252, #5702, .T. ) ;
#3673 = VERTEX_POINT ( 'NONE', #4654 ) ;
#3674 = VERTEX_POINT ( 'NONE', #954 ) ;
#3675 = CARTESIAN_POINT ( 'NONE',  ( -1.890000000000000300, -3.000000000000000000, -4.999999999999999100 ) ) ;
#3676 = ORIENTED_EDGE ( 'NONE', *, *, #5243, .F. ) ;
#3677 = DIRECTION ( 'NONE',  ( 1.000000000000000000, 0.0000000000000000000, -0.0000000000000000000 ) ) ;
#3678 = CARTESIAN_POINT ( 'NONE',  ( 1.323646059186054800, -0.05000000000000000300, 1.707262941959384300 ) ) ;
#3679 = VERTEX_POINT ( 'NONE', #415 ) ;
#3680 = VECTOR ( 'NONE', #1433, 1000.000000000000000 ) ;
#3681 = CARTESIAN_POINT ( 'NONE',  ( -0.4500000000000002900, -3.050000000000000300, 5.000000000000000900 ) ) ;
#3682 = LINE ( 'NONE', #98, #5847 ) ;
#3683 = PRESENTATION_LAYER_ASSIGNMENT (  '', '', ( #2956 ) ) ;
#3684 = DIRECTION ( 'NONE',  ( 0.0000000000000000000, 1.000000000000000000, 0.0000000000000000000 ) ) ;
#3685 = CARTESIAN_POINT ( 'NONE',  ( -3.450000000000000200, -2.200000000000000200, -4.999999999999999100 ) ) ;
#3686 = DIRECTION ( 'NONE',  ( -3.252606517456513300E-015, 0.0000000000000000000, 1.000000000000000000 ) ) ;
#3687 = CARTESIAN_POINT ( 'NONE',  ( 1.562968135769249500, -0.05000000000000000300, 0.3499999999998868500 ) ) ;
#3688 = FACE_OUTER_BOUND ( 'NONE', #6225, .T. ) ;
#3689 = CYLINDRICAL_SURFACE ( 'NONE', #2972, 0.3249999999999997900 ) ;
#3690 = VECTOR ( 'NONE', #1969, 1000.000000000000000 ) ;
#3691 = DIRECTION ( 'NONE',  ( 1.000000000000000000, 0.0000000000000000000, -0.0000000000000000000 ) ) ;
#3692 = LINE ( 'NONE', #1045, #2602 ) ;
#3693 = ORIENTED_EDGE ( 'NONE', *, *, #3417, .T. ) ;
#3694 = CARTESIAN_POINT ( 'NONE',  ( -9.855445003483749700, -2.149999999999999900, 5.000000000000000900 ) ) ;
#3695 = EDGE_CURVE ( 'NONE', #2412, #5559, #209, .T. ) ;
#3696 = EDGE_CURVE ( 'NONE', #560, #1593, #2867, .T. ) ;
#3697 = DIRECTION ( 'NONE',  ( 0.7071067811865101600, 0.0000000000000000000, -0.7071067811865849900 ) ) ;
#3698 = DIRECTION ( 'NONE',  ( 1.000000000000000000, 0.0000000000000000000, -0.0000000000000000000 ) ) ;
#3699 = FACE_OUTER_BOUND ( 'NONE', #4985, .T. ) ;
#3700 = SURFACE_STYLE_FILL_AREA ( #2551 ) ;
#3701 = LINE ( 'NONE', #5531, #4764 ) ;
#3702 = LINE ( 'NONE', #5074, #2110 ) ;
#3703 = VECTOR ( 'NONE', #4524, 1000.000000000000000 ) ;
#3704 = VECTOR ( 'NONE', #3007, 1000.000000000000000 ) ;
#3705 = AXIS2_PLACEMENT_3D ( 'NONE', #1720, #6507, #3308 ) ;
#3706 = ORIENTED_EDGE ( 'NONE', *, *, #627, .T. ) ;
#3707 = STYLED_ITEM ( 'NONE', ( #5389 ), #2062 ) ;
#3708 = AXIS2_PLACEMENT_3D ( 'NONE', #2169, #6461, #3255 ) ;
#3709 = EDGE_CURVE ( 'NONE', #249, #2971, #5880, .T. ) ;
#3710 = ORIENTED_EDGE ( 'NONE', *, *, #5249, .F. ) ;
#3711 = EDGE_LOOP ( 'NONE', ( #2557, #96, #1902, #4436 ) ) ;
#3712 = DIRECTION ( 'NONE',  ( -0.0000000000000000000, -1.000000000000000000, 0.0000000000000000000 ) ) ;
#3713 = EDGE_CURVE ( 'NONE', #274, #3401, #56, .T. ) ;
#3714 = CIRCLE ( 'NONE', #5481, 0.3249999999999997900 ) ;
#3715 = VERTEX_POINT ( 'NONE', #5756 ) ;
#3716 = ORIENTED_EDGE ( 'NONE', *, *, #5343, .F. ) ;
#3717 = CYLINDRICAL_SURFACE ( 'NONE', #2792, 0.3249999999999997900 ) ;
#3718 = PRESENTATION_STYLE_ASSIGNMENT (( #6830 ) ) ;
#3719 = VERTEX_POINT ( 'NONE', #4151 ) ;
#3720 = CARTESIAN_POINT ( 'NONE',  ( -0.9899999999999986600, -3.000000000000000000, 5.000000000000000900 ) ) ;
#3721 = DIRECTION ( 'NONE',  ( 0.7660444431189763500, 0.0000000000000000000, 0.6427876096865411400 ) ) ;
#3722 = DIRECTION ( 'NONE',  ( 0.0000000000000000000, -1.000000000000000000, -0.0000000000000000000 ) ) ;
#3723 = CARTESIAN_POINT ( 'NONE',  ( 1.797055987703438700, -0.05000000000000000300, -2.472006377443097600 ) ) ;
#3724 = DIRECTION ( 'NONE',  ( 0.0000000000000000000, -0.0000000000000000000, 1.000000000000000000 ) ) ;
#3725 = LINE ( 'NONE', #1252, #4945 ) ;
#3726 = CARTESIAN_POINT ( 'NONE',  ( -3.450000000000000200, -2.200000000000000200, -4.000000000000000000 ) ) ;
#3727 = EDGE_LOOP ( 'NONE', ( #4598, #4406, #2308, #5755 ) ) ;
#3728 = ORIENTED_EDGE ( 'NONE', *, *, #5484, .F. ) ;
#3729 = ORIENTED_EDGE ( 'NONE', *, *, #4760, .F. ) ;
#3730 = EDGE_CURVE ( 'NONE', #5648, #2140, #2709, .T. ) ;
#3731 = ORIENTED_EDGE ( 'NONE', *, *, #3538, .F. ) ;
#3732 = ORIENTED_EDGE ( 'NONE', *, *, #6643, .F. ) ;
#3733 = ORIENTED_EDGE ( 'NONE', *, *, #6064, .F. ) ;
#3734 = VECTOR ( 'NONE', #1216, 1000.000000000000000 ) ;
#3735 = EDGE_LOOP ( 'NONE', ( #956, #3427, #1448, #1138 ) ) ;
#3736 = DIRECTION ( 'NONE',  ( -0.7660444431189754600, 0.0000000000000000000, 0.6427876096865424700 ) ) ;
#3737 = DIRECTION ( 'NONE',  ( 0.0000000000000000000, 1.000000000000000000, 0.0000000000000000000 ) ) ;
#3738 = CIRCLE ( 'NONE', #1086, 0.3249999999999997900 ) ;
#3739 = LINE ( 'NONE', #642, #5898 ) ;
#3740 = MECHANICAL_DESIGN_GEOMETRIC_PRESENTATION_REPRESENTATION (  '', ( #1600 ), #4071 ) ;
#3741 = PLANE ( 'NONE',  #779 ) ;
#3742 = DIRECTION ( 'NONE',  ( 0.7660444431189771300, 0.0000000000000000000, -0.6427876096865404700 ) ) ;
#3743 = VECTOR ( 'NONE', #4165, 1000.000000000000000 ) ;
#3744 =( GEOMETRIC_REPRESENTATION_CONTEXT ( 3 ) GLOBAL_UNCERTAINTY_ASSIGNED_CONTEXT ( ( #6406 ) ) GLOBAL_UNIT_ASSIGNED_CONTEXT ( ( #4451, #1273, #4980 ) ) REPRESENTATION_CONTEXT ( 'NONE', 'WORKASPACE' ) );
#3745 = PRESENTATION_STYLE_ASSIGNMENT (( #2574 ) ) ;
#3746 = CARTESIAN_POINT ( 'NONE',  ( -1.765000000000001000, -2.200000000000000200, -4.999999999999999100 ) ) ;
#3747 = CARTESIAN_POINT ( 'NONE',  ( -8.358723224855744100, -0.05000000000000000300, -2.539999999999998700 ) ) ;
#3748 = AXIS2_PLACEMENT_3D ( 'NONE', #3784, #3241, #64 ) ;
#3749 = CARTESIAN_POINT ( 'NONE',  ( -0.9900000000000013200, -3.050000000000000300, -9.591503366463465200 ) ) ;
#3750 = EDGE_CURVE ( 'NONE', #1707, #5307, #4289, .T. ) ;
#3751 = DIRECTION ( 'NONE',  ( 1.000000000000000000, -0.0000000000000000000, 3.614007241618349800E-016 ) ) ;
#3752 = DIRECTION ( 'NONE',  ( 2.602085213965210600E-015, 0.0000000000000000000, 1.000000000000000000 ) ) ;
#3753 = AXIS2_PLACEMENT_3D ( 'NONE', #737, #6063, #2870 ) ;
#3754 = DIRECTION ( 'NONE',  ( -1.000000000000000000, 0.0000000000000000000, 0.0000000000000000000 ) ) ;
#3755 = FACE_OUTER_BOUND ( 'NONE', #3094, .T. ) ;
#3756 = CARTESIAN_POINT ( 'NONE',  ( 1.439999999999999900, -2.149999999999999900, 5.000000000000000900 ) ) ;
#3757 = VERTEX_POINT ( 'NONE', #1537 ) ;
#3758 = DIRECTION ( 'NONE',  ( 1.000000000000000000, 0.0000000000000000000, 4.650144802115173900E-017 ) ) ;
#3759 = ORIENTED_EDGE ( 'NONE', *, *, #1882, .T. ) ;
#3760 = ORIENTED_EDGE ( 'NONE', *, *, #5214, .T. ) ;
#3761 = CARTESIAN_POINT ( 'NONE',  ( -0.5211717993440886400, -0.05000000000000000300, 0.3499999999999999200 ) ) ;
#3762 = CARTESIAN_POINT ( 'NONE',  ( 1.439999999999999900, -2.149999999999999900, 4.675000000000001600 ) ) ;
#3763 = CARTESIAN_POINT ( 'NONE',  ( -2.879999999999999900, -2.149999999999999900, 5.000000000000002700 ) ) ;
#3764 = CARTESIAN_POINT ( 'NONE',  ( -0.3250000000000000100, -2.149999999999999900, 5.000000000000000900 ) ) ;
#3765 = CARTESIAN_POINT ( 'NONE',  ( -0.9899999999999991000, -3.000000000000000400, -3.800000000000001200 ) ) ;
#3766 = CARTESIAN_POINT ( 'NONE',  ( 2.461714443247939000, -0.05000000000000000300, 2.540000000000002300 ) ) ;
#3767 = VERTEX_POINT ( 'NONE', #5784 ) ;
#3768 = EDGE_CURVE ( 'NONE', #4549, #1426, #6795, .T. ) ;
#3769 = DIRECTION ( 'NONE',  ( 0.0000000000000000000, 1.000000000000000000, 0.0000000000000000000 ) ) ;
#3770 = CARTESIAN_POINT ( 'NONE',  ( -2.880000000000001700, -3.050000000000000300, -5.000000000000002700 ) ) ;
#3771 = ORIENTED_EDGE ( 'NONE', *, *, #4476, .T. ) ;
#3772 = EDGE_LOOP ( 'NONE', ( #4791, #3974, #3478, #4670 ) ) ;
#3773 = LINE ( 'NONE', #6073, #6604 ) ;
#3774 = SURFACE_STYLE_FILL_AREA ( #6316 ) ;
#3775 =( NAMED_UNIT ( * ) SI_UNIT ( $, .STERADIAN. ) SOLID_ANGLE_UNIT ( ) );
#3776 = ORIENTED_EDGE ( 'NONE', *, *, #2665, .T. ) ;
#3777 = AXIS2_PLACEMENT_3D ( 'NONE', #4188, #1010, #4718 ) ;
#3778 = LINE ( 'NONE', #3723, #2350 ) ;
#3779 = PRESENTATION_STYLE_ASSIGNMENT (( #6432 ) ) ;
#3780 = COLOUR_RGB ( '',1.000000000000000000, 0.7529411764705882200, 0.0000000000000000000 ) ;
#3781 = CARTESIAN_POINT ( 'NONE',  ( -0.9552187682305379700, -0.05000000000000000300, -2.470380891076450900 ) ) ;
#3782 = ORIENTED_EDGE ( 'NONE', *, *, #5725, .T. ) ;
#3783 = DIRECTION ( 'NONE',  ( -1.000000000000000000, -0.0000000000000000000, -0.0000000000000000000 ) ) ;
#3784 = CARTESIAN_POINT ( 'NONE',  ( 0.0000000000000000000, -2.149999999999999900, 5.000000000000000900 ) ) ;
#3785 = ORIENTED_EDGE ( 'NONE', *, *, #1198, .T. ) ;
#3786 = EDGE_CURVE ( 'NONE', #6457, #334, #4115, .T. ) ;
#3787 = EDGE_LOOP ( 'NONE', ( #374, #4785, #4990, #6052 ) ) ;
#3788 = VERTEX_POINT ( 'NONE', #6323 ) ;
#3789 = MECHANICAL_DESIGN_GEOMETRIC_PRESENTATION_REPRESENTATION (  '', ( #5167 ), #4134 ) ;
#3790 = VERTEX_POINT ( 'NONE', #4200 ) ;
#3791 = LINE ( 'NONE', #3535, #2207 ) ;
#3792 = PLANE ( 'NONE',  #546 ) ;
#3793 = ORIENTED_EDGE ( 'NONE', *, *, #5458, .F. ) ;
#3794 = VECTOR ( 'NONE', #3737, 1000.000000000000000 ) ;
#3795 = EDGE_LOOP ( 'NONE', ( #6335, #1217, #2696, #3588 ) ) ;
#3796 =( NAMED_UNIT ( * ) SI_UNIT ( $, .STERADIAN. ) SOLID_ANGLE_UNIT ( ) );
#3797 = LINE ( 'NONE', #4730, #2369 ) ;
#3798 = ORIENTED_EDGE ( 'NONE', *, *, #3713, .F. ) ;
#3799 = PRESENTATION_LAYER_ASSIGNMENT (  '', '', ( #3410 ) ) ;
#3800 = VERTEX_POINT ( 'NONE', #1021 ) ;
#3801 = EDGE_CURVE ( 'NONE', #6879, #5556, #3797, .T. ) ;
#3802 = EDGE_CURVE ( 'NONE', #962, #5487, #6627, .T. ) ;
#3803 = LINE ( 'NONE', #610, #6477 ) ;
#3804 = ORIENTED_EDGE ( 'NONE', *, *, #6911, .T. ) ;
#3805 = ORIENTED_EDGE ( 'NONE', *, *, #4803, .T. ) ;
#3806 = CARTESIAN_POINT ( 'NONE',  ( 2.429999999999997900, -2.200000000000000200, -4.999999999999999100 ) ) ;
#3807 = DIRECTION ( 'NONE',  ( -1.000000000000000000, 0.0000000000000000000, -0.0000000000000000000 ) ) ;
#3808 = LINE ( 'NONE', #2184, #6484 ) ;
#3809 = EDGE_CURVE ( 'NONE', #1761, #2958, #2550, .T. ) ;
#3810 = PLANE ( 'NONE',  #1251 ) ;
#3811 = ORIENTED_EDGE ( 'NONE', *, *, #3332, .T. ) ;
#3812 = ORIENTED_EDGE ( 'NONE', *, *, #2270, .F. ) ;
#3813 = DIRECTION ( 'NONE',  ( -0.1736481776669218100, 0.0000000000000000000, 0.9848077530122095700 ) ) ;
#3814 = DIRECTION ( 'NONE',  ( -0.0000000000000000000, -1.000000000000000000, -0.0000000000000000000 ) ) ;
#3815 = DIRECTION ( 'NONE',  ( -1.000000000000000000, -0.0000000000000000000, -0.0000000000000000000 ) ) ;
#3816 = SURFACE_STYLE_FILL_AREA ( #4449 ) ;
#3817 = DIRECTION ( 'NONE',  ( -0.1736481776669211200, 0.0000000000000000000, 0.9848077530122096900 ) ) ;
#3818 = DIRECTION ( 'NONE',  ( 0.0000000000000000000, 0.0000000000000000000, -1.000000000000000000 ) ) ;
#3819 = LINE ( 'NONE', #1637, #6489 ) ;
#3820 = ORIENTED_EDGE ( 'NONE', *, *, #804, .F. ) ;
#3821 = CARTESIAN_POINT ( 'NONE',  ( 2.879999999999998600, -3.050000000000000300, -5.000000000000000900 ) ) ;
#3822 = EDGE_CURVE ( 'NONE', #2480, #1465, #6466, .T. ) ;
#3823 = EDGE_CURVE ( 'NONE', #6328, #1426, #972, .T. ) ;
#3824 = CARTESIAN_POINT ( 'NONE',  ( -2.430000000000019300, -3.050000000000000300, -9.591503366463461700 ) ) ;
#3825 = DIRECTION ( 'NONE',  ( 0.0000000000000000000, 0.0000000000000000000, 1.000000000000000000 ) ) ;
#3826 = ORIENTED_EDGE ( 'NONE', *, *, #5378, .F. ) ;
#3827 = DIRECTION ( 'NONE',  ( 1.000000000000000000, 0.0000000000000000000, -2.372734900658680300E-016 ) ) ;
#3828 = VECTOR ( 'NONE', #102, 1000.000000000000000 ) ;
#3829 = PLANE ( 'NONE',  #238 ) ;
#3830 = EDGE_CURVE ( 'NONE', #198, #327, #3624, .T. ) ;
#3831 = CARTESIAN_POINT ( 'NONE',  ( 0.4500000000000007900, -3.000000000000000400, -3.800000000000001200 ) ) ;
#3832 = ORIENTED_EDGE ( 'NONE', *, *, #6182, .T. ) ;
#3833 = EDGE_CURVE ( 'NONE', #262, #6130, #786, .T. ) ;
#3834 = DIRECTION ( 'NONE',  ( -0.0000000000000000000, -1.000000000000000000, 0.0000000000000000000 ) ) ;
#3835 = ORIENTED_EDGE ( 'NONE', *, *, #1055, .T. ) ;
#3836 = ORIENTED_EDGE ( 'NONE', *, *, #4309, .T. ) ;
#3837 = ORIENTED_EDGE ( 'NONE', *, *, #3322, .T. ) ;
#3838 = DIRECTION ( 'NONE',  ( 1.000000000000000000, 0.0000000000000000000, -0.0000000000000000000 ) ) ;
#3839 = DIRECTION ( 'NONE',  ( -1.000000000000000000, 0.0000000000000000000, -0.0000000000000000000 ) ) ;
#3840 = EDGE_LOOP ( 'NONE', ( #4742, #2508, #2016, #5685 ) ) ;
#3841 = LINE ( 'NONE', #6164, #1191 ) ;
#3842 = CARTESIAN_POINT ( 'NONE',  ( 2.879999999999999900, -2.200000000000000200, 5.000000000000000900 ) ) ;
#3843 = LINE ( 'NONE', #587, #1347 ) ;
#3844 = CARTESIAN_POINT ( 'NONE',  ( 3.329999999999999600, -2.200000000000000200, 0.01782600801236681300 ) ) ;
#3845 = EDGE_CURVE ( 'NONE', #6717, #3788, #4857, .T. ) ;
#3846 = DIRECTION ( 'NONE',  ( 0.0000000000000000000, 1.000000000000000000, 0.0000000000000000000 ) ) ;
#3847 = DIRECTION ( 'NONE',  ( -1.000000000000000000, 0.0000000000000000000, -0.0000000000000000000 ) ) ;
#3848 = LINE ( 'NONE', #2854, #5080 ) ;
#3849 = CARTESIAN_POINT ( 'NONE',  ( -3.450000000000000200, -2.200000000000000200, -4.000000000000000000 ) ) ;
#3850 = FACE_OUTER_BOUND ( 'NONE', #278, .T. ) ;
#3851 = VECTOR ( 'NONE', #2061, 1000.000000000000000 ) ;
#3852 = ORIENTED_EDGE ( 'NONE', *, *, #4612, .F. ) ;
#3853 = CARTESIAN_POINT ( 'NONE',  ( -8.358723224855744100, -0.05000000000000000300, -5.392625304991305800E-016 ) ) ;
#3854 = VERTEX_POINT ( 'NONE', #1077 ) ;
#3855 = PRESENTATION_LAYER_ASSIGNMENT (  '', '', ( #3485 ) ) ;
#3856 = VECTOR ( 'NONE', #3533, 1000.000000000000000 ) ;
#3857 = LINE ( 'NONE', #6120, #5428 ) ;
#3858 = VECTOR ( 'NONE', #175, 1000.000000000000100 ) ;
#3859 = VECTOR ( 'NONE', #1856, 1000.000000000000000 ) ;
#3860 = LINE ( 'NONE', #4559, #5432 ) ;
#3861 = ORIENTED_EDGE ( 'NONE', *, *, #5244, .F. ) ;
#3862 = ORIENTED_EDGE ( 'NONE', *, *, #1197, .F. ) ;
#3863 = AXIS2_PLACEMENT_3D ( 'NONE', #964, #1497, #5208 ) ;
#3864 = CARTESIAN_POINT ( 'NONE',  ( 0.6342806320775094000, -0.05000000000000000300, 1.585709217592539400 ) ) ;
#3865 = ORIENTED_EDGE ( 'NONE', *, *, #5814, .T. ) ;
#3866 = VECTOR ( 'NONE', #2587, 1000.000000000000000 ) ;
#3867 = UNCERTAINTY_MEASURE_WITH_UNIT (LENGTH_MEASURE( 1.000000000000000100E-005 ), #2507, 'distance_accuracy_value', 'NONE');
#3868 = ORIENTED_EDGE ( 'NONE', *, *, #3900, .F. ) ;
#3869 = FACE_OUTER_BOUND ( 'NONE', #2302, .T. ) ;
#3870 = FACE_OUTER_BOUND ( 'NONE', #3787, .T. ) ;
#3871 = VERTEX_POINT ( 'NONE', #5289 ) ;
#3872 = AXIS2_PLACEMENT_3D ( 'NONE', #4678, #1511, #5226 ) ;
#3873 = FACE_OUTER_BOUND ( 'NONE', #536, .T. ) ;
#3874 = CARTESIAN_POINT ( 'NONE',  ( -9.855445003483749700, -2.149999999999999900, 0.01782600801236681300 ) ) ;
#3875 =( NAMED_UNIT ( * ) SI_UNIT ( $, .STERADIAN. ) SOLID_ANGLE_UNIT ( ) );
#3876 = DIRECTION ( 'NONE',  ( -1.000000000000000000, 0.0000000000000000000, -3.252606517456510500E-015 ) ) ;
#3877 = PLANE ( 'NONE',  #1247 ) ;
#3878 = AXIS2_PLACEMENT_3D ( 'NONE', #2164, #3231, #55 ) ;
#3879 = LINE ( 'NONE', #6532, #6715 ) ;
#3880 = ORIENTED_EDGE ( 'NONE', *, *, #3199, .T. ) ;
#3881 = ORIENTED_EDGE ( 'NONE', *, *, #5118, .F. ) ;
#3882 = MECHANICAL_DESIGN_GEOMETRIC_PRESENTATION_REPRESENTATION (  '', ( #3166 ), #4235 ) ;
#3883 = ORIENTED_EDGE ( 'NONE', *, *, #2150, .F. ) ;
#3884 = ORIENTED_EDGE ( 'NONE', *, *, #382, .T. ) ;
#3885 = ADVANCED_FACE ( 'NONE', ( #6114 ), #2130, .F. ) ;
#3886 = VECTOR ( 'NONE', #5471, 1000.000000000000000 ) ;
#3887 = ORIENTED_EDGE ( 'NONE', *, *, #6333, .T. ) ;
#3888 = DIRECTION ( 'NONE',  ( -0.9848077530122095700, 0.0000000000000000000, -0.1736481776669219200 ) ) ;
#3889 = DIRECTION ( 'NONE',  ( 2.710505431213764000E-016, 0.0000000000000000000, 1.000000000000000000 ) ) ;
#3890 = VECTOR ( 'NONE', #4640, 1000.000000000000000 ) ;
#3891 = EDGE_CURVE ( 'NONE', #3001, #6350, #1873, .T. ) ;
#3892 = VECTOR ( 'NONE', #4318, 1000.000000000000000 ) ;
#3893 = ORIENTED_EDGE ( 'NONE', *, *, #1783, .T. ) ;
#3894 = DIRECTION ( 'NONE',  ( 0.0000000000000000000, 1.000000000000000000, 0.0000000000000000000 ) ) ;
#3895 = FACE_OUTER_BOUND ( 'NONE', #3614, .T. ) ;
#3896 = CARTESIAN_POINT ( 'NONE',  ( -9.855445003483749700, -2.149999999999999900, -4.999999999999999100 ) ) ;
#3897 = LINE ( 'NONE', #5738, #6737 ) ;
#3898 = EDGE_CURVE ( 'NONE', #5635, #4064, #2042, .T. ) ;
#3899 = DIRECTION ( 'NONE',  ( -1.000000000000000000, 0.0000000000000000000, -0.0000000000000000000 ) ) ;
#3900 = EDGE_CURVE ( 'NONE', #6200, #4040, #5963, .T. ) ;
#3901 = CARTESIAN_POINT ( 'NONE',  ( 1.439999999999998600, -2.200000000000000200, -5.000000000000000900 ) ) ;
#3902 = EDGE_CURVE ( 'NONE', #436, #464, #3123, .T. ) ;
#3903 = EDGE_CURVE ( 'NONE', #464, #4027, #1714, .T. ) ;
#3904 = COLOUR_RGB ( '',1.000000000000000000, 0.7529411764705882200, 0.0000000000000000000 ) ;
#3905 = UNCERTAINTY_MEASURE_WITH_UNIT (LENGTH_MEASURE( 1.000000000000000100E-005 ), #5072, 'distance_accuracy_value', 'NONE');
#3906 = CARTESIAN_POINT ( 'NONE',  ( 0.9899999999999997700, -3.050000000000000300, -5.000000000000000000 ) ) ;
#3907 = VERTEX_POINT ( 'NONE', #3764 ) ;
#3908 = VERTEX_POINT ( 'NONE', #1118 ) ;
#3909 = AXIS2_PLACEMENT_3D ( 'NONE', #3435, #261, #3967 ) ;
#3910 = ADVANCED_FACE ( 'NONE', ( #5785 ), #5601, .F. ) ;
#3911 = ORIENTED_EDGE ( 'NONE', *, *, #6150, .T. ) ;
#3912 = DIRECTION ( 'NONE',  ( 0.0000000000000000000, -1.000000000000000000, 0.0000000000000000000 ) ) ;
#3913 = DIRECTION ( 'NONE',  ( 1.000000000000000000, 0.0000000000000000000, 0.0000000000000000000 ) ) ;
#3914 = EDGE_CURVE ( 'NONE', #3176, #2201, #124, .T. ) ;
#3915 = EDGE_CURVE ( 'NONE', #3679, #1430, #2944, .T. ) ;
#3916 = SURFACE_SIDE_STYLE ('',( #6622 ) ) ;
#3917 = ORIENTED_EDGE ( 'NONE', *, *, #6326, .F. ) ;
#3918 = ORIENTED_EDGE ( 'NONE', *, *, #5709, .F. ) ;
#3919 = DIRECTION ( 'NONE',  ( 0.0000000000000000000, -0.0000000000000000000, 1.000000000000000000 ) ) ;
#3920 = FACE_OUTER_BOUND ( 'NONE', #5184, .T. ) ;
#3921 = CARTESIAN_POINT ( 'NONE',  ( 1.061714443247939300, -0.05000000000000000300, 6.776263578034402700E-017 ) ) ;
#3922 = CARTESIAN_POINT ( 'NONE',  ( -2.880000000000001700, -2.200000000000000200, -5.000000000000002700 ) ) ;
#3923 = VECTOR ( 'NONE', #5777, 1000.000000000000000 ) ;
#3924 = MECHANICAL_DESIGN_GEOMETRIC_PRESENTATION_REPRESENTATION (  '', ( #2863 ), #4295 ) ;
#3925 =( NAMED_UNIT ( * ) SI_UNIT ( $, .STERADIAN. ) SOLID_ANGLE_UNIT ( ) );
#3926 = VECTOR ( 'NONE', #5830, 1000.000000000000100 ) ;
#3927 = DIRECTION ( 'NONE',  ( 0.0000000000000000000, 1.000000000000000000, 0.0000000000000000000 ) ) ;
#3928 = EDGE_CURVE ( 'NONE', #1961, #6508, #466, .T. ) ;
#3929 = FACE_OUTER_BOUND ( 'NONE', #1978, .T. ) ;
#3930 = SURFACE_STYLE_FILL_AREA ( #3002 ) ;
#3931 = CARTESIAN_POINT ( 'NONE',  ( 1.439999999999998600, -2.200000000000000200, -5.000000000000000900 ) ) ;
#3932 = EDGE_LOOP ( 'NONE', ( #6824, #5803, #5843, #5622, #6249, #4485, #697, #1645 ) ) ;
#3933 = ORIENTED_EDGE ( 'NONE', *, *, #6651, .F. ) ;
#3934 = DIRECTION ( 'NONE',  ( 0.0000000000000000000, 1.000000000000000000, 0.0000000000000000000 ) ) ;
#3935 = ADVANCED_FACE ( 'NONE', ( #4201 ), #2182, .F. ) ;
#3936 = ORIENTED_EDGE ( 'NONE', *, *, #2688, .F. ) ;
#3937 = VERTEX_POINT ( 'NONE', #592 ) ;
#3938 = VERTEX_POINT ( 'NONE', #613 ) ;
#3939 = LINE ( 'NONE', #4045, #2364 ) ;
#3940 = CIRCLE ( 'NONE', #1800, 0.3249999999999997900 ) ;
#3941 = ORIENTED_EDGE ( 'NONE', *, *, #1858, .F. ) ;
#3942 =( NAMED_UNIT ( * ) PLANE_ANGLE_UNIT ( ) SI_UNIT ( $, .RADIAN. ) );
#3943 = ORIENTED_EDGE ( 'NONE', *, *, #1218, .T. ) ;
#3944 = VECTOR ( 'NONE', #3359, 1000.000000000000000 ) ;
#3945 = EDGE_LOOP ( 'NONE', ( #6379, #1232 ) ) ;
#3946 = VECTOR ( 'NONE', #486, 1000.000000000000000 ) ;
#3947 = ADVANCED_FACE ( 'NONE', ( #5525 ), #3810, .F. ) ;
#3948 = VECTOR ( 'NONE', #1652, 1000.000000000000000 ) ;
#3949 = ORIENTED_EDGE ( 'NONE', *, *, #994, .F. ) ;
#3950 = ORIENTED_EDGE ( 'NONE', *, *, #5334, .F. ) ;
#3951 =( NAMED_UNIT ( * ) PLANE_ANGLE_UNIT ( ) SI_UNIT ( $, .RADIAN. ) );
#3952 = EDGE_CURVE ( 'NONE', #6301, #2371, #1371, .T. ) ;
#3953 = DIRECTION ( 'NONE',  ( 1.000000000000000000, 0.0000000000000000000, -0.0000000000000000000 ) ) ;
#3954 = DIRECTION ( 'NONE',  ( 2.710505431213764000E-016, 0.0000000000000000000, -1.000000000000000000 ) ) ;
#3955 = LINE ( 'NONE', #5064, #5380 ) ;
#3956 = CARTESIAN_POINT ( 'NONE',  ( 3.764886775781080000E-016, -3.050000000000000300, 3.800000000000001200 ) ) ;
#3957 = ORIENTED_EDGE ( 'NONE', *, *, #4280, .F. ) ;
#3958 = ORIENTED_EDGE ( 'NONE', *, *, #1935, .T. ) ;
#3959 = ORIENTED_EDGE ( 'NONE', *, *, #866, .F. ) ;
#3960 = DIRECTION ( 'NONE',  ( -1.000000000000000000, 0.0000000000000000000, -0.0000000000000000000 ) ) ;
#3961 = ADVANCED_FACE ( 'NONE', ( #2782 ), #5328, .T. ) ;
#3962 = PLANE ( 'NONE',  #5148 ) ;
#3963 = LINE ( 'NONE', #3747, #6821 ) ;
#3964 = CARTESIAN_POINT ( 'NONE',  ( -0.9899999999999995500, -2.200000000000000200, 5.000000000000000900 ) ) ;
#3965 = UNCERTAINTY_MEASURE_WITH_UNIT (LENGTH_MEASURE( 1.000000000000000100E-005 ), #5749, 'distance_accuracy_value', 'NONE');
#3966 = VERTEX_POINT ( 'NONE', #1162 ) ;
#3967 = DIRECTION ( 'NONE',  ( 1.000000000000000000, 0.0000000000000000000, -0.0000000000000000000 ) ) ;
#3968 = CARTESIAN_POINT ( 'NONE',  ( 3.450000000000000200, -2.200000000000000200, -4.999999999999999100 ) ) ;
#3969 = PLANE ( 'NONE',  #3653 ) ;
#3970 = ADVANCED_FACE ( 'NONE', ( #6798 ), #570, .T. ) ;
#3971 = DIRECTION ( 'NONE',  ( -0.7071067811865033900, 0.0000000000000000000, 0.7071067811865916500 ) ) ;
#3972 = DIRECTION ( 'NONE',  ( 0.0000000000000000000, 0.0000000000000000000, 1.000000000000000000 ) ) ;
#3973 = AXIS2_PLACEMENT_3D ( 'NONE', #2522, #3060, #6785 ) ;
#3974 = ORIENTED_EDGE ( 'NONE', *, *, #844, .T. ) ;
#3975 = DIRECTION ( 'NONE',  ( 0.0000000000000000000, 1.000000000000000000, -0.0000000000000000000 ) ) ;
#3976 = CARTESIAN_POINT ( 'NONE',  ( -3.205000000000001400, -3.050000000000000300, -4.999999999999999100 ) ) ;
#3977 = LINE ( 'NONE', #5761, #3828 ) ;
#3978 =( GEOMETRIC_REPRESENTATION_CONTEXT ( 3 ) GLOBAL_UNCERTAINTY_ASSIGNED_CONTEXT ( ( #1965 ) ) GLOBAL_UNIT_ASSIGNED_CONTEXT ( ( #4541, #1364, #5068 ) ) REPRESENTATION_CONTEXT ( 'NONE', 'WORKASPACE' ) );
#3979 = VERTEX_POINT ( 'NONE', #3762 ) ;
#3980 = VERTEX_POINT ( 'NONE', #2180 ) ;
#3981 = DIRECTION ( 'NONE',  ( -0.0000000000000000000, -1.000000000000000000, -0.0000000000000000000 ) ) ;
#3982 = EDGE_CURVE ( 'NONE', #2046, #1790, #5374, .T. ) ;
#3983 = CARTESIAN_POINT ( 'NONE',  ( 2.879999999999999900, -3.050000000000000300, 5.000000000000000900 ) ) ;
#3984 = VERTEX_POINT ( 'NONE', #2712 ) ;
#3985 = ORIENTED_EDGE ( 'NONE', *, *, #1323, .F. ) ;
#3986 = DIRECTION ( 'NONE',  ( 0.0000000000000000000, 0.0000000000000000000, -1.000000000000000000 ) ) ;
#3987 = ORIENTED_EDGE ( 'NONE', *, *, #4836, .T. ) ;
#3988 = DIRECTION ( 'NONE',  ( 1.084202172485504400E-016, 0.0000000000000000000, 1.000000000000000000 ) ) ;
#3989 = CARTESIAN_POINT ( 'NONE',  ( 1.132670721784651700, -0.05000000000000000300, 2.292928937522326300 ) ) ;
#3990 = AXIS2_PLACEMENT_3D ( 'NONE', #3874, #5466, #2297 ) ;
#3991 = CARTESIAN_POINT ( 'NONE',  ( -3.330000000000001400, -2.149999999999999900, 0.01782600801236681300 ) ) ;
#3992 = FACE_OUTER_BOUND ( 'NONE', #832, .T. ) ;
#3993 = ADVANCED_FACE ( 'NONE', ( #2553 ), #1150, .F. ) ;
#3994 = CARTESIAN_POINT ( 'NONE',  ( 2.429999999999998400, -2.149999999999999900, 4.000000000000000000 ) ) ;
#3995 = EDGE_CURVE ( 'NONE', #2595, #3001, #4123, .T. ) ;
#3996 = VECTOR ( 'NONE', #4810, 1000.000000000000000 ) ;
#3997 = EDGE_CURVE ( 'NONE', #4859, #2480, #1304, .T. ) ;
#3998 = SURFACE_SIDE_STYLE ('',( #1867 ) ) ;
#3999 =( NAMED_UNIT ( * ) PLANE_ANGLE_UNIT ( ) SI_UNIT ( $, .RADIAN. ) );
#4000 = FACE_OUTER_BOUND ( 'NONE', #1846, .T. ) ;
#4001 = CARTESIAN_POINT ( 'NONE',  ( -9.855445003483749700, -2.200000000000000200, 5.000000000000000900 ) ) ;
#4002 = LINE ( 'NONE', #5119, #1353 ) ;
#4003 = LINE ( 'NONE', #4704, #2769 ) ;
#4004 = VERTEX_POINT ( 'NONE', #4311 ) ;
#4005 = CARTESIAN_POINT ( 'NONE',  ( -2.429999999999997900, -3.000000000000000400, 5.000000000000000900 ) ) ;
#4006 = ADVANCED_FACE ( 'NONE', ( #2717 ), #2200, .T. ) ;
#4007 = EDGE_CURVE ( 'NONE', #436, #4943, #979, .T. ) ;
#4008 = CARTESIAN_POINT ( 'NONE',  ( 2.461714443247939000, -0.05000000000000000300, 2.140000000000001900 ) ) ;
#4009 = ORIENTED_EDGE ( 'NONE', *, *, #2239, .T. ) ;
#4010 = VECTOR ( 'NONE', #2897, 1000.000000000000000 ) ;
#4011 = VERTEX_POINT ( 'NONE', #5393 ) ;
#4012 = VECTOR ( 'NONE', #1585, 1000.000000000000000 ) ;
#4013 = LINE ( 'NONE', #5584, #870 ) ;
#4014 = LINE ( 'NONE', #2938, #1208 ) ;
#4015 = ORIENTED_EDGE ( 'NONE', *, *, #1483, .T. ) ;
#4016 = CARTESIAN_POINT ( 'NONE',  ( -2.880000000000001700, -2.149999999999999900, -5.000000000000002700 ) ) ;
#4017 = CARTESIAN_POINT ( 'NONE',  ( 1.115000000000000200, -2.149999999999999900, 5.000000000000000900 ) ) ;
#4018 = CARTESIAN_POINT ( 'NONE',  ( -9.855445003483749700, -2.149999999999999900, -4.999999999999999100 ) ) ;
#4019 = ORIENTED_EDGE ( 'NONE', *, *, #1483, .F. ) ;
#4020 = LINE ( 'NONE', #483, #2447 ) ;
#4021 = CARTESIAN_POINT ( 'NONE',  ( -1.698248156788427100, -0.05000000000000000300, 2.540000000000000000 ) ) ;
#4022 = ORIENTED_EDGE ( 'NONE', *, *, #5412, .T. ) ;
#4023 = CARTESIAN_POINT ( 'NONE',  ( 3.330000000000013400, -2.200000000000000200, 0.01782600801231534700 ) ) ;
#4024 = FACE_BOUND ( 'NONE', #3945, .T. ) ;
#4025 = MECHANICAL_DESIGN_GEOMETRIC_PRESENTATION_REPRESENTATION (  '', ( #2956 ), #4385 ) ;
#4026 = FACE_OUTER_BOUND ( 'NONE', #4109, .T. ) ;
#4027 = VERTEX_POINT ( 'NONE', #1160 ) ;
#4028 = DIRECTION ( 'NONE',  ( -0.0000000000000000000, 1.000000000000000000, 0.0000000000000000000 ) ) ;
#4029 = CARTESIAN_POINT ( 'NONE',  ( 0.4500000000000007300, -2.200000000000000200, 4.000000000000000000 ) ) ;
#4030 = CARTESIAN_POINT ( 'NONE',  ( -1.440000000000001500, -3.050000000000000300, -4.675000000000000700 ) ) ;
#4031 = DIRECTION ( 'NONE',  ( -0.0000000000000000000, 0.0000000000000000000, 1.000000000000000000 ) ) ;
#4032 = EDGE_CURVE ( 'NONE', #930, #4859, #5028, .T. ) ;
#4033 = PLANE ( 'NONE',  #6857 ) ;
#4034 = CARTESIAN_POINT ( 'NONE',  ( -2.555000000000001500, -2.149999999999999900, -4.999999999999999100 ) ) ;
#4035 = EDGE_CURVE ( 'NONE', #3871, #6301, #3803, .T. ) ;
#4036 = ADVANCED_FACE ( 'NONE', ( #6299 ), #3288, .T. ) ;
#4037 = VERTEX_POINT ( 'NONE', #6488 ) ;
#4038 = CARTESIAN_POINT ( 'NONE',  ( -3.450000000000000200, -2.200000000000000200, 5.000000000000000900 ) ) ;
#4039 = ORIENTED_EDGE ( 'NONE', *, *, #2259, .F. ) ;
#4040 = VERTEX_POINT ( 'NONE', #5410 ) ;
#4041 = ORIENTED_EDGE ( 'NONE', *, *, #5620, .F. ) ;
#4042 = AXIS2_PLACEMENT_3D ( 'NONE', #5347, #1109, #1644 ) ;
#4043 = DIRECTION ( 'NONE',  ( -0.0000000000000000000, -1.000000000000000000, -0.0000000000000000000 ) ) ;
#4044 = CIRCLE ( 'NONE', #4940, 0.3249999999999997900 ) ;
#4045 = CARTESIAN_POINT ( 'NONE',  ( 2.461714443247939000, -0.05000000000000000300, 2.540000000000002300 ) ) ;
#4046 = CARTESIAN_POINT ( 'NONE',  ( -5.421334652019826400, -0.05000000000000000300, 3.500643384522375900 ) ) ;
#4047 = CARTESIAN_POINT ( 'NONE',  ( -3.450000000000000200, -3.000000000000000000, 5.000000000000000900 ) ) ;
#4048 = PLANE ( 'NONE',  #5795 ) ;
#4049 = EDGE_CURVE ( 'NONE', #4004, #5918, #6632, .T. ) ;
#4050 = DIRECTION ( 'NONE',  ( 1.000000000000000000, 0.0000000000000000000, 0.0000000000000000000 ) ) ;
#4051 = ADVANCED_FACE ( 'NONE', ( #2219 ), #636, .F. ) ;
#4052 = CARTESIAN_POINT ( 'NONE',  ( -1.440000000000001500, -2.200000000000000200, -5.000000000000000000 ) ) ;
#4053 = VECTOR ( 'NONE', #6424, 1000.000000000000000 ) ;
#4054 = ORIENTED_EDGE ( 'NONE', *, *, #5861, .T. ) ;
#4055 =( NAMED_UNIT ( * ) PLANE_ANGLE_UNIT ( ) SI_UNIT ( $, .RADIAN. ) );
#4056 = CARTESIAN_POINT ( 'NONE',  ( 0.9899999999999974400, -3.000000000000000000, -4.999999999999999100 ) ) ;
#4057 = CARTESIAN_POINT ( 'NONE',  ( -1.224606353822377500E-015, -3.050000000000000300, -5.000000000000000900 ) ) ;
#4058 = VECTOR ( 'NONE', #4572, 1000.000000000000000 ) ;
#4059 = DIRECTION ( 'NONE',  ( -1.000000000000000000, 0.0000000000000000000, -0.0000000000000000000 ) ) ;
#4060 = ORIENTED_EDGE ( 'NONE', *, *, #2725, .F. ) ;
#4061 =( LENGTH_UNIT ( ) NAMED_UNIT ( * ) SI_UNIT ( .MILLI., .METRE. ) );
#4062 = CARTESIAN_POINT ( 'NONE',  ( -9.855445003483749700, -2.200000000000000200, -4.999999999999999100 ) ) ;
#4063 = EDGE_CURVE ( 'NONE', #3360, #1167, #794, .T. ) ;
#4064 = VERTEX_POINT ( 'NONE', #655 ) ;
#4065 = DIRECTION ( 'NONE',  ( 1.000000000000000000, 0.0000000000000000000, -0.0000000000000000000 ) ) ;
#4066 = PRESENTATION_STYLE_ASSIGNMENT (( #5180 ) ) ;
#4067 = CARTESIAN_POINT ( 'NONE',  ( -9.855445003483749700, -2.200000000000000200, 0.01782600801236681300 ) ) ;
#4068 =( NAMED_UNIT ( * ) PLANE_ANGLE_UNIT ( ) SI_UNIT ( $, .RADIAN. ) );
#4069 = ADVANCED_FACE ( 'NONE', ( #6121 ), #2794, .F. ) ;
#4070 = CIRCLE ( 'NONE', #906, 0.3249999999999997900 ) ;
#4071 =( GEOMETRIC_REPRESENTATION_CONTEXT ( 3 ) GLOBAL_UNCERTAINTY_ASSIGNED_CONTEXT ( ( #3256 ) ) GLOBAL_UNIT_ASSIGNED_CONTEXT ( ( #1326, #5034, #1860 ) ) REPRESENTATION_CONTEXT ( 'NONE', 'WORKASPACE' ) );
#4072 = DIRECTION ( 'NONE',  ( -0.8191520442889909100, 0.0000000000000000000, 0.5735764363510473800 ) ) ;
#4073 = ORIENTED_EDGE ( 'NONE', *, *, #1786, .F. ) ;
#4074 = CARTESIAN_POINT ( 'NONE',  ( 1.764999999999999700, -2.200000000000000200, 5.000000000000000900 ) ) ;
#4075 = ORIENTED_EDGE ( 'NONE', *, *, #3460, .T. ) ;
#4076 = ORIENTED_EDGE ( 'NONE', *, *, #2365, .T. ) ;
#4077 = STYLED_ITEM ( 'NONE', ( #2039 ), #1507 ) ;
#4078 = FILL_AREA_STYLE_COLOUR ( '', #499 ) ;
#4079 = DIRECTION ( 'NONE',  ( 0.0000000000000000000, 0.0000000000000000000, 1.000000000000000000 ) ) ;
#4080 = ADVANCED_FACE ( 'NONE', ( #5610 ), #2379, .T. ) ;
#4081 = ORIENTED_EDGE ( 'NONE', *, *, #4902, .T. ) ;
#4082 = DIRECTION ( 'NONE',  ( 0.0000000000000000000, 0.0000000000000000000, -1.000000000000000000 ) ) ;
#4083 = AXIS2_PLACEMENT_3D ( 'NONE', #2732, #80, #3807 ) ;
#4084 = EDGE_CURVE ( 'NONE', #5406, #5427, #1561, .T. ) ;
#4085 = ORIENTED_EDGE ( 'NONE', *, *, #4601, .T. ) ;
#4086 = CARTESIAN_POINT ( 'NONE',  ( 1.115000000000000200, -2.200000000000000200, 5.000000000000000900 ) ) ;
#4087 = CYLINDRICAL_SURFACE ( 'NONE', #6233, 0.4000000000000006300 ) ;
#4088 = PLANE ( 'NONE',  #1995 ) ;
#4089 = CARTESIAN_POINT ( 'NONE',  ( -9.855445003483749700, -2.200000000000000200, 4.000000000000000000 ) ) ;
#4090 = FACE_OUTER_BOUND ( 'NONE', #283, .T. ) ;
#4091 = EDGE_LOOP ( 'NONE', ( #3162, #5915, #5968, #2441 ) ) ;
#4092 = DIRECTION ( 'NONE',  ( -1.000000000000000000, 0.0000000000000000000, -0.0000000000000000000 ) ) ;
#4093 = DIRECTION ( 'NONE',  ( 1.000000000000000000, 0.0000000000000000000, -0.0000000000000000000 ) ) ;
#4094 = AXIS2_PLACEMENT_3D ( 'NONE', #3442, #267, #3972 ) ;
#4095 = CARTESIAN_POINT ( 'NONE',  ( 0.3249999999999997900, -3.050000000000000300, 5.000000000000000900 ) ) ;
#4096 = LINE ( 'NONE', #5290, #3926 ) ;
#4097 = VECTOR ( 'NONE', #3712, 1000.000000000000000 ) ;
#4098 = CARTESIAN_POINT ( 'NONE',  ( 1.439999999999999900, -2.149999999999999900, 5.000000000000000900 ) ) ;
#4099 = VECTOR ( 'NONE', #292, 1000.000000000000000 ) ;
#4100 = VECTOR ( 'NONE', #1927, 1000.000000000000000 ) ;
#4101 = ORIENTED_EDGE ( 'NONE', *, *, #1090, .T. ) ;
#4102 =( NAMED_UNIT ( * ) SI_UNIT ( $, .STERADIAN. ) SOLID_ANGLE_UNIT ( ) );
#4103 = VERTEX_POINT ( 'NONE', #5038 ) ;
#4104 = ORIENTED_EDGE ( 'NONE', *, *, #698, .F. ) ;
#4105 = ORIENTED_EDGE ( 'NONE', *, *, #4747, .F. ) ;
#4106 = PLANE ( 'NONE',  #3154 ) ;
#4107 = COLOUR_RGB ( '',0.9882352941176471000, 0.7372549019607843600, 0.5137254901960783800 ) ;
#4108 = VERTEX_POINT ( 'NONE', #2900 ) ;
#4110 = EDGE_CURVE ( 'NONE', #2371, #6462, #1382, .T. ) ;
#4109 = EDGE_LOOP ( 'NONE', ( #1279, #99, #455, #2627, #6470, #2395 ) ) ;
#4111 = SURFACE_STYLE_FILL_AREA ( #2871 ) ;
#4112 = ADVANCED_FACE ( 'NONE', ( #2791 ), #5567, .F. ) ;
#4113 = ORIENTED_EDGE ( 'NONE', *, *, #3530, .T. ) ;
#4114 = PLANE ( 'NONE',  #2823 ) ;
#4115 = LINE ( 'NONE', #2063, #3946 ) ;
#4116 = MANIFOLD_SOLID_BREP ( 'Imported12', #2009 ) ;
#4117 = DIRECTION ( 'NONE',  ( 0.0000000000000000000, 0.0000000000000000000, -1.000000000000000000 ) ) ;
#4118 = CARTESIAN_POINT ( 'NONE',  ( 1.061714443247939700, 0.0000000000000000000, 0.0000000000000000000 ) ) ;
#4119 = CARTESIAN_POINT ( 'NONE',  ( 0.3249999999999986800, -2.149999999999999900, -4.999999999999999100 ) ) ;
#4120 = AXIS2_PLACEMENT_3D ( 'NONE', #5224, #2570, #6300 ) ;
#4121 = CARTESIAN_POINT ( 'NONE',  ( 0.4500000000000009000, -3.050000000000000300, -3.800000000000001200 ) ) ;
#4122 = ADVANCED_FACE ( 'NONE', ( #633 ), #6784, .F. ) ;
#4123 = LINE ( 'NONE', #1672, #58 ) ;
#4124 = CARTESIAN_POINT ( 'NONE',  ( 3.204999999999999600, -3.050000000000000300, 5.000000000000000900 ) ) ;
#4125 = EDGE_LOOP ( 'NONE', ( #1688, #2032, #26, #4325 ) ) ;
#4126 = ORIENTED_EDGE ( 'NONE', *, *, #3345, .T. ) ;
#4127 = AXIS2_PLACEMENT_3D ( 'NONE', #4695, #1525, #5235 ) ;
#4128 = DIRECTION ( 'NONE',  ( 0.7660444431189779000, 0.0000000000000000000, 0.6427876096865394700 ) ) ;
#4129 = DIRECTION ( 'NONE',  ( -0.0000000000000000000, -1.000000000000000000, -0.0000000000000000000 ) ) ;
#4130 = LINE ( 'NONE', #6659, #6806 ) ;
#4131 = DIRECTION ( 'NONE',  ( 0.0000000000000000000, 1.000000000000000000, 0.0000000000000000000 ) ) ;
#4132 = EDGE_CURVE ( 'NONE', #2989, #1084, #1285, .T. ) ;
#4133 = CARTESIAN_POINT ( 'NONE',  ( -0.9899999999999988800, -3.050000000000000300, 3.800000000000001200 ) ) ;
#4134 =( GEOMETRIC_REPRESENTATION_CONTEXT ( 3 ) GLOBAL_UNCERTAINTY_ASSIGNED_CONTEXT ( ( #4574 ) ) GLOBAL_UNIT_ASSIGNED_CONTEXT ( ( #4903, #1737, #5446 ) ) REPRESENTATION_CONTEXT ( 'NONE', 'WORKASPACE' ) );
#4135 = VERTEX_POINT ( 'NONE', #305 ) ;
#4136 = ORIENTED_EDGE ( 'NONE', *, *, #5930, .F. ) ;
#4137 = DIRECTION ( 'NONE',  ( 0.7825059109464332900, 0.0000000000000000000, 0.6226431556950518000 ) ) ;
#4138 = CARTESIAN_POINT ( 'NONE',  ( 1.797055987703438700, -0.05000000000000000300, -2.472006377443097100 ) ) ;
#4139 = MECHANICAL_DESIGN_GEOMETRIC_PRESENTATION_REPRESENTATION (  '', ( #3410 ), #4488 ) ;
#4140 = AXIS2_PLACEMENT_3D ( 'NONE', #2644, #6913, #2626 ) ;
#4141 = VECTOR ( 'NONE', #5578, 1000.000000000000000 ) ;
#4142 = DIRECTION ( 'NONE',  ( 0.0000000000000000000, 1.000000000000000000, 0.0000000000000000000 ) ) ;
#4143 = PLANE ( 'NONE',  #4885 ) ;
#4144 = EDGE_CURVE ( 'NONE', #6152, #2697, #6620, .T. ) ;
#4145 = CYLINDRICAL_SURFACE ( 'NONE', #4140, 0.3249999999999997900 ) ;
#4146 = DIRECTION ( 'NONE',  ( -0.7660444431189745700, 0.0000000000000000000, 0.6427876096865434700 ) ) ;
#4147 = EDGE_CURVE ( 'NONE', #6201, #3800, #1136, .T. ) ;
#4148 = DIRECTION ( 'NONE',  ( 0.0000000000000000000, 0.0000000000000000000, -1.000000000000000000 ) ) ;
#4149 = ADVANCED_FACE ( 'NONE', ( #963 ), #2442, .T. ) ;
#4150 = ORIENTED_EDGE ( 'NONE', *, *, #2749, .T. ) ;
#4151 = CARTESIAN_POINT ( 'NONE',  ( 3.450000000000000600, 0.0000000000000000000, -4.000000000000000000 ) ) ;
#4152 = PLANE ( 'NONE',  #6673 ) ;
#4153 = EDGE_CURVE ( 'NONE', #274, #560, #3939, .T. ) ;
#4154 = DIRECTION ( 'NONE',  ( 0.0000000000000000000, 0.0000000000000000000, 1.000000000000000000 ) ) ;
#4155 = PLANE ( 'NONE',  #6902 ) ;
#4156 = CARTESIAN_POINT ( 'NONE',  ( -5.219128515679586600, -0.05000000000000000300, 3.741623273950441600 ) ) ;
#4157 = ORIENTED_EDGE ( 'NONE', *, *, #6684, .T. ) ;
#4158 = ADVANCED_FACE ( 'NONE', ( #6460 ), #5115, .F. ) ;
#4159 = LINE ( 'NONE', #5229, #5742 ) ;
#4160 = ORIENTED_EDGE ( 'NONE', *, *, #2224, .F. ) ;
#4161 = ORIENTED_EDGE ( 'NONE', *, *, #1700, .T. ) ;
#4162 = DIRECTION ( 'NONE',  ( 0.6427876096865431400, 0.0000000000000000000, 0.7660444431189747900 ) ) ;
#4163 =( NAMED_UNIT ( * ) SI_UNIT ( $, .STERADIAN. ) SOLID_ANGLE_UNIT ( ) );
#4164 = APPLICATION_CONTEXT ( 'automotive_design' ) ;
#4165 = DIRECTION ( 'NONE',  ( 1.000000000000000000, 0.0000000000000000000, -0.0000000000000000000 ) ) ;
#4166 = DIRECTION ( 'NONE',  ( 0.0000000000000000000, 0.0000000000000000000, 1.000000000000000000 ) ) ;
#4167 = DIRECTION ( 'NONE',  ( 0.0000000000000000000, 1.000000000000000000, 0.0000000000000000000 ) ) ;
#4168 = DIRECTION ( 'NONE',  ( 0.0000000000000000000, 1.000000000000000000, 0.0000000000000000000 ) ) ;
#4169 = ORIENTED_EDGE ( 'NONE', *, *, #4498, .T. ) ;
#4170 = ORIENTED_EDGE ( 'NONE', *, *, #3902, .T. ) ;
#4171 = VERTEX_POINT ( 'NONE', #6196 ) ;
#4172 = CARTESIAN_POINT ( 'NONE',  ( 3.450000000000000600, -2.200000000000000200, 4.000000000000000000 ) ) ;
#4173 = EDGE_CURVE ( 'NONE', #2667, #4618, #5013, .T. ) ;
#4174 = EDGE_CURVE ( 'NONE', #1430, #1532, #3791, .T. ) ;
#4175 = DIRECTION ( 'NONE',  ( 0.0000000000000000000, 0.0000000000000000000, 1.000000000000000000 ) ) ;
#4176 = VECTOR ( 'NONE', #3220, 1000.000000000000000 ) ;
#4177 = ORIENTED_EDGE ( 'NONE', *, *, #2713, .F. ) ;
#4178 = ADVANCED_FACE ( 'NONE', ( #3617 ), #5143, .F. ) ;
#4179 = AXIS2_PLACEMENT_3D ( 'NONE', #847, #6679, #5083 ) ;
#4180 = CIRCLE ( 'NONE', #6719, 0.3249999999999997900 ) ;
#4181 = AXIS2_PLACEMENT_3D ( 'NONE', #6828, #3125, #6845 ) ;
#4182 = EDGE_CURVE ( 'NONE', #5546, #3029, #2033, .T. ) ;
#4183 = PRESENTATION_STYLE_ASSIGNMENT (( #5394 ) ) ;
#4184 = CYLINDRICAL_SURFACE ( 'NONE', #5114, 0.3249999999999997900 ) ;
#4185 = VECTOR ( 'NONE', #2554, 1000.000000000000000 ) ;
#4186 = ORIENTED_EDGE ( 'NONE', *, *, #2585, .T. ) ;
#4187 = EDGE_CURVE ( 'NONE', #1627, #5935, #4850, .T. ) ;
#4188 = CARTESIAN_POINT ( 'NONE',  ( -1.224606353822377500E-015, -2.200000000000000200, -5.000000000000000900 ) ) ;
#4189 = PLANE ( 'NONE',  #6674 ) ;
#4190 = ORIENTED_EDGE ( 'NONE', *, *, #5663, .T. ) ;
#4191 = ORIENTED_EDGE ( 'NONE', *, *, #6748, .T. ) ;
#4192 = VECTOR ( 'NONE', #765, 1000.000000000000100 ) ;
#4193 =( NAMED_UNIT ( * ) SI_UNIT ( $, .STERADIAN. ) SOLID_ANGLE_UNIT ( ) );
#4194 = EDGE_LOOP ( 'NONE', ( #4085, #6374, #6224, #370 ) ) ;
#4195 = CARTESIAN_POINT ( 'NONE',  ( -3.450000000000000200, -3.000000000000000400, 5.000000000000000900 ) ) ;
#4196 = LINE ( 'NONE', #2060, #2612 ) ;
#4197 = CARTESIAN_POINT ( 'NONE',  ( 2.429999999999998400, -2.149999999999999900, 5.000000000000000900 ) ) ;
#4198 = CIRCLE ( 'NONE', #6594, 0.3249999999999997900 ) ;
#4199 = EDGE_LOOP ( 'NONE', ( #493, #3026, #2824, #4796 ) ) ;
#4200 = CARTESIAN_POINT ( 'NONE',  ( 2.554999999999998800, -3.050000000000000300, -4.999999999999999100 ) ) ;
#4201 = FACE_OUTER_BOUND ( 'NONE', #928, .T. ) ;
#4202 = VERTEX_POINT ( 'NONE', #4629 ) ;
#4203 = VECTOR ( 'NONE', #4167, 1000.000000000000000 ) ;
#4204 = DIRECTION ( 'NONE',  ( 0.0000000000000000000, 0.0000000000000000000, -1.000000000000000000 ) ) ;
#4205 = ORIENTED_EDGE ( 'NONE', *, *, #5388, .F. ) ;
#4206 = LINE ( 'NONE', #1457, #5441 ) ;
#4207 = CARTESIAN_POINT ( 'NONE',  ( 2.554999999999998800, -3.050000000000000300, -4.999999999999999100 ) ) ;
#4208 = EDGE_CURVE ( 'NONE', #827, #334, #3280, .T. ) ;
#4209 = LINE ( 'NONE', #823, #2789 ) ;
#4210 = SURFACE_STYLE_FILL_AREA ( #819 ) ;
#4211 = DIRECTION ( 'NONE',  ( -0.0000000000000000000, 0.0000000000000000000, 1.000000000000000000 ) ) ;
#4212 = DIRECTION ( 'NONE',  ( 1.355252715606881000E-016, 0.0000000000000000000, -1.000000000000000000 ) ) ;
#4213 = VERTEX_POINT ( 'NONE', #921 ) ;
#4214 = MECHANICAL_DESIGN_GEOMETRIC_PRESENTATION_REPRESENTATION (  '', ( #3485 ), #4557 ) ;
#4215 = ORIENTED_EDGE ( 'NONE', *, *, #6064, .T. ) ;
#4216 = CARTESIAN_POINT ( 'NONE',  ( 2.879999999999999900, -2.149999999999999900, 4.675000000000001600 ) ) ;
#4217 = DIRECTION ( 'NONE',  ( 1.000000000000000000, 0.0000000000000000000, -0.0000000000000000000 ) ) ;
#4218 = PLANE ( 'NONE',  #1040 ) ;
#4219 = ORIENTED_EDGE ( 'NONE', *, *, #1515, .F. ) ;
#4220 = ORIENTED_EDGE ( 'NONE', *, *, #1198, .F. ) ;
#4221 = VECTOR ( 'NONE', #3251, 1000.000000000000100 ) ;
#4222 = CARTESIAN_POINT ( 'NONE',  ( -1.537150042257976700, -0.05000000000000000300, -0.4964216843475579600 ) ) ;
#4223 = DIRECTION ( 'NONE',  ( 1.000000000000000000, 0.0000000000000000000, -0.0000000000000000000 ) ) ;
#4224 = PLANE ( 'NONE',  #1524 ) ;
#4225 = PLANE ( 'NONE',  #3412 ) ;
#4226 = LINE ( 'NONE', #6476, #1083 ) ;
#4227 = AXIS2_PLACEMENT_3D ( 'NONE', #6838, #3649, #465 ) ;
#4228 = VERTEX_POINT ( 'NONE', #1458 ) ;
#4229 = LINE ( 'NONE', #6165, #2974 ) ;
#4230 = VERTEX_POINT ( 'NONE', #1987 ) ;
#4231 = CARTESIAN_POINT ( 'NONE',  ( 3.329999999999994700, -2.200000000000000200, -4.999999999999999100 ) ) ;
#4232 = FILL_AREA_STYLE ('',( #516 ) ) ;
#4233 = DIRECTION ( 'NONE',  ( 0.0000000000000000000, -1.000000000000000000, -0.0000000000000000000 ) ) ;
#4234 = CARTESIAN_POINT ( 'NONE',  ( -9.855445003483749700, -2.149999999999999900, -4.999999999999999100 ) ) ;
#4235 =( GEOMETRIC_REPRESENTATION_CONTEXT ( 3 ) GLOBAL_UNCERTAINTY_ASSIGNED_CONTEXT ( ( #4833 ) ) GLOBAL_UNIT_ASSIGNED_CONTEXT ( ( #6214, #3015, #6746 ) ) REPRESENTATION_CONTEXT ( 'NONE', 'WORKASPACE' ) );
#4236 = ORIENTED_EDGE ( 'NONE', *, *, #4187, .T. ) ;
#4237 = CARTESIAN_POINT ( 'NONE',  ( -1.204557019264811600, 0.0000000000000000000, 1.648488889220253800 ) ) ;
#4238 = DIRECTION ( 'NONE',  ( 1.000000000000000000, -0.0000000000000000000, 0.0000000000000000000 ) ) ;
#4239 = SURFACE_STYLE_FILL_AREA ( #4648 ) ;
#4240 = CARTESIAN_POINT ( 'NONE',  ( -2.555000000000001500, -3.000000000000000000, -4.999999999999999100 ) ) ;
#4241 = CARTESIAN_POINT ( 'NONE',  ( 1.764999999999998800, -3.000000000000000000, -4.999999999999999100 ) ) ;
#4242 = EDGE_CURVE ( 'NONE', #2942, #4327, #456, .T. ) ;
#4243 = CARTESIAN_POINT ( 'NONE',  ( 1.043860116843172900, 0.0000000000000000000, -1.839999999999997000 ) ) ;
#4244 = LINE ( 'NONE', #888, #2822 ) ;
#4245 = ORIENTED_EDGE ( 'NONE', *, *, #3177, .T. ) ;
#4246 = ORIENTED_EDGE ( 'NONE', *, *, #2398, .F. ) ;
#4247 = ORIENTED_EDGE ( 'NONE', *, *, #837, .F. ) ;
#4248 = EDGE_CURVE ( 'NONE', #6697, #2911, #617, .T. ) ;
#4249 = DIRECTION ( 'NONE',  ( -0.0000000000000000000, 0.0000000000000000000, -1.000000000000000000 ) ) ;
#4250 = ORIENTED_EDGE ( 'NONE', *, *, #1102, .F. ) ;
#4251 = EDGE_LOOP ( 'NONE', ( #3731, #279, #1059, #782 ) ) ;
#4252 = DIRECTION ( 'NONE',  ( 0.0000000000000000000, -0.0000000000000000000, 1.000000000000000000 ) ) ;
#4253 = AXIS2_PLACEMENT_3D ( 'NONE', #5960, #109, #3827 ) ;
#4254 = ORIENTED_EDGE ( 'NONE', *, *, #5832, .F. ) ;
#4255 = CARTESIAN_POINT ( 'NONE',  ( -1.143628000647807500, 1.016439536705160400E-017, -0.08877868892848889100 ) ) ;
#4256 = CARTESIAN_POINT ( 'NONE',  ( 3.450000000000000200, -3.000000000000000400, 5.000000000000000900 ) ) ;
#4257 = CARTESIAN_POINT ( 'NONE',  ( -2.429999999999999700, -3.050000000000000300, -9.591503366463465200 ) ) ;
#4258 = LINE ( 'NONE', #5617, #2681 ) ;
#4259 = PRESENTATION_STYLE_ASSIGNMENT (( #6599 ) ) ;
#4260 = EDGE_CURVE ( 'NONE', #4297, #1490, #4517, .T. ) ;
#4261 = DIRECTION ( 'NONE',  ( -6.505213034913021700E-016, 0.0000000000000000000, -1.000000000000000000 ) ) ;
#4262 = LINE ( 'NONE', #1462, #1271 ) ;
#4263 = ORIENTED_EDGE ( 'NONE', *, *, #2313, .F. ) ;
#4264 = CARTESIAN_POINT ( 'NONE',  ( 1.562968135769249300, 0.0000000000000000000, 0.3499999999998868500 ) ) ;
#4265 = EDGE_CURVE ( 'NONE', #4784, #5773, #3117, .T. ) ;
#4266 = EDGE_CURVE ( 'NONE', #5014, #5521, #4687, .T. ) ;
#4267 = CARTESIAN_POINT ( 'NONE',  ( 1.890000000000001000, -3.050000000000000300, -5.000000000000000000 ) ) ;
#4268 = LINE ( 'NONE', #5242, #2848 ) ;
#4269 = DIRECTION ( 'NONE',  ( -0.0000000000000000000, -1.000000000000000000, -0.0000000000000000000 ) ) ;
#4270 = LINE ( 'NONE', #3657, #1620 ) ;
#4271 = VECTOR ( 'NONE', #2930, 1000.000000000000000 ) ;
#4272 = LINE ( 'NONE', #6727, #4100 ) ;
#4273 = PRESENTATION_LAYER_ASSIGNMENT (  '', '', ( #3562 ) ) ;
#4274 = ORIENTED_EDGE ( 'NONE', *, *, #6055, .T. ) ;
#4275 = EDGE_CURVE ( 'NONE', #3084, #3494, #1710, .T. ) ;
#4276 = VERTEX_POINT ( 'NONE', #1819 ) ;
#4277 = ORIENTED_EDGE ( 'NONE', *, *, #674, .F. ) ;
#4278 = VERTEX_POINT ( 'NONE', #2881 ) ;
#4279 = FILL_AREA_STYLE_COLOUR ( '', #2197 ) ;
#4280 = EDGE_CURVE ( 'NONE', #2971, #4487, #5589, .T. ) ;
#4281 = LINE ( 'NONE', #4811, #3030 ) ;
#4282 = ORIENTED_EDGE ( 'NONE', *, *, #488, .F. ) ;
#4283 = DIRECTION ( 'NONE',  ( 0.0000000000000000000, 0.0000000000000000000, -1.000000000000000000 ) ) ;
#4284 = ORIENTED_EDGE ( 'NONE', *, *, #3553, .F. ) ;
#4285 = LINE ( 'NONE', #645, #2861 ) ;
#4286 = CYLINDRICAL_SURFACE ( 'NONE', #78, 0.3249999999999997900 ) ;
#4287 = ORIENTED_EDGE ( 'NONE', *, *, #6286, .F. ) ;
#4288 = DIRECTION ( 'NONE',  ( 0.0000000000000000000, 0.0000000000000000000, -1.000000000000000000 ) ) ;
#4289 = LINE ( 'NONE', #1002, #5372 ) ;
#4290 = DIRECTION ( 'NONE',  ( -0.0000000000000000000, -1.000000000000000000, -0.0000000000000000000 ) ) ;
#4291 = DIRECTION ( 'NONE',  ( -0.0000000000000000000, -1.000000000000000000, -0.0000000000000000000 ) ) ;
#4292 = CARTESIAN_POINT ( 'NONE',  ( -4.682764959575981900, -0.05000000000000000300, -4.619755384226204200 ) ) ;
#4293 = CARTESIAN_POINT ( 'NONE',  ( -9.855445003483749700, -2.149999999999999900, -4.000000000000000000 ) ) ;
#4294 = LINE ( 'NONE', #4511, #2872 ) ;
#4295 =( GEOMETRIC_REPRESENTATION_CONTEXT ( 3 ) GLOBAL_UNCERTAINTY_ASSIGNED_CONTEXT ( ( #2540 ) ) GLOBAL_UNIT_ASSIGNED_CONTEXT ( ( #3249, #72, #3796 ) ) REPRESENTATION_CONTEXT ( 'NONE', 'WORKASPACE' ) );
#4296 = DIRECTION ( 'NONE',  ( -0.9848077530122095700, 0.0000000000000000000, -0.1736481776669219200 ) ) ;
#4297 = VERTEX_POINT ( 'NONE', #3405 ) ;
#4298 = ORIENTED_EDGE ( 'NONE', *, *, #6075, .T. ) ;
#4299 = DIRECTION ( 'NONE',  ( 0.0000000000000000000, 0.0000000000000000000, 1.000000000000000000 ) ) ;
#4300 = CARTESIAN_POINT ( 'NONE',  ( 1.061714443247939300, -0.05000000000000000300, 6.776263578034402700E-017 ) ) ;
#4301 = EDGE_CURVE ( 'NONE', #3136, #5274, #5776, .T. ) ;
#4302 = ORIENTED_EDGE ( 'NONE', *, *, #2246, .T. ) ;
#4303 = LINE ( 'NONE', #5363, #5216 ) ;
#4304 = ORIENTED_EDGE ( 'NONE', *, *, #5736, .F. ) ;
#4305 = ORIENTED_EDGE ( 'NONE', *, *, #4851, .F. ) ;
#4306 = CARTESIAN_POINT ( 'NONE',  ( -3.450000000000000200, -3.000000000000000000, 5.000000000000000900 ) ) ;
#4307 = PLANE ( 'NONE',  #2910 ) ;
#4308 = COLOUR_RGB ( '',0.9882352941176471000, 0.7372549019607843600, 0.5137254901960783800 ) ;
#4309 = EDGE_CURVE ( 'NONE', #3334, #6558, #2935, .T. ) ;
#4310 = DIRECTION ( 'NONE',  ( 1.000000000000000000, 0.0000000000000000000, -0.0000000000000000000 ) ) ;
#4311 = CARTESIAN_POINT ( 'NONE',  ( 0.9899999999999982100, -3.000000000000000400, -3.799999999999999800 ) ) ;
#4312 = LINE ( 'NONE', #1320, #407 ) ;
#4313 = AXIS2_PLACEMENT_3D ( 'NONE', #3392, #4993, #1824 ) ;
#4314 = CARTESIAN_POINT ( 'NONE',  ( -2.879999999999999900, -3.050000000000000300, 5.000000000000002700 ) ) ;
#4315 = LINE ( 'NONE', #528, #5729 ) ;
#4316 = CARTESIAN_POINT ( 'NONE',  ( -1.143628000647807200, -0.05000000000000000300, -0.08877868892848919700 ) ) ;
#4317 = DIRECTION ( 'NONE',  ( -1.000000000000000000, 0.0000000000000000000, -0.0000000000000000000 ) ) ;
#4318 = DIRECTION ( 'NONE',  ( -0.0000000000000000000, -0.0000000000000000000, 1.000000000000000000 ) ) ;
#4319 = ORIENTED_EDGE ( 'NONE', *, *, #2759, .F. ) ;
#4320 = CARTESIAN_POINT ( 'NONE',  ( -3.450000000000000200, -3.000000000000000000, -4.999999999999999100 ) ) ;
#4321 = EDGE_CURVE ( 'NONE', #269, #5456, #6868, .T. ) ;
#4322 = DIRECTION ( 'NONE',  ( -1.000000000000000000, 0.0000000000000000000, -0.0000000000000000000 ) ) ;
#4323 = VERTEX_POINT ( 'NONE', #6090 ) ;
#4324 = LINE ( 'NONE', #3600, #87 ) ;
#4325 = ORIENTED_EDGE ( 'NONE', *, *, #4153, .F. ) ;
#4326 = SURFACE_SIDE_STYLE ('',( #2265 ) ) ;
#4327 = VERTEX_POINT ( 'NONE', #3426 ) ;
#4328 = CARTESIAN_POINT ( 'NONE',  ( -0.4500000000000002900, -3.050000000000000300, 5.000000000000000900 ) ) ;
#4329 = CARTESIAN_POINT ( 'NONE',  ( 3.330000000000001400, -3.000000000000000400, -4.999999999999999100 ) ) ;
#4330 = DIRECTION ( 'NONE',  ( 1.000000000000000000, -0.0000000000000000000, 0.0000000000000000000 ) ) ;
#4331 = ORIENTED_EDGE ( 'NONE', *, *, #3891, .F. ) ;
#4332 = ORIENTED_EDGE ( 'NONE', *, *, #2713, .T. ) ;
#4333 = CARTESIAN_POINT ( 'NONE',  ( -1.115000000000000000, -2.149999999999999900, 5.000000000000000900 ) ) ;
#4334 = ORIENTED_EDGE ( 'NONE', *, *, #5995, .T. ) ;
#4335 = EDGE_LOOP ( 'NONE', ( #4440, #1973, #2187, #4632 ) ) ;
#4336 = ORIENTED_EDGE ( 'NONE', *, *, #4493, .T. ) ;
#4337 = FACE_OUTER_BOUND ( 'NONE', #2372, .T. ) ;
#4338 = VERTEX_POINT ( 'NONE', #3964 ) ;
#4339 = FACE_OUTER_BOUND ( 'NONE', #1072, .T. ) ;
#4340 = VECTOR ( 'NONE', #6444, 1000.000000000000000 ) ;
#4341 = FACE_OUTER_BOUND ( 'NONE', #3669, .T. ) ;
#4342 = DIRECTION ( 'NONE',  ( 0.0000000000000000000, 0.0000000000000000000, 1.000000000000000000 ) ) ;
#4343 = LINE ( 'NONE', #3594, #1703 ) ;
#4344 = VERTEX_POINT ( 'NONE', #793 ) ;
#4345 = DIRECTION ( 'NONE',  ( 1.000000000000000000, 0.0000000000000000000, -1.445602896647339900E-015 ) ) ;
#4346 = EDGE_CURVE ( 'NONE', #4377, #3532, #6688, .T. ) ;
#4347 = VERTEX_POINT ( 'NONE', #1327 ) ;
#4348 = EDGE_LOOP ( 'NONE', ( #3804, #1713, #3598, #1889, #6099, #4365 ) ) ;
#4349 = AXIS2_PLACEMENT_3D ( 'NONE', #2952, #3480, #307 ) ;
#4350 = VERTEX_POINT ( 'NONE', #5035 ) ;
#4351 = VECTOR ( 'NONE', #5524, 1000.000000000000000 ) ;
#4352 = CIRCLE ( 'NONE', #6799, 0.3249999999999997900 ) ;
#4353 = CARTESIAN_POINT ( 'NONE',  ( -3.330000000000001000, -3.050000000000000300, -4.999999999999999100 ) ) ;
#4354 = CARTESIAN_POINT ( 'NONE',  ( 1.889999999999999200, -2.149999999999999900, 0.01782600801236681300 ) ) ;
#4355 = VECTOR ( 'NONE', #3654, 1000.000000000000000 ) ;
#4356 = LINE ( 'NONE', #1795, #5782 ) ;
#4357 = ORIENTED_EDGE ( 'NONE', *, *, #693, .T. ) ;
#4358 = DIRECTION ( 'NONE',  ( 0.0000000000000000000, 0.0000000000000000000, -1.000000000000000000 ) ) ;
#4359 = DIRECTION ( 'NONE',  ( -1.000000000000000000, 0.0000000000000000000, 3.686287386450711900E-015 ) ) ;
#4360 = VECTOR ( 'NONE', #574, 1000.000000000000000 ) ;
#4361 = ORIENTED_EDGE ( 'NONE', *, *, #4836, .F. ) ;
#4362 = VECTOR ( 'NONE', #6811, 1000.000000000000000 ) ;
#4363 = PRESENTATION_LAYER_ASSIGNMENT (  '', '', ( #3658 ) ) ;
#4364 = EDGE_LOOP ( 'NONE', ( #5558, #6760, #2112, #1976 ) ) ;
#4365 = ORIENTED_EDGE ( 'NONE', *, *, #1316, .T. ) ;
#4366 = PRESENTATION_STYLE_ASSIGNMENT (( #340 ) ) ;
#4367 = FACE_OUTER_BOUND ( 'NONE', #5004, .T. ) ;
#4368 = EDGE_CURVE ( 'NONE', #3031, #2137, #3857, .T. ) ;
#4369 = AXIS2_PLACEMENT_3D ( 'NONE', #1115, #4815, #1653 ) ;
#4370 = FACE_OUTER_BOUND ( 'NONE', #1924, .T. ) ;
#4371 = EDGE_CURVE ( 'NONE', #4562, #5521, #118, .T. ) ;
#4372 = DIRECTION ( 'NONE',  ( 0.0000000000000000000, 0.0000000000000000000, -1.000000000000000000 ) ) ;
#4373 = VERTEX_POINT ( 'NONE', #4086 ) ;
#4374 = CARTESIAN_POINT ( 'NONE',  ( 3.330000000000001400, -3.050000000000000300, -5.000000000000000000 ) ) ;
#4375 = ORIENTED_EDGE ( 'NONE', *, *, #3460, .F. ) ;
#4376 = SURFACE_SIDE_STYLE ('',( #478 ) ) ;
#4377 = VERTEX_POINT ( 'NONE', #918 ) ;
#4378 = DIRECTION ( 'NONE',  ( 1.000000000000000000, 0.0000000000000000000, -0.0000000000000000000 ) ) ;
#4379 = CARTESIAN_POINT ( 'NONE',  ( -1.439999999999999900, -2.200000000000000200, 5.000000000000000000 ) ) ;
#4380 = LINE ( 'NONE', #1128, #3144 ) ;
#4381 = PLANE ( 'NONE',  #3432 ) ;
#4382 = DIRECTION ( 'NONE',  ( -1.000000000000000000, -0.0000000000000000000, -0.0000000000000000000 ) ) ;
#4383 = PRESENTATION_STYLE_ASSIGNMENT (( #5684 ) ) ;
#4384 = LINE ( 'NONE', #552, #1581 ) ;
#4385 =( GEOMETRIC_REPRESENTATION_CONTEXT ( 3 ) GLOBAL_UNCERTAINTY_ASSIGNED_CONTEXT ( ( #1244 ) ) GLOBAL_UNIT_ASSIGNED_CONTEXT ( ( #6765, #3578, #397 ) ) REPRESENTATION_CONTEXT ( 'NONE', 'WORKASPACE' ) );
#4386 = ORIENTED_EDGE ( 'NONE', *, *, #1080, .F. ) ;
#4387 = FACE_OUTER_BOUND ( 'NONE', #5804, .T. ) ;
#4388 = DIRECTION ( 'NONE',  ( 0.0000000000000000000, 0.0000000000000000000, 1.000000000000000000 ) ) ;
#4389 = VERTEX_POINT ( 'NONE', #5563 ) ;
#4390 = DIRECTION ( 'NONE',  ( 0.1736481776669218100, 0.0000000000000000000, -0.9848077530122095700 ) ) ;
#4391 = EDGE_CURVE ( 'NONE', #5917, #5106, #1038, .T. ) ;
#4392 = EDGE_CURVE ( 'NONE', #6071, #6641, #2608, .T. ) ;
#4393 = DIRECTION ( 'NONE',  ( 0.6427876096865433600, 0.0000000000000000000, 0.7660444431189747900 ) ) ;
#4394 = ORIENTED_EDGE ( 'NONE', *, *, #6469, .F. ) ;
#4395 = CARTESIAN_POINT ( 'NONE',  ( 2.430000000000000200, -3.050000000000000300, 3.800000000000000300 ) ) ;
#4396 = AXIS2_PLACEMENT_3D ( 'NONE', #2266, #2797, #6528 ) ;
#4397 = MECHANICAL_DESIGN_GEOMETRIC_PRESENTATION_REPRESENTATION (  '', ( #3707 ), #4753 ) ;
#4398 = LINE ( 'NONE', #6770, #5 ) ;
#4399 = AXIS2_PLACEMENT_3D ( 'NONE', #5062, #5606, #2416 ) ;
#4400 = CARTESIAN_POINT ( 'NONE',  ( -3.450000000000000200, -3.000000000000000000, -4.999999999999999100 ) ) ;
#4401 = CARTESIAN_POINT ( 'NONE',  ( 1.439999999999998600, -3.050000000000000300, -5.000000000000000900 ) ) ;
#4402 = ORIENTED_EDGE ( 'NONE', *, *, #2977, .F. ) ;
#4403 = EDGE_CURVE ( 'NONE', #4558, #1260, #6530, .T. ) ;
#4404 = DIRECTION ( 'NONE',  ( -1.000000000000000000, 0.0000000000000000000, -0.0000000000000000000 ) ) ;
#4405 = VECTOR ( 'NONE', #1422, 1000.000000000000000 ) ;
#4406 = ORIENTED_EDGE ( 'NONE', *, *, #4174, .F. ) ;
#4407 = EDGE_LOOP ( 'NONE', ( #4039, #1437, #6722, #4480 ) ) ;
#4408 = DIRECTION ( 'NONE',  ( -0.6427876096865433600, 0.0000000000000000000, -0.7660444431189747900 ) ) ;
#4409 = CARTESIAN_POINT ( 'NONE',  ( 0.8855996593070069000, 0.0000000000000000000, 2.539999999999997800 ) ) ;
#4410 = ORIENTED_EDGE ( 'NONE', *, *, #4893, .F. ) ;
#4411 = ORIENTED_EDGE ( 'NONE', *, *, #2762, .F. ) ;
#4412 = VECTOR ( 'NONE', #6807, 1000.000000000000000 ) ;
#4413 = LINE ( 'NONE', #3303, #181 ) ;
#4414 = EDGE_CURVE ( 'NONE', #2328, #1790, #1204, .T. ) ;
#4415 = UNCERTAINTY_MEASURE_WITH_UNIT (LENGTH_MEASURE( 1.000000000000000100E-005 ), #3637, 'distance_accuracy_value', 'NONE');
#4416 = CARTESIAN_POINT ( 'NONE',  ( 2.007555736996880800, -0.05000000000000000300, -2.171381580069955000 ) ) ;
#4417 = FILL_AREA_STYLE ('',( #6016 ) ) ;
#4418 = LINE ( 'NONE', #814, #856 ) ;
#4419 = CARTESIAN_POINT ( 'NONE',  ( 2.879999999999998600, -2.149999999999999900, -5.000000000000000900 ) ) ;
#4420 = FACE_OUTER_BOUND ( 'NONE', #1572, .T. ) ;
#4421 = CARTESIAN_POINT ( 'NONE',  ( -0.9899999999999986600, -3.000000000000000400, 3.800000000000001200 ) ) ;
#4422 = LINE ( 'NONE', #1144, #186 ) ;
#4423 = ORIENTED_EDGE ( 'NONE', *, *, #4266, .T. ) ;
#4424 = CARTESIAN_POINT ( 'NONE',  ( -2.555000000000000200, -2.200000000000000200, 5.000000000000000900 ) ) ;
#4425 = PLANE ( 'NONE',  #6237 ) ;
#4426 = VECTOR ( 'NONE', #1003, 1000.000000000000000 ) ;
#4427 = LINE ( 'NONE', #5215, #5862 ) ;
#4428 = VECTOR ( 'NONE', #4539, 1000.000000000000000 ) ;
#4429 = VECTOR ( 'NONE', #6698, 1000.000000000000000 ) ;
#4430 = LINE ( 'NONE', #4639, #3022 ) ;
#4431 = ADVANCED_FACE ( 'NONE', ( #867 ), #5726, .T. ) ;
#4432 = VERTEX_POINT ( 'NONE', #3052 ) ;
#4433 = PRESENTATION_LAYER_ASSIGNMENT (  '', '', ( #4077 ) ) ;
#4434 = DIRECTION ( 'NONE',  ( 0.0000000000000000000, 0.0000000000000000000, 1.000000000000000000 ) ) ;
#4435 = DIRECTION ( 'NONE',  ( 0.6960974656540901400, 0.0000000000000000000, -0.7179472949388087100 ) ) ;
#4436 = ORIENTED_EDGE ( 'NONE', *, *, #2239, .F. ) ;
#4437 = ORIENTED_EDGE ( 'NONE', *, *, #1161, .F. ) ;
#4438 = ORIENTED_EDGE ( 'NONE', *, *, #608, .F. ) ;
#4439 = VECTOR ( 'NONE', #5324, 1000.000000000000000 ) ;
#4440 = ORIENTED_EDGE ( 'NONE', *, *, #4445, .F. ) ;
#4441 = ORIENTED_EDGE ( 'NONE', *, *, #2831, .T. ) ;
#4442 = VECTOR ( 'NONE', #4894, 999.9999999999998900 ) ;
#4443 = CYLINDRICAL_SURFACE ( 'NONE', #5914, 0.3249999999999997900 ) ;
#4444 = ORIENTED_EDGE ( 'NONE', *, *, #452, .T. ) ;
#4445 = EDGE_CURVE ( 'NONE', #6220, #1875, #4427, .T. ) ;
#4446 = DIRECTION ( 'NONE',  ( 0.7660444431189797900, 0.0000000000000000000, -0.6427876096865372500 ) ) ;
#4447 = CARTESIAN_POINT ( 'NONE',  ( 1.889999999999997700, -2.200000000000000200, -4.999999999999999100 ) ) ;
#4448 = LINE ( 'NONE', #3038, #3040 ) ;
#4449 = FILL_AREA_STYLE ('',( #734 ) ) ;
#4450 = CARTESIAN_POINT ( 'NONE',  ( 0.8855996593070069000, -0.05000000000000000300, 2.539999999999998700 ) ) ;
#4451 =( LENGTH_UNIT ( ) NAMED_UNIT ( * ) SI_UNIT ( .MILLI., .METRE. ) );
#4452 = AXIS2_PLACEMENT_3D ( 'NONE', #246, #3415, #4999 ) ;
#4453 = FACE_OUTER_BOUND ( 'NONE', #766, .T. ) ;
#4454 = VERTEX_POINT ( 'NONE', #5747 ) ;
#4455 = ORIENTED_EDGE ( 'NONE', *, *, #3982, .T. ) ;
#4456 = CARTESIAN_POINT ( 'NONE',  ( -9.855445003483749700, -2.200000000000000200, 4.000000000000000000 ) ) ;
#4457 = LINE ( 'NONE', #4471, #226 ) ;
#4458 = ADVANCED_FACE ( 'NONE', ( #361 ), #3636, .F. ) ;
#4459 = PLANE ( 'NONE',  #1941 ) ;
#4460 = DIRECTION ( 'NONE',  ( 0.0000000000000000000, 0.0000000000000000000, 1.000000000000000000 ) ) ;
#4461 = ORIENTED_EDGE ( 'NONE', *, *, #6767, .F. ) ;
#4462 = EDGE_CURVE ( 'NONE', #1155, #269, #3019, .T. ) ;
#4463 = FACE_OUTER_BOUND ( 'NONE', #4954, .T. ) ;
#4464 = CARTESIAN_POINT ( 'NONE',  ( 3.450000000000000200, -3.000000000000000000, 5.000000000000000900 ) ) ;
#4465 = DIRECTION ( 'NONE',  ( 0.0000000000000000000, 1.000000000000000000, 0.0000000000000000000 ) ) ;
#4466 = DIRECTION ( 'NONE',  ( 0.1736481776669218100, 0.0000000000000000000, -0.9848077530122095700 ) ) ;
#4467 = DIRECTION ( 'NONE',  ( 0.0000000000000000000, 0.0000000000000000000, 1.000000000000000000 ) ) ;
#4468 = ADVANCED_FACE ( 'NONE', ( #191 ), #3095, .T. ) ;
#4469 = FACE_OUTER_BOUND ( 'NONE', #701, .T. ) ;
#4470 = PLANE ( 'NONE',  #6309 ) ;
#4471 = CARTESIAN_POINT ( 'NONE',  ( 1.890000000000001000, -3.050000000000000300, -5.000000000000000000 ) ) ;
#4472 = LINE ( 'NONE', #4207, #236 ) ;
#4473 = AXIS2_PLACEMENT_3D ( 'NONE', #2590, #3135, #6855 ) ;
#4474 = ORIENTED_EDGE ( 'NONE', *, *, #6504, .F. ) ;
#4475 = PLANE ( 'NONE',  #1473 ) ;
#4476 = EDGE_CURVE ( 'NONE', #4103, #3767, #4270, .T. ) ;
#4477 = DIRECTION ( 'NONE',  ( 0.0000000000000000000, 1.000000000000000000, 0.0000000000000000000 ) ) ;
#4478 = AXIS2_PLACEMENT_3D ( 'NONE', #169, #3894, #707 ) ;
#4479 = DIRECTION ( 'NONE',  ( -0.0000000000000000000, -1.000000000000000000, -0.0000000000000000000 ) ) ;
#4480 = ORIENTED_EDGE ( 'NONE', *, *, #3928, .T. ) ;
#4481 = UNCERTAINTY_MEASURE_WITH_UNIT (LENGTH_MEASURE( 1.000000000000000100E-005 ), #4856, 'distance_accuracy_value', 'NONE');
#4482 = FILL_AREA_STYLE_COLOUR ( '', #5936 ) ;
#4483 = DIRECTION ( 'NONE',  ( 0.0000000000000000000, -1.000000000000000000, -0.0000000000000000000 ) ) ;
#4484 = ORIENTED_EDGE ( 'NONE', *, *, #2325, .T. ) ;
#4485 = ORIENTED_EDGE ( 'NONE', *, *, #3845, .F. ) ;
#4486 = CARTESIAN_POINT ( 'NONE',  ( -4.109502828527824100, -0.05000000000000000300, -3.565519267349761100 ) ) ;
#4487 = VERTEX_POINT ( 'NONE', #4716 ) ;
#4488 =( GEOMETRIC_REPRESENTATION_CONTEXT ( 3 ) GLOBAL_UNCERTAINTY_ASSIGNED_CONTEXT ( ( #5996 ) ) GLOBAL_UNIT_ASSIGNED_CONTEXT ( ( #5236, #2055, #5771 ) ) REPRESENTATION_CONTEXT ( 'NONE', 'WORKASPACE' ) );
#4489 = AXIS2_PLACEMENT_3D ( 'NONE', #2662, #3207, #19 ) ;
#4490 = ADVANCED_FACE ( 'NONE', ( #2849 ), #476, .F. ) ;
#4491 = CARTESIAN_POINT ( 'NONE',  ( 3.204999999999999600, -2.149999999999999900, 5.000000000000000900 ) ) ;
#4492 = EDGE_CURVE ( 'NONE', #5403, #2253, #5504, .T. ) ;
#4493 = EDGE_CURVE ( 'NONE', #1771, #2046, #30, .T. ) ;
#4494 = ORIENTED_EDGE ( 'NONE', *, *, #4994, .T. ) ;
#4495 = EDGE_LOOP ( 'NONE', ( #512, #5300, #1841, #1456 ) ) ;
#4496 = CARTESIAN_POINT ( 'NONE',  ( 0.0000000000000000000, -2.200000000000000200, 5.000000000000000900 ) ) ;
#4497 = ADVANCED_FACE ( 'NONE', ( #5679 ), #2604, .F. ) ;
#4498 = EDGE_CURVE ( 'NONE', #3871, #4515, #6772, .T. ) ;
#4499 = VERTEX_POINT ( 'NONE', #6360 ) ;
#4500 = SURFACE_STYLE_USAGE ( .BOTH. , #791 ) ;
#4501 = CARTESIAN_POINT ( 'NONE',  ( 0.4500000000000007300, -2.149999999999999900, 5.000000000000000900 ) ) ;
#4502 = LINE ( 'NONE', #5805, #3100 ) ;
#4503 = ORIENTED_EDGE ( 'NONE', *, *, #6816, .T. ) ;
#4504 = AXIS2_PLACEMENT_3D ( 'NONE', #4419, #711, #173 ) ;
#4505 = LINE ( 'NONE', #1729, #3104 ) ;
#4506 = LINE ( 'NONE', #66, #3105 ) ;
#4507 = DIRECTION ( 'NONE',  ( 0.0000000000000000000, 0.0000000000000000000, -1.000000000000000000 ) ) ;
#4508 = VECTOR ( 'NONE', #2953, 1000.000000000000000 ) ;
#4509 = VECTOR ( 'NONE', #5711, 1000.000000000000100 ) ;
#4510 = ORIENTED_EDGE ( 'NONE', *, *, #4613, .T. ) ;
#4511 = CARTESIAN_POINT ( 'NONE',  ( 3.330000000000001400, -3.050000000000000300, -3.800000000000000300 ) ) ;
#4512 = DIRECTION ( 'NONE',  ( -0.5735764363510401600, 0.0000000000000000000, -0.8191520442889959100 ) ) ;
#4513 = DIRECTION ( 'NONE',  ( 1.000000000000000000, 0.0000000000000000000, -0.0000000000000000000 ) ) ;
#4514 = VERTEX_POINT ( 'NONE', #6336 ) ;
#4515 = VERTEX_POINT ( 'NONE', #4231 ) ;
#4516 = ORIENTED_EDGE ( 'NONE', *, *, #554, .T. ) ;
#4517 = CIRCLE ( 'NONE', #6092, 0.3249999999999997900 ) ;
#4518 = FACE_OUTER_BOUND ( 'NONE', #4655, .T. ) ;
#4519 = VECTOR ( 'NONE', #3225, 1000.000000000000100 ) ;
#4520 = PRESENTATION_STYLE_ASSIGNMENT (( #828 ) ) ;
#4521 = EDGE_LOOP ( 'NONE', ( #6160, #3911, #3408, #196, #1131, #2205 ) ) ;
#4522 = VECTOR ( 'NONE', #3196, 1000.000000000000000 ) ;
#4523 = VERTEX_POINT ( 'NONE', #2632 ) ;
#4524 = DIRECTION ( 'NONE',  ( 0.0000000000000000000, 1.000000000000000000, 0.0000000000000000000 ) ) ;
#4525 = EDGE_CURVE ( 'NONE', #4323, #632, #1276, .T. ) ;
#4526 = EDGE_CURVE ( 'NONE', #4874, #2254, #5349, .T. ) ;
#4527 = ORIENTED_EDGE ( 'NONE', *, *, #5548, .F. ) ;
#4528 = VECTOR ( 'NONE', #5103, 1000.000000000000000 ) ;
#4529 = ADVANCED_FACE ( 'NONE', ( #3929 ), #3184, .T. ) ;
#4530 = DIRECTION ( 'NONE',  ( -0.0000000000000000000, 0.0000000000000000000, 1.000000000000000000 ) ) ;
#4531 = ORIENTED_EDGE ( 'NONE', *, *, #2270, .T. ) ;
#4532 = AXIS2_PLACEMENT_3D ( 'NONE', #4738, #1578, #5277 ) ;
#4533 = SURFACE_SIDE_STYLE ('',( #4210 ) ) ;
#4534 = EDGE_CURVE ( 'NONE', #5189, #3757, #5182, .T. ) ;
#4535 = EDGE_CURVE ( 'NONE', #2201, #4389, #1129, .T. ) ;
#4536 = PLANE ( 'NONE',  #4399 ) ;
#4537 = ADVANCED_FACE ( 'NONE', ( #6455 ), #2670, .F. ) ;
#4538 = PRESENTATION_STYLE_ASSIGNMENT (( #1205 ) ) ;
#4539 = DIRECTION ( 'NONE',  ( 0.0000000000000000000, -0.0000000000000000000, 1.000000000000000000 ) ) ;
#4540 = ORIENTED_EDGE ( 'NONE', *, *, #3077, .F. ) ;
#4541 =( LENGTH_UNIT ( ) NAMED_UNIT ( * ) SI_UNIT ( .MILLI., .METRE. ) );
#4542 = LINE ( 'NONE', #1639, #4715 ) ;
#4543 = DIRECTION ( 'NONE',  ( -1.000000000000000000, 0.0000000000000000000, -0.0000000000000000000 ) ) ;
#4544 = SURFACE_SIDE_STYLE ('',( #6372 ) ) ;
#4545 = DIRECTION ( 'NONE',  ( -0.0000000000000000000, -1.000000000000000000, -0.0000000000000000000 ) ) ;
#4546 = LINE ( 'NONE', #3575, #6729 ) ;
#4547 = DIRECTION ( 'NONE',  ( 0.0000000000000000000, 0.0000000000000000000, 1.000000000000000000 ) ) ;
#4548 = VECTOR ( 'NONE', #1632, 1000.000000000000000 ) ;
#4549 = VERTEX_POINT ( 'NONE', #4780 ) ;
#4550 = EDGE_CURVE ( 'NONE', #3029, #4064, #6610, .T. ) ;
#4551 = FACE_OUTER_BOUND ( 'NONE', #4091, .T. ) ;
#4552 = DIRECTION ( 'NONE',  ( 0.0000000000000000000, 0.0000000000000000000, -1.000000000000000000 ) ) ;
#4553 = FACE_OUTER_BOUND ( 'NONE', #4844, .T. ) ;
#4554 = CARTESIAN_POINT ( 'NONE',  ( -1.765000000000001200, -3.050000000000000300, -4.999999999999999100 ) ) ;
#4555 = CARTESIAN_POINT ( 'NONE',  ( 1.114999999999999300, -2.149999999999999900, -4.999999999999999100 ) ) ;
#4556 = ADVANCED_FACE ( 'NONE', ( #953 ), #1641, .T. ) ;
#4557 =( GEOMETRIC_REPRESENTATION_CONTEXT ( 3 ) GLOBAL_UNCERTAINTY_ASSIGNED_CONTEXT ( ( #4481 ) ) GLOBAL_UNIT_ASSIGNED_CONTEXT ( ( #4856, #1687, #5392 ) ) REPRESENTATION_CONTEXT ( 'NONE', 'WORKASPACE' ) );
#4558 = VERTEX_POINT ( 'NONE', #5345 ) ;
#4559 = CARTESIAN_POINT ( 'NONE',  ( -2.429999999999997900, -3.000000000000000000, -4.999999999999999100 ) ) ;
#4560 = LINE ( 'NONE', #1963, #5826 ) ;
#4561 = AXIS2_PLACEMENT_3D ( 'NONE', #2564, #3090, #6822 ) ;
#4562 = VERTEX_POINT ( 'NONE', #5373 ) ;
#4563 = CARTESIAN_POINT ( 'NONE',  ( -1.239153049900260300, 0.0000000000000000000, -2.186446609406720300 ) ) ;
#4564 = DIRECTION ( 'NONE',  ( 1.000000000000000000, -0.0000000000000000000, 0.0000000000000000000 ) ) ;
#4565 = FILL_AREA_STYLE_COLOUR ( '', #1044 ) ;
#4566 = ADVANCED_FACE ( 'NONE', ( #5766 ), #5912, .F. ) ;
#4567 = DIRECTION ( 'NONE',  ( -1.000000000000000000, -0.0000000000000000000, -0.0000000000000000000 ) ) ;
#4568 = EDGE_LOOP ( 'NONE', ( #5489, #4991, #3194, #515 ) ) ;
#4569 = VERTEX_POINT ( 'NONE', #1668 ) ;
#4570 = CARTESIAN_POINT ( 'NONE',  ( -0.4500000000000009000, -3.050000000000000300, -4.999999999999999100 ) ) ;
#4571 = DIRECTION ( 'NONE',  ( -0.6427876096865399200, 0.0000000000000000000, -0.7660444431189775700 ) ) ;
#4572 = DIRECTION ( 'NONE',  ( 0.0000000000000000000, 1.000000000000000000, 0.0000000000000000000 ) ) ;
#4573 = ORIENTED_EDGE ( 'NONE', *, *, #2846, .F. ) ;
#4574 = UNCERTAINTY_MEASURE_WITH_UNIT (LENGTH_MEASURE( 1.000000000000000100E-005 ), #4903, 'distance_accuracy_value', 'NONE');
#4575 = AXIS2_PLACEMENT_3D ( 'NONE', #5910, #600, #4322 ) ;
#4576 = ORIENTED_EDGE ( 'NONE', *, *, #6243, .F. ) ;
#4577 = ORIENTED_EDGE ( 'NONE', *, *, #4049, .F. ) ;
#4578 = DIRECTION ( 'NONE',  ( 0.0000000000000000000, 0.0000000000000000000, -1.000000000000000000 ) ) ;
#4579 = CYLINDRICAL_SURFACE ( 'NONE', #3074, 0.3249999999999997900 ) ;
#4580 = LINE ( 'NONE', #2747, #1764 ) ;
#4581 = DIRECTION ( 'NONE',  ( -0.0000000000000000000, 1.000000000000000000, 0.0000000000000000000 ) ) ;
#4582 = DIRECTION ( 'NONE',  ( 0.0000000000000000000, 0.0000000000000000000, 1.000000000000000000 ) ) ;
#4583 = FACE_OUTER_BOUND ( 'NONE', #179, .T. ) ;
#4584 = LINE ( 'NONE', #1113, #3505 ) ;
#4585 = ORIENTED_EDGE ( 'NONE', *, *, #5541, .T. ) ;
#4586 =( NAMED_UNIT ( * ) SI_UNIT ( $, .STERADIAN. ) SOLID_ANGLE_UNIT ( ) );
#4587 = DIRECTION ( 'NONE',  ( -1.000000000000000000, 0.0000000000000000000, -0.0000000000000000000 ) ) ;
#4588 = EDGE_CURVE ( 'NONE', #6328, #5009, #5942, .T. ) ;
#4589 = ADVANCED_FACE ( 'NONE', ( #4341 ), #4536, .F. ) ;
#4590 = DIRECTION ( 'NONE',  ( -0.0000000000000000000, -1.000000000000000000, -0.0000000000000000000 ) ) ;
#4591 = CIRCLE ( 'NONE', #6330, 0.3249999999999997900 ) ;
#4592 = VECTOR ( 'NONE', #227, 1000.000000000000000 ) ;
#4593 = VECTOR ( 'NONE', #5150, 1000.000000000000000 ) ;
#4594 = ORIENTED_EDGE ( 'NONE', *, *, #4321, .T. ) ;
#4595 = CARTESIAN_POINT ( 'NONE',  ( 3.204999999999999600, -2.149999999999999900, 5.000000000000000900 ) ) ;
#4596 = DIRECTION ( 'NONE',  ( -0.0000000000000000000, 1.000000000000000000, 0.0000000000000000000 ) ) ;
#4597 = CARTESIAN_POINT ( 'NONE',  ( -9.855445003483749700, -2.200000000000000200, 5.000000000000000900 ) ) ;
#4598 = ORIENTED_EDGE ( 'NONE', *, *, #2118, .T. ) ;
#4599 = ORIENTED_EDGE ( 'NONE', *, *, #6419, .F. ) ;
#4600 = LINE ( 'NONE', #2657, #3357 ) ;
#4601 = EDGE_CURVE ( 'NONE', #5577, #2328, #3106, .T. ) ;
#4602 = ADVANCED_FACE ( 'NONE', ( #112 ), #4184, .F. ) ;
#4603 = EDGE_LOOP ( 'NONE', ( #4105, #685, #3032, #5297 ) ) ;
#4604 = ORIENTED_EDGE ( 'NONE', *, *, #4242, .T. ) ;
#4605 = FACE_OUTER_BOUND ( 'NONE', #1104, .T. ) ;
#4606 = CIRCLE ( 'NONE', #3777, 0.3249999999999997900 ) ;
#4607 = VERTEX_POINT ( 'NONE', #4554 ) ;
#4608 = AXIS2_PLACEMENT_3D ( 'NONE', #4379, #1213, #4906 ) ;
#4609 = LINE ( 'NONE', #6210, #547 ) ;
#4610 = CARTESIAN_POINT ( 'NONE',  ( -2.555000000000000200, -2.200000000000000200, 5.000000000000000900 ) ) ;
#4611 = CARTESIAN_POINT ( 'NONE',  ( 1.764999999999998600, -2.200000000000000200, -4.999999999999999100 ) ) ;
#4612 = EDGE_CURVE ( 'NONE', #5695, #3136, #2926, .T. ) ;
#4613 = EDGE_CURVE ( 'NONE', #6903, #4011, #1536, .T. ) ;
#4614 = DIRECTION ( 'NONE',  ( 0.0000000000000000000, 1.000000000000000000, 0.0000000000000000000 ) ) ;
#4615 = CARTESIAN_POINT ( 'NONE',  ( -0.8556169347761284300, 0.0000000000000000000, -0.3304486680763907800 ) ) ;
#4616 = EDGE_CURVE ( 'NONE', #3908, #5280, #5581, .T. ) ;
#4617 = VECTOR ( 'NONE', #1874, 1000.000000000000000 ) ;
#4618 = VERTEX_POINT ( 'NONE', #2448 ) ;
#4619 = DIRECTION ( 'NONE',  ( 0.0000000000000000000, -0.0000000000000000000, 1.000000000000000000 ) ) ;
#4620 = DIRECTION ( 'NONE',  ( 1.000000000000000000, 0.0000000000000000000, -0.0000000000000000000 ) ) ;
#4621 = ORIENTED_EDGE ( 'NONE', *, *, #583, .F. ) ;
#4622 = VERTEX_POINT ( 'NONE', #3508 ) ;
#4623 = CARTESIAN_POINT ( 'NONE',  ( -0.5211717993440887500, 0.0000000000000000000, 0.3499999999999996400 ) ) ;
#4624 = EDGE_LOOP ( 'NONE', ( #5948, #4911, #4411, #3331 ) ) ;
#4625 = MECHANICAL_DESIGN_GEOMETRIC_PRESENTATION_REPRESENTATION (  '', ( #3562 ), #4973 ) ;
#4626 = AXIS2_PLACEMENT_3D ( 'NONE', #1474, #5174, #1999 ) ;
#4627 = DIRECTION ( 'NONE',  ( 0.0000000000000000000, -0.0000000000000000000, -1.000000000000000000 ) ) ;
#4628 = VECTOR ( 'NONE', #2359, 1000.000000000000000 ) ;
#4629 = CARTESIAN_POINT ( 'NONE',  ( -1.115000000000000000, -2.200000000000000200, 5.000000000000000900 ) ) ;
#4630 = CARTESIAN_POINT ( 'NONE',  ( 0.0000000000000000000, -2.200000000000000200, 4.675000000000001600 ) ) ;
#4631 = EDGE_CURVE ( 'NONE', #6558, #464, #2601, .T. ) ;
#4632 = ORIENTED_EDGE ( 'NONE', *, *, #6684, .F. ) ;
#4633 = CARTESIAN_POINT ( 'NONE',  ( 0.6446006858399665500, -0.05000000000000000300, -0.3499999999999999200 ) ) ;
#4634 = EDGE_CURVE ( 'NONE', #1972, #6546, #4002, .T. ) ;
#4635 = CARTESIAN_POINT ( 'NONE',  ( -9.855445003483749700, -2.149999999999999900, 5.000000000000000900 ) ) ;
#4636 = ADVANCED_FACE ( 'NONE', ( #3850 ), #1031, .F. ) ;
#4637 = VECTOR ( 'NONE', #2267, 1000.000000000000000 ) ;
#4638 = DIRECTION ( 'NONE',  ( 0.0000000000000000000, 0.0000000000000000000, -1.000000000000000000 ) ) ;
#4639 = CARTESIAN_POINT ( 'NONE',  ( 1.764999999999999700, -3.050000000000000300, 5.000000000000000900 ) ) ;
#4640 = DIRECTION ( 'NONE',  ( 0.0000000000000000000, 1.000000000000000000, 0.0000000000000000000 ) ) ;
#4641 = VECTOR ( 'NONE', #2152, 1000.000000000000000 ) ;
#4642 = DIRECTION ( 'NONE',  ( 0.0000000000000000000, 0.0000000000000000000, -1.000000000000000000 ) ) ;
#4643 = LINE ( 'NONE', #2597, #6065 ) ;
#4644 = CARTESIAN_POINT ( 'NONE',  ( -9.855445003483749700, -2.200000000000000200, 0.01782600801236681300 ) ) ;
#4645 = ADVANCED_FACE ( 'NONE', ( #6680 ), #5084, .F. ) ;
#4646 = EDGE_LOOP ( 'NONE', ( #6560, #3116, #5284, #3620, #3287, #604, #3170, #5987 ) ) ;
#4647 = DIRECTION ( 'NONE',  ( 1.000000000000000000, 0.0000000000000000000, -1.067730705296405600E-015 ) ) ;
#4648 = FILL_AREA_STYLE ('',( #2515 ) ) ;
#4649 = EDGE_CURVE ( 'NONE', #2417, #5339, #6521, .T. ) ;
#4650 = FILL_AREA_STYLE_COLOUR ( '', #4926 ) ;
#4651 = CIRCLE ( 'NONE', #4608, 0.3249999999999997900 ) ;
#4652 = ORIENTED_EDGE ( 'NONE', *, *, #2165, .F. ) ;
#4653 = CARTESIAN_POINT ( 'NONE',  ( 3.450000000000000200, -2.200000000000000200, -4.000000000000000000 ) ) ;
#4654 = CARTESIAN_POINT ( 'NONE',  ( 2.554999999999998800, -2.200000000000000200, -4.999999999999999100 ) ) ;
#4655 = EDGE_LOOP ( 'NONE', ( #1638, #6885, #1372, #4177 ) ) ;
#4656 = EDGE_LOOP ( 'NONE', ( #5687, #4073, #1190, #2760 ) ) ;
#4657 = CARTESIAN_POINT ( 'NONE',  ( -0.9899999999999986600, -3.050000000000000300, 5.000000000000000900 ) ) ;
#4658 = ORIENTED_EDGE ( 'NONE', *, *, #2246, .F. ) ;
#4659 = EDGE_CURVE ( 'NONE', #2254, #1707, #2425, .T. ) ;
#4660 = DIRECTION ( 'NONE',  ( -0.0000000000000000000, 1.000000000000000000, 0.0000000000000000000 ) ) ;
#4661 = PLANE ( 'NONE',  #3863 ) ;
#4662 = ORIENTED_EDGE ( 'NONE', *, *, #2923, .T. ) ;
#4663 = ADVANCED_FACE ( 'NONE', ( #6858 ), #3570, .T. ) ;
#4664 = CARTESIAN_POINT ( 'NONE',  ( 3.204999999999997900, -2.149999999999999900, -4.999999999999999100 ) ) ;
#4665 = CARTESIAN_POINT ( 'NONE',  ( -3.450000000000000200, -3.000000000000000000, 3.799999999999999400 ) ) ;
#4666 = AXIS2_PLACEMENT_3D ( 'NONE', #6145, #2922, #3986 ) ;
#4667 = EDGE_CURVE ( 'NONE', #2697, #4228, #6357, .T. ) ;
#4668 = ORIENTED_EDGE ( 'NONE', *, *, #1669, .F. ) ;
#4669 = DIRECTION ( 'NONE',  ( 0.0000000000000000000, 0.0000000000000000000, 1.000000000000000000 ) ) ;
#4670 = ORIENTED_EDGE ( 'NONE', *, *, #4147, .F. ) ;
#4671 = CARTESIAN_POINT ( 'NONE',  ( -9.855445003483749700, -2.200000000000000200, -4.999999999999999100 ) ) ;
#4672 = DIRECTION ( 'NONE',  ( -2.222614453595282500E-015, 0.0000000000000000000, 1.000000000000000000 ) ) ;
#4673 = CARTESIAN_POINT ( 'NONE',  ( -1.764999999999999700, -2.200000000000000200, 5.000000000000000900 ) ) ;
#4674 = ADVANCED_FACE ( 'NONE', ( #858 ), #6757, .F. ) ;
#4675 = ORIENTED_EDGE ( 'NONE', *, *, #3305, .F. ) ;
#4676 = DIRECTION ( 'NONE',  ( 0.0000000000000000000, 1.000000000000000000, -0.0000000000000000000 ) ) ;
#4677 = VECTOR ( 'NONE', #1120, 1000.000000000000000 ) ;
#4678 = CARTESIAN_POINT ( 'NONE',  ( 2.461714443247939000, 0.0000000000000000000, 2.140000000000001900 ) ) ;
#4679 = VECTOR ( 'NONE', #1940, 1000.000000000000000 ) ;
#4680 = EDGE_LOOP ( 'NONE', ( #1343, #3812, #2815, #5067 ) ) ;
#4681 = CARTESIAN_POINT ( 'NONE',  ( -4.337867785812140800, -0.05000000000000000300, -4.791868914782172700 ) ) ;
#4682 = FILL_AREA_STYLE_COLOUR ( '', #2321 ) ;
#4683 = EDGE_LOOP ( 'NONE', ( #4768, #4972, #4277, #860 ) ) ;
#4684 = DIRECTION ( 'NONE',  ( 0.0000000000000000000, 0.0000000000000000000, 1.000000000000000000 ) ) ;
#4685 = ORIENTED_EDGE ( 'NONE', *, *, #995, .F. ) ;
#4686 = ORIENTED_EDGE ( 'NONE', *, *, #354, .F. ) ;
#4687 = LINE ( 'NONE', #4988, #4351 ) ;
#4688 = DIRECTION ( 'NONE',  ( -0.6427876096865409200, 0.0000000000000000000, -0.7660444431189766800 ) ) ;
#4689 = LINE ( 'NONE', #4889, #5778 ) ;
#4690 = LINE ( 'NONE', #4257, #1866 ) ;
#4691 = LINE ( 'NONE', #1642, #462 ) ;
#4692 = ORIENTED_EDGE ( 'NONE', *, *, #3330, .F. ) ;
#4693 = VECTOR ( 'NONE', #3722, 1000.000000000000000 ) ;
#4694 = DIRECTION ( 'NONE',  ( 0.1736481776669218100, 0.0000000000000000000, -0.9848077530122095700 ) ) ;
#4695 = CARTESIAN_POINT ( 'NONE',  ( -3.450000000000000200, 0.0000000000000000000, -4.000000000000000000 ) ) ;
#4696 = EDGE_LOOP ( 'NONE', ( #1048, #3523, #776, #3086 ) ) ;
#4697 = VECTOR ( 'NONE', #4545, 1000.000000000000000 ) ;
#4698 = SURFACE_SIDE_STYLE ('',( #2512 ) ) ;
#4699 = CARTESIAN_POINT ( 'NONE',  ( -0.9899999999999988800, -3.050000000000000300, -3.800000000000001200 ) ) ;
#4700 = AXIS2_PLACEMENT_3D ( 'NONE', #2568, #6295, #3101 ) ;
#4701 = CARTESIAN_POINT ( 'NONE',  ( 3.330000000000001400, -3.000000000000000400, -3.799999999999999800 ) ) ;
#4702 = DIRECTION ( 'NONE',  ( -1.000000000000000000, -0.0000000000000000000, 0.0000000000000000000 ) ) ;
#4703 = PRESENTATION_STYLE_ASSIGNMENT (( #3407 ) ) ;
#4704 = CARTESIAN_POINT ( 'NONE',  ( 1.282632795428789300, -0.05000000000000000300, -0.07570895003121067000 ) ) ;
#4705 = ADVANCED_FACE ( 'NONE', ( #2101 ), #6179, .F. ) ;
#4706 = ORIENTED_EDGE ( 'NONE', *, *, #2585, .F. ) ;
#4707 = AXIS2_PLACEMENT_3D ( 'NONE', #5714, #2530, #6256 ) ;
#4708 = DIRECTION ( 'NONE',  ( 0.0000000000000000000, 1.000000000000000000, -0.0000000000000000000 ) ) ;
#4709 = CARTESIAN_POINT ( 'NONE',  ( -9.855445003483749700, -2.149999999999999900, -4.999999999999999100 ) ) ;
#4710 = LINE ( 'NONE', #5954, #6303 ) ;
#4711 = DIRECTION ( 'NONE',  ( -0.0000000000000000000, 1.000000000000000000, 0.0000000000000000000 ) ) ;
#4712 = EDGE_CURVE ( 'NONE', #612, #879, #683, .T. ) ;
#4713 = EDGE_LOOP ( 'NONE', ( #3128, #538, #894, #6595 ) ) ;
#4714 = CARTESIAN_POINT ( 'NONE',  ( 2.461714443247939000, -0.05000000000000000300, 2.140000000000001900 ) ) ;
#4715 = VECTOR ( 'NONE', #5340, 1000.000000000000000 ) ;
#4716 = CARTESIAN_POINT ( 'NONE',  ( 0.6446006858399664400, 2.032879073410320800E-017, 0.3499999999999998700 ) ) ;
#4717 = MECHANICAL_DESIGN_GEOMETRIC_PRESENTATION_REPRESENTATION (  '', ( #3658 ), #5063 ) ;
#4718 = DIRECTION ( 'NONE',  ( 0.0000000000000000000, 0.0000000000000000000, 1.000000000000000000 ) ) ;
#4719 = LINE ( 'NONE', #5130, #1898 ) ;
#4720 = CARTESIAN_POINT ( 'NONE',  ( -3.330000000000001000, -3.000000000000000400, 5.000000000000000900 ) ) ;
#4721 = EDGE_CURVE ( 'NONE', #1974, #2825, #3504, .T. ) ;
#4722 = LINE ( 'NONE', #4241, #5986 ) ;
#4723 = ORIENTED_EDGE ( 'NONE', *, *, #797, .F. ) ;
#4724 = CARTESIAN_POINT ( 'NONE',  ( -3.450000000000000200, -3.000000000000000000, 5.000000000000000900 ) ) ;
#4725 = VERTEX_POINT ( 'NONE', #2014 ) ;
#4726 = AXIS2_PLACEMENT_3D ( 'NONE', #4714, #1549, #5248 ) ;
#4727 = CARTESIAN_POINT ( 'NONE',  ( -1.204557019264811600, -0.05000000000000000300, 1.648488889220253800 ) ) ;
#4728 = LINE ( 'NONE', #1872, #496 ) ;
#4729 = VECTOR ( 'NONE', #1895, 1000.000000000000000 ) ;
#4730 = CARTESIAN_POINT ( 'NONE',  ( -0.5211717993440886400, -0.05000000000000000300, 0.3499999999999999200 ) ) ;
#4731 = DIRECTION ( 'NONE',  ( -0.0000000000000000000, 1.000000000000000000, 0.0000000000000000000 ) ) ;
#4732 = CARTESIAN_POINT ( 'NONE',  ( -2.466561782773879500, -0.05000000000000000300, 5.892161442081238900 ) ) ;
#4733 = EDGE_CURVE ( 'NONE', #3908, #2989, #4756, .T. ) ;
#4734 = DIRECTION ( 'NONE',  ( -0.0000000000000000000, -1.000000000000000000, -0.0000000000000000000 ) ) ;
#4735 = ORIENTED_EDGE ( 'NONE', *, *, #2259, .T. ) ;
#4736 = LINE ( 'NONE', #2294, #6001 ) ;
#4737 = EDGE_LOOP ( 'NONE', ( #4825, #3798, #6217, #5369 ) ) ;
#4738 = CARTESIAN_POINT ( 'NONE',  ( 2.879999999999998600, -2.200000000000000200, -5.000000000000000900 ) ) ;
#4739 = DIRECTION ( 'NONE',  ( -0.0000000000000000000, -1.000000000000000000, -0.0000000000000000000 ) ) ;
#4740 = CARTESIAN_POINT ( 'NONE',  ( -0.3826300119350034600, -0.05000000000000000300, -5.584920593150423300 ) ) ;
#4741 = CARTESIAN_POINT ( 'NONE',  ( 1.439999999999999900, -2.149999999999999900, 4.675000000000001600 ) ) ;
#4742 = ORIENTED_EDGE ( 'NONE', *, *, #6178, .T. ) ;
#4743 = ORIENTED_EDGE ( 'NONE', *, *, #1126, .F. ) ;
#4744 = DIRECTION ( 'NONE',  ( -0.0000000000000000000, -1.000000000000000000, -0.0000000000000000000 ) ) ;
#4745 = EDGE_LOOP ( 'NONE', ( #3495, #3837, #3616, #1519 ) ) ;
#4746 = CARTESIAN_POINT ( 'NONE',  ( 1.061714443247939300, -0.05000000000000000300, 5.856903289514512100E-017 ) ) ;
#4747 = EDGE_CURVE ( 'NONE', #12, #4499, #128, .T. ) ;
#4748 = EDGE_CURVE ( 'NONE', #5526, #2669, #1555, .T. ) ;
#4749 = ORIENTED_EDGE ( 'NONE', *, *, #215, .T. ) ;
#4750 = EDGE_LOOP ( 'NONE', ( #5264, #2122, #143, #6803, #4332, #6808 ) ) ;
#4751 = LINE ( 'NONE', #5186, #4913 ) ;
#4752 = CARTESIAN_POINT ( 'NONE',  ( 1.764999999999998100, -2.149999999999999900, -4.999999999999999100 ) ) ;
#4753 =( GEOMETRIC_REPRESENTATION_CONTEXT ( 3 ) GLOBAL_UNCERTAINTY_ASSIGNED_CONTEXT ( ( #2678 ) ) GLOBAL_UNIT_ASSIGNED_CONTEXT ( ( #297, #3999, #829 ) ) REPRESENTATION_CONTEXT ( 'NONE', 'WORKASPACE' ) );
#4754 = AXIS2_PLACEMENT_3D ( 'NONE', #5674, #2501, #6230 ) ;
#4755 = LINE ( 'NONE', #1233, #6019 ) ;
#4756 = LINE ( 'NONE', #4121, #4362 ) ;
#4757 = VECTOR ( 'NONE', #3223, 1000.000000000000000 ) ;
#4758 = VERTEX_POINT ( 'NONE', #4673 ) ;
#4759 = DIRECTION ( 'NONE',  ( -1.000000000000000000, 0.0000000000000000000, -0.0000000000000000000 ) ) ;
#4760 = EDGE_CURVE ( 'NONE', #2210, #1939, #6876, .T. ) ;
#4761 = SURFACE_STYLE_USAGE ( .BOTH. , #1062 ) ;
#4762 = VECTOR ( 'NONE', #6285, 1000.000000000000000 ) ;
#4763 = DIRECTION ( 'NONE',  ( 0.0000000000000000000, 0.0000000000000000000, -1.000000000000000000 ) ) ;
#4764 = VECTOR ( 'NONE', #1829, 1000.000000000000000 ) ;
#4765 = CARTESIAN_POINT ( 'NONE',  ( -2.429999999999990400, -2.200000000000000200, 0.01782600801234749200 ) ) ;
#4766 = LINE ( 'NONE', #4034, #3349 ) ;
#4767 = VECTOR ( 'NONE', #1977, 1000.000000000000000 ) ;
#4768 = ORIENTED_EDGE ( 'NONE', *, *, #4110, .F. ) ;
#4769 = CARTESIAN_POINT ( 'NONE',  ( 0.9899999999999974400, -3.000000000000000000, -4.999999999999999100 ) ) ;
#4770 = EDGE_LOOP ( 'NONE', ( #1479, #6284, #2877, #3811 ) ) ;
#4771 = ORIENTED_EDGE ( 'NONE', *, *, #3112, .T. ) ;
#4772 = ORIENTED_EDGE ( 'NONE', *, *, #804, .T. ) ;
#4773 = VECTOR ( 'NONE', #6904, 1000.000000000000100 ) ;
#4774 = ORIENTED_EDGE ( 'NONE', *, *, #1316, .F. ) ;
#4775 = CARTESIAN_POINT ( 'NONE',  ( 0.9899999999999822300, -2.200000000000000200, 0.01782600801240209100 ) ) ;
#4776 = ORIENTED_EDGE ( 'NONE', *, *, #2575, .F. ) ;
#4777 = LINE ( 'NONE', #5691, #3361 ) ;
#4778 = ORIENTED_EDGE ( 'NONE', *, *, #1805, .T. ) ;
#4779 = EDGE_CURVE ( 'NONE', #4454, #3532, #1376, .T. ) ;
#4780 = CARTESIAN_POINT ( 'NONE',  ( -1.132670721784655900, -0.05000000000000000300, -2.292928937522327600 ) ) ;
#4781 = CARTESIAN_POINT ( 'NONE',  ( 1.132670721784653000, 0.0000000000000000000, 2.292928937522326700 ) ) ;
#4782 = LINE ( 'NONE', #2868, #1971 ) ;
#4783 = CARTESIAN_POINT ( 'NONE',  ( -1.249430322124140500, 0.0000000000000000000, 2.720081483669954400E-015 ) ) ;
#4784 = VERTEX_POINT ( 'NONE', #5751 ) ;
#4785 = ORIENTED_EDGE ( 'NONE', *, *, #1666, .T. ) ;
#4786 = AXIS2_PLACEMENT_3D ( 'NONE', #2969, #6706, #3497 ) ;
#4787 = VERTEX_POINT ( 'NONE', #6834 ) ;
#4788 = CARTESIAN_POINT ( 'NONE',  ( 1.439999999999998600, -3.050000000000000300, -4.675000000000001600 ) ) ;
#4789 = EDGE_LOOP ( 'NONE', ( #150, #1283, #6591, #5076 ) ) ;
#4790 = ORIENTED_EDGE ( 'NONE', *, *, #4612, .T. ) ;
#4791 = ORIENTED_EDGE ( 'NONE', *, *, #2813, .T. ) ;
#4792 = CARTESIAN_POINT ( 'NONE',  ( -9.855445003483749700, -2.149999999999999900, -4.000000000000000000 ) ) ;
#4793 = DIRECTION ( 'NONE',  ( -0.0000000000000000000, 0.0000000000000000000, 1.000000000000000000 ) ) ;
#4794 = CYLINDRICAL_SURFACE ( 'NONE', #2322, 0.3249999999999997900 ) ;
#4795 = MECHANICAL_DESIGN_GEOMETRIC_PRESENTATION_REPRESENTATION (  '', ( #4077 ), #5152 ) ;
#4796 = ORIENTED_EDGE ( 'NONE', *, *, #1655, .T. ) ;
#4797 = CARTESIAN_POINT ( 'NONE',  ( -0.5211717993440885300, -0.05000000000000000300, -0.3500000000000000300 ) ) ;
#4798 = DIRECTION ( 'NONE',  ( -0.6945357798944163900, 0.0000000000000000000, -0.7194581644866189200 ) ) ;
#4799 = DIRECTION ( 'NONE',  ( -1.000000000000000000, 0.0000000000000000000, -0.0000000000000000000 ) ) ;
#4800 = LINE ( 'NONE', #660, #3382 ) ;
#4801 = AXIS2_PLACEMENT_3D ( 'NONE', #3824, #4345, #1178 ) ;
#4802 = DIRECTION ( 'NONE',  ( 0.0000000000000000000, -0.0000000000000000000, -1.000000000000000000 ) ) ;
#4803 = EDGE_CURVE ( 'NONE', #1975, #851, #2622, .T. ) ;
#4804 = CARTESIAN_POINT ( 'NONE',  ( -1.249430322124141000, -0.05000000000000000300, 3.035766082959412000E-015 ) ) ;
#4805 = FACE_OUTER_BOUND ( 'NONE', #668, .T. ) ;
#4806 = ORIENTED_EDGE ( 'NONE', *, *, #2000, .F. ) ;
#4807 = CARTESIAN_POINT ( 'NONE',  ( -9.855445003483749700, -2.149999999999999900, -4.999999999999999100 ) ) ;
#4808 = CARTESIAN_POINT ( 'NONE',  ( -2.429999999999999700, -3.050000000000000300, 3.799999999999999800 ) ) ;
#4809 = VERTEX_POINT ( 'NONE', #4701 ) ;
#4810 = DIRECTION ( 'NONE',  ( -1.000000000000000000, -0.0000000000000000000, -0.0000000000000000000 ) ) ;
#4811 = CARTESIAN_POINT ( 'NONE',  ( -3.450000000000000200, -3.050000000000000300, -4.999999999999999100 ) ) ;
#4812 = ORIENTED_EDGE ( 'NONE', *, *, #6891, .T. ) ;
#4813 = CARTESIAN_POINT ( 'NONE',  ( -0.4500000000000001800, -3.050000000000000300, -3.800000000000001200 ) ) ;
#4814 = DIRECTION ( 'NONE',  ( -3.469446951953614200E-015, 0.0000000000000000000, 1.000000000000000000 ) ) ;
#4815 = DIRECTION ( 'NONE',  ( -0.0000000000000000000, -1.000000000000000000, -0.0000000000000000000 ) ) ;
#4816 = VECTOR ( 'NONE', #6493, 1000.000000000000000 ) ;
#4817 = CARTESIAN_POINT ( 'NONE',  ( -3.330000000000004500, -2.149999999999999900, -4.000000000000000000 ) ) ;
#4818 = DIRECTION ( 'NONE',  ( 0.7825059109464332900, 0.0000000000000000000, 0.6226431556950518000 ) ) ;
#4819 = ORIENTED_EDGE ( 'NONE', *, *, #4492, .F. ) ;
#4820 = DIRECTION ( 'NONE',  ( -0.0000000000000000000, -1.000000000000000000, 0.0000000000000000000 ) ) ;
#4821 = CARTESIAN_POINT ( 'NONE',  ( 3.330000000000001000, -3.000000000000000000, 5.000000000000000900 ) ) ;
#4822 = SURFACE_STYLE_FILL_AREA ( #2510 ) ;
#4823 = DIRECTION ( 'NONE',  ( -1.807003620809176100E-016, 0.0000000000000000000, -1.000000000000000000 ) ) ;
#4824 = DIRECTION ( 'NONE',  ( -0.0000000000000000000, -1.000000000000000000, -0.0000000000000000000 ) ) ;
#4825 = ORIENTED_EDGE ( 'NONE', *, *, #3567, .F. ) ;
#4826 = ORIENTED_EDGE ( 'NONE', *, *, #1634, .T. ) ;
#4827 = ORIENTED_EDGE ( 'NONE', *, *, #608, .T. ) ;
#4828 = DIRECTION ( 'NONE',  ( 1.000000000000000000, 0.0000000000000000000, -0.0000000000000000000 ) ) ;
#4829 = ORIENTED_EDGE ( 'NONE', *, *, #5939, .T. ) ;
#4830 = VERTEX_POINT ( 'NONE', #2059 ) ;
#4831 = EDGE_LOOP ( 'NONE', ( #2727, #3949, #4692, #3729 ) ) ;
#4832 = CARTESIAN_POINT ( 'NONE',  ( 1.890000000000001200, -3.000000000000000400, -3.799999999999999800 ) ) ;
#4833 = UNCERTAINTY_MEASURE_WITH_UNIT (LENGTH_MEASURE( 1.000000000000000100E-005 ), #6214, 'distance_accuracy_value', 'NONE');
#4834 = DIRECTION ( 'NONE',  ( 0.0000000000000000000, 1.000000000000000000, 0.0000000000000000000 ) ) ;
#4835 = ORIENTED_EDGE ( 'NONE', *, *, #2258, .T. ) ;
#4836 = EDGE_CURVE ( 'NONE', #5456, #2368, #5278, .T. ) ;
#4837 = DIRECTION ( 'NONE',  ( 0.0000000000000000000, 0.0000000000000000000, 1.000000000000000000 ) ) ;
#4838 = DIRECTION ( 'NONE',  ( 0.7660444431189774600, 0.0000000000000000000, -0.6427876096865400300 ) ) ;
#4839 = DIRECTION ( 'NONE',  ( 0.0000000000000000000, 1.000000000000000000, 0.0000000000000000000 ) ) ;
#4840 = ORIENTED_EDGE ( 'NONE', *, *, #1655, .F. ) ;
#4841 = DIRECTION ( 'NONE',  ( 1.000000000000000000, 0.0000000000000000000, -0.0000000000000000000 ) ) ;
#4842 = LINE ( 'NONE', #2685, #605 ) ;
#4843 = CARTESIAN_POINT ( 'NONE',  ( 1.749446340638911600, 0.0000000000000000000, -2.539999999999998700 ) ) ;
#4844 = EDGE_LOOP ( 'NONE', ( #2753, #5402, #6598, #3352, #3574, #2856 ) ) ;
#4845 = ORIENTED_EDGE ( 'NONE', *, *, #4667, .F. ) ;
#4846 = EDGE_CURVE ( 'NONE', #3627, #777, #6700, .T. ) ;
#4847 = VERTEX_POINT ( 'NONE', #6318 ) ;
#4848 = ORIENTED_EDGE ( 'NONE', *, *, #2487, .F. ) ;
#4849 = ORIENTED_EDGE ( 'NONE', *, *, #6202, .T. ) ;
#4850 = LINE ( 'NONE', #2497, #6108 ) ;
#4851 = EDGE_CURVE ( 'NONE', #1336, #5170, #4020, .T. ) ;
#4852 = VECTOR ( 'NONE', #3817, 1000.000000000000000 ) ;
#4853 = VECTOR ( 'NONE', #14, 1000.000000000000000 ) ;
#4854 = LINE ( 'NONE', #5897, #623 ) ;
#4855 = EDGE_LOOP ( 'NONE', ( #5493, #872, #722, #1785, #6682, #3529 ) ) ;
#4856 =( LENGTH_UNIT ( ) NAMED_UNIT ( * ) SI_UNIT ( .MILLI., .METRE. ) );
#4857 = LINE ( 'NONE', #4240, #4693 ) ;
#4858 = CARTESIAN_POINT ( 'NONE',  ( -1.889999999999999200, -2.149999999999999900, 5.000000000000000900 ) ) ;
#4860 = EDGE_CURVE ( 'NONE', #2167, #1155, #3714, .T. ) ;
#4859 = VERTEX_POINT ( 'NONE', #4195 ) ;
#4861 = VECTOR ( 'NONE', #4043, 1000.000000000000000 ) ;
#4862 = DIRECTION ( 'NONE',  ( 0.0000000000000000000, 1.000000000000000000, -0.0000000000000000000 ) ) ;
#4863 = FILL_AREA_STYLE ('',( #2736 ) ) ;
#4864 = DIRECTION ( 'NONE',  ( 0.0000000000000000000, 1.000000000000000000, 0.0000000000000000000 ) ) ;
#4865 = CARTESIAN_POINT ( 'NONE',  ( -0.5211717993440885300, -0.05000000000000000300, -0.3500000000000000300 ) ) ;
#4866 = SURFACE_STYLE_FILL_AREA ( #1199 ) ;
#4867 = AXIS2_PLACEMENT_3D ( 'NONE', #2841, #3912, #736 ) ;
#4868 = VERTEX_POINT ( 'NONE', #4727 ) ;
#4869 = DIRECTION ( 'NONE',  ( 0.0000000000000000000, 1.000000000000000000, 0.0000000000000000000 ) ) ;
#4870 = VERTEX_POINT ( 'NONE', #5257 ) ;
#4871 = CARTESIAN_POINT ( 'NONE',  ( -3.426938880692452100, -0.05000000000000000300, 4.781691646901718300 ) ) ;
#4872 = VECTOR ( 'NONE', #6475, 1000.000000000000000 ) ;
#4873 = ORIENTED_EDGE ( 'NONE', *, *, #1280, .F. ) ;
#4874 = VERTEX_POINT ( 'NONE', #6853 ) ;
#4875 = DIRECTION ( 'NONE',  ( -1.000000000000000000, -0.0000000000000000000, -0.0000000000000000000 ) ) ;
#4876 = EDGE_CURVE ( 'NONE', #840, #5874, #2289, .T. ) ;
#4877 = EDGE_CURVE ( 'NONE', #5740, #1145, #1052, .T. ) ;
#4878 = CIRCLE ( 'NONE', #5468, 0.3249999999999997900 ) ;
#4879 = FACE_OUTER_BOUND ( 'NONE', #481, .T. ) ;
#4880 = CARTESIAN_POINT ( 'NONE',  ( -0.3250000000000000100, -2.200000000000000200, 5.000000000000000900 ) ) ;
#4881 = ORIENTED_EDGE ( 'NONE', *, *, #2688, .T. ) ;
#4882 = ORIENTED_EDGE ( 'NONE', *, *, #6572, .F. ) ;
#4883 = DIRECTION ( 'NONE',  ( -0.7660444431189744600, 0.0000000000000000000, 0.6427876096865436900 ) ) ;
#4884 = CARTESIAN_POINT ( 'NONE',  ( -2.429999999999997900, -3.000000000000000000, 5.000000000000000900 ) ) ;
#4885 = AXIS2_PLACEMENT_3D ( 'NONE', #977, #1502, #5218 ) ;
#4886 = DIRECTION ( 'NONE',  ( 1.000000000000000000, 0.0000000000000000000, 0.0000000000000000000 ) ) ;
#4887 = LINE ( 'NONE', #770, #1904 ) ;
#4888 = AXIS2_PLACEMENT_3D ( 'NONE', #1009, #2073, #5798 ) ;
#4889 = CARTESIAN_POINT ( 'NONE',  ( -1.889999999999999900, -3.000000000000000000, -9.591503366463465200 ) ) ;
#4890 = EDGE_CURVE ( 'NONE', #2330, #3673, #6541, .T. ) ;
#4891 = PLANE ( 'NONE',  #177 ) ;
#4892 = FACE_OUTER_BOUND ( 'NONE', #2783, .T. ) ;
#4893 = EDGE_CURVE ( 'NONE', #1361, #4787, #6378, .T. ) ;
#4894 = DIRECTION ( 'NONE',  ( 0.6960974656540901400, 0.0000000000000000000, -0.7179472949388087100 ) ) ;
#4895 = ORIENTED_EDGE ( 'NONE', *, *, #3730, .T. ) ;
#4896 = LINE ( 'NONE', #5442, #2249 ) ;
#4897 = CARTESIAN_POINT ( 'NONE',  ( 0.0000000000000000000, -3.050000000000000300, 5.000000000000000900 ) ) ;
#4898 = EDGE_LOOP ( 'NONE', ( #2675, #4932, #4790, #4437 ) ) ;
#4899 = SHAPE_DEFINITION_REPRESENTATION ( #120, #315 ) ;
#4900 = CARTESIAN_POINT ( 'NONE',  ( 2.461714443247939000, 0.0000000000000000000, 2.540000000000002300 ) ) ;
#4901 = VECTOR ( 'NONE', #4587, 1000.000000000000000 ) ;
#4902 = EDGE_CURVE ( 'NONE', #6267, #3767, #4937, .T. ) ;
#4903 =( LENGTH_UNIT ( ) NAMED_UNIT ( * ) SI_UNIT ( .MILLI., .METRE. ) );
#4904 = VERTEX_POINT ( 'NONE', #6368 ) ;
#4905 = ORIENTED_EDGE ( 'NONE', *, *, #6804, .F. ) ;
#4906 = DIRECTION ( 'NONE',  ( 0.0000000000000000000, 0.0000000000000000000, -1.000000000000000000 ) ) ;
#4907 = FILL_AREA_STYLE_COLOUR ( '', #1711 ) ;
#4908 = ORIENTED_EDGE ( 'NONE', *, *, #1421, .F. ) ;
#4909 = CARTESIAN_POINT ( 'NONE',  ( 0.9899999999999999900, -3.050000000000000300, -3.799999999999999800 ) ) ;
#4910 = CARTESIAN_POINT ( 'NONE',  ( -0.4500000000000007300, -2.149999999999999900, 5.000000000000000900 ) ) ;
#4911 = ORIENTED_EDGE ( 'NONE', *, *, #1822, .F. ) ;
#4912 = ORIENTED_EDGE ( 'NONE', *, *, #4588, .F. ) ;
#4913 = VECTOR ( 'NONE', #3056, 1000.000000000000000 ) ;
#4914 = AXIS2_PLACEMENT_3D ( 'NONE', #3821, #635, #4342 ) ;
#4915 = COLOUR_RGB ( '',0.9882352941176471000, 0.7372549019607843600, 0.5137254901960783800 ) ;
#4916 = FACE_OUTER_BOUND ( 'NONE', #3446, .T. ) ;
#4917 = CIRCLE ( 'NONE', #5285, 0.3249999999999997900 ) ;
#4918 = CARTESIAN_POINT ( 'NONE',  ( 1.890000000000000800, -3.050000000000000300, 5.000000000000000900 ) ) ;
#4919 = CARTESIAN_POINT ( 'NONE',  ( -2.430000000000005000, -2.200000000000000200, 0.01782600801235715400 ) ) ;
#4920 = LINE ( 'NONE', #3171, #2103 ) ;
#4921 = ORIENTED_EDGE ( 'NONE', *, *, #2325, .F. ) ;
#4922 = CARTESIAN_POINT ( 'NONE',  ( 2.879999999999999900, -2.200000000000000200, 4.675000000000001600 ) ) ;
#4923 = AXIS2_PLACEMENT_3D ( 'NONE', #5883, #2682, #6420 ) ;
#4924 = DIRECTION ( 'NONE',  ( 0.0000000000000000000, 0.0000000000000000000, -1.000000000000000000 ) ) ;
#4925 = CIRCLE ( 'NONE', #2173, 0.3249999999999997900 ) ;
#4926 = COLOUR_RGB ( '',0.9882352941176471000, 0.7372549019607843600, 0.5137254901960783800 ) ;
#4927 = FACE_OUTER_BOUND ( 'NONE', #2007, .T. ) ;
#4928 = PLANE ( 'NONE',  #3990 ) ;
#4929 = VECTOR ( 'NONE', #1375, 1000.000000000000000 ) ;
#4930 = COLOUR_RGB ( '',1.000000000000000000, 0.7529411764705882200, 0.0000000000000000000 ) ;
#4931 = LINE ( 'NONE', #1443, #532 ) ;
#4932 = ORIENTED_EDGE ( 'NONE', *, *, #1530, .F. ) ;
#4933 = DIRECTION ( 'NONE',  ( 1.000000000000000000, 0.0000000000000000000, -0.0000000000000000000 ) ) ;
#4934 = CARTESIAN_POINT ( 'NONE',  ( 1.889999999999999200, -2.149999999999999900, 5.000000000000000900 ) ) ;
#4935 = ORIENTED_EDGE ( 'NONE', *, *, #5227, .T. ) ;
#4936 = EDGE_LOOP ( 'NONE', ( #2997, #4386, #5513, #5325, #1024, #5408 ) ) ;
#4937 = LINE ( 'NONE', #4740, #4773 ) ;
#4938 = ORIENTED_EDGE ( 'NONE', *, *, #6182, .F. ) ;
#4939 = PLANE ( 'NONE',  #1949 ) ;
#4940 = AXIS2_PLACEMENT_3D ( 'NONE', #5962, #2761, #6495 ) ;
#4941 = ORIENTED_EDGE ( 'NONE', *, *, #5946, .T. ) ;
#4942 = VECTOR ( 'NONE', #936, 1000.000000000000000 ) ;
#4943 = VERTEX_POINT ( 'NONE', #2097 ) ;
#4944 = CARTESIAN_POINT ( 'NONE',  ( 1.239153049900265600, 0.0000000000000000000, 2.186446609406700300 ) ) ;
#4945 = VECTOR ( 'NONE', #2315, 1000.000000000000000 ) ;
#4946 = EDGE_CURVE ( 'NONE', #1415, #5947, #2117, .T. ) ;
#4947 = ORIENTED_EDGE ( 'NONE', *, *, #101, .T. ) ;
#4948 = EDGE_LOOP ( 'NONE', ( #1261, #2192, #367, #4573 ) ) ;
#4949 = CARTESIAN_POINT ( 'NONE',  ( -3.450000000000000200, -3.000000000000000000, 5.000000000000000900 ) ) ;
#4950 = EDGE_LOOP ( 'NONE', ( #1570, #1539, #2624, #5516 ) ) ;
#4951 = ORIENTED_EDGE ( 'NONE', *, *, #212, .T. ) ;
#4952 = SURFACE_STYLE_USAGE ( .BOTH. , #1253 ) ;
#4953 = ORIENTED_EDGE ( 'NONE', *, *, #6274, .T. ) ;
#4954 = EDGE_LOOP ( 'NONE', ( #3465, #534, #5835, #5132, #2341, #2057, #3420 ) ) ;
#4955 = ADVANCED_FACE ( 'NONE', ( #6034 ), #3201, .F. ) ;
#4956 = FACE_OUTER_BOUND ( 'NONE', #4495, .T. ) ;
#4957 = DIRECTION ( 'NONE',  ( -0.0000000000000000000, -1.000000000000000000, -0.0000000000000000000 ) ) ;
#4958 = ORIENTED_EDGE ( 'NONE', *, *, #5561, .T. ) ;
#4959 = EDGE_CURVE ( 'NONE', #2368, #4523, #4600, .T. ) ;
#4960 = LINE ( 'NONE', #4884, #2153 ) ;
#4961 = AXIS2_PLACEMENT_3D ( 'NONE', #643, #2232, #1723 ) ;
#4962 = VECTOR ( 'NONE', #451, 1000.000000000000000 ) ;
#4963 = EDGE_CURVE ( 'NONE', #4514, #1747, #6203, .T. ) ;
#4964 = CARTESIAN_POINT ( 'NONE',  ( -9.855445003483749700, -2.149999999999999900, -4.000000000000000000 ) ) ;
#4965 = CARTESIAN_POINT ( 'NONE',  ( -3.450000000000000200, -3.050000000000000300, -4.999999999999999100 ) ) ;
#4966 = EDGE_CURVE ( 'NONE', #878, #5618, #1787, .T. ) ;
#4967 = EDGE_CURVE ( 'NONE', #2253, #3655, #5871, .T. ) ;
#4968 = CARTESIAN_POINT ( 'NONE',  ( -0.9899999999999986600, -3.050000000000000300, -5.000000000000000000 ) ) ;
#4969 = PLANE ( 'NONE',  #4313 ) ;
#4970 = DIRECTION ( 'NONE',  ( 0.0000000000000000000, -0.0000000000000000000, 1.000000000000000000 ) ) ;
#4971 = SURFACE_STYLE_USAGE ( .BOTH. , #1267 ) ;
#4972 = ORIENTED_EDGE ( 'NONE', *, *, #3952, .F. ) ;
#4973 =( GEOMETRIC_REPRESENTATION_CONTEXT ( 3 ) GLOBAL_UNCERTAINTY_ASSIGNED_CONTEXT ( ( #5223 ) ) GLOBAL_UNIT_ASSIGNED_CONTEXT ( ( #2399, #6124, #2924 ) ) REPRESENTATION_CONTEXT ( 'NONE', 'WORKASPACE' ) );
#4974 = LINE ( 'NONE', #6241, #744 ) ;
#4975 = PLANE ( 'NONE',  #5566 ) ;
#4976 = ADVANCED_FACE ( 'NONE', ( #1956 ), #3221, .F. ) ;
#4977 = EDGE_CURVE ( 'NONE', #5773, #4607, #4281, .T. ) ;
#4978 = EDGE_CURVE ( 'NONE', #2947, #5695, #5693, .T. ) ;
#4979 = EDGE_LOOP ( 'NONE', ( #4778, #6240, #4361, #1697 ) ) ;
#4980 =( NAMED_UNIT ( * ) SI_UNIT ( $, .STERADIAN. ) SOLID_ANGLE_UNIT ( ) );
#4981 = FACE_OUTER_BOUND ( 'NONE', #2141, .T. ) ;
#4982 = EDGE_LOOP ( 'NONE', ( #6615, #6392, #1544, #2293, #2776, #3124, #1850, #1604 ) ) ;
#4983 = CARTESIAN_POINT ( 'NONE',  ( -8.358723224855740600, -0.05000000000000000300, 2.540000000000008000 ) ) ;
#4984 = ORIENTED_EDGE ( 'NONE', *, *, #813, .F. ) ;
#4985 = EDGE_LOOP ( 'NONE', ( #4599, #2603, #2291, #5808 ) ) ;
#4986 = ADVANCED_FACE ( 'NONE', ( #201 ), #2710, .F. ) ;
#4987 = DIRECTION ( 'NONE',  ( -0.7660444431189774600, 0.0000000000000000000, -0.6427876096865400300 ) ) ;
#4988 = CARTESIAN_POINT ( 'NONE',  ( -4.337867785812139900, -0.05000000000000000300, 4.791868914782171800 ) ) ;
#4989 = ORIENTED_EDGE ( 'NONE', *, *, #2923, .F. ) ;
#4990 = ORIENTED_EDGE ( 'NONE', *, *, #5802, .F. ) ;
#4991 = ORIENTED_EDGE ( 'NONE', *, *, #5995, .F. ) ;
#4992 = DIRECTION ( 'NONE',  ( 0.0000000000000000000, 0.0000000000000000000, -1.000000000000000000 ) ) ;
#4993 = DIRECTION ( 'NONE',  ( -0.8191520442889909100, 0.0000000000000000000, 0.5735764363510473800 ) ) ;
#4994 = EDGE_CURVE ( 'NONE', #6462, #1670, #2858, .T. ) ;
#4995 = CARTESIAN_POINT ( 'NONE',  ( -0.4262663950270746400, -0.05000000000000000300, -1.839999999999997000 ) ) ;
#4996 = DIRECTION ( 'NONE',  ( -1.000000000000000000, 0.0000000000000000000, -0.0000000000000000000 ) ) ;
#4997 = VERTEX_POINT ( 'NONE', #3781 ) ;
#4998 = DIRECTION ( 'NONE',  ( 0.0000000000000000000, -0.0000000000000000000, 1.000000000000000000 ) ) ;
#4999 = DIRECTION ( 'NONE',  ( 0.0000000000000000000, 0.0000000000000000000, -1.000000000000000000 ) ) ;
#5000 = DIRECTION ( 'NONE',  ( -0.0000000000000000000, 1.000000000000000000, 0.0000000000000000000 ) ) ;
#5001 = ORIENTED_EDGE ( 'NONE', *, *, #630, .F. ) ;
#5002 = LINE ( 'NONE', #5333, #2196 ) ;
#5003 = SURFACE_STYLE_FILL_AREA ( #5895 ) ;
#5004 = EDGE_LOOP ( 'NONE', ( #3433, #63, #3776, #6345, #4881, #1951, #332 ) ) ;
#5005 = EDGE_CURVE ( 'NONE', #6359, #806, #2701, .T. ) ;
#5006 = ORIENTED_EDGE ( 'NONE', *, *, #3822, .T. ) ;
#5007 = AXIS2_PLACEMENT_3D ( 'NONE', #3436, #4507, #1334 ) ;
#5008 = ADVANCED_FACE ( 'NONE', ( #45 ), #558, .T. ) ;
#5009 = VERTEX_POINT ( 'NONE', #3209 ) ;
#5010 = PLANE ( 'NONE',  #3005 ) ;
#5011 = VERTEX_POINT ( 'NONE', #5338 ) ;
#5012 = ORIENTED_EDGE ( 'NONE', *, *, #837, .T. ) ;
#5013 = LINE ( 'NONE', #6735, #780 ) ;
#5014 = VERTEX_POINT ( 'NONE', #5891 ) ;
#5015 = LINE ( 'NONE', #4807, #967 ) ;
#5016 = ORIENTED_EDGE ( 'NONE', *, *, #6433, .T. ) ;
#5017 = AXIS2_PLACEMENT_3D ( 'NONE', #2976, #3501, #325 ) ;
#5018 = CARTESIAN_POINT ( 'NONE',  ( -3.450000000000000200, -3.000000000000000000, -4.999999999999999100 ) ) ;
#5019 = EDGE_CURVE ( 'NONE', #2050, #5233, #3940, .T. ) ;
#5020 = FILL_AREA_STYLE ('',( #1314 ) ) ;
#5021 = VECTOR ( 'NONE', #2617, 1000.000000000000000 ) ;
#5022 = EDGE_LOOP ( 'NONE', ( #6557, #5337, #6395, #4157, #5061, #4835 ) ) ;
#5023 = ADVANCED_FACE ( 'NONE', ( #5362 ), #2163, .T. ) ;
#5024 = ORIENTED_EDGE ( 'NONE', *, *, #5102, .F. ) ;
#5025 = PLANE ( 'NONE',  #474 ) ;
#5026 = LINE ( 'NONE', #425, #3628 ) ;
#5027 = CARTESIAN_POINT ( 'NONE',  ( 0.4499999999999990700, -2.149999999999999900, -4.000000000000000000 ) ) ;
#5028 = LINE ( 'NONE', #3260, #3631 ) ;
#5029 = CARTESIAN_POINT ( 'NONE',  ( -9.855445003483749700, -2.149999999999999900, 5.000000000000000900 ) ) ;
#5030 = ORIENTED_EDGE ( 'NONE', *, *, #2044, .F. ) ;
#5031 = ORIENTED_EDGE ( 'NONE', *, *, #4846, .T. ) ;
#5032 = DIRECTION ( 'NONE',  ( 0.0000000000000000000, 0.0000000000000000000, 1.000000000000000000 ) ) ;
#5033 = LINE ( 'NONE', #1148, #800 ) ;
#5034 =( NAMED_UNIT ( * ) PLANE_ANGLE_UNIT ( ) SI_UNIT ( $, .RADIAN. ) );
#5035 = CARTESIAN_POINT ( 'NONE',  ( -0.5211717993440885300, -0.05000000000000000300, -0.3500000000000001400 ) ) ;
#5036 = ORIENTED_EDGE ( 'NONE', *, *, #3126, .T. ) ;
#5037 = ORIENTED_EDGE ( 'NONE', *, *, #5472, .F. ) ;
#5038 = CARTESIAN_POINT ( 'NONE',  ( 1.717032848111743800, -0.05000000000000000300, -0.5237444021527721800 ) ) ;
#5039 = FILL_AREA_STYLE ('',( #4482 ) ) ;
#5040 = DIRECTION ( 'NONE',  ( 0.0000000000000000000, 1.000000000000000000, 0.0000000000000000000 ) ) ;
#5041 = DIRECTION ( 'NONE',  ( -0.7660444431189774600, 0.0000000000000000000, 0.6427876096865399200 ) ) ;
#5042 = CARTESIAN_POINT ( 'NONE',  ( -2.429999999999997900, -3.050000000000000300, -5.000000000000000000 ) ) ;
#5043 = ADVANCED_FACE ( 'NONE', ( #2541 ), #53, .F. ) ;
#5044 = DIRECTION ( 'NONE',  ( -0.0000000000000000000, -1.000000000000000000, -0.0000000000000000000 ) ) ;
#5045 = FACE_OUTER_BOUND ( 'NONE', #422, .T. ) ;
#5046 = AXIS2_PLACEMENT_3D ( 'NONE', #5192, #430, #4146 ) ;
#5047 = FILL_AREA_STYLE_COLOUR ( '', #1665 ) ;
#5048 = EDGE_LOOP ( 'NONE', ( #1075, #1686, #5510, #2912, #4686, #2684 ) ) ;
#5049 = AXIS2_PLACEMENT_3D ( 'NONE', #5611, #2422, #6153 ) ;
#5050 = VECTOR ( 'NONE', #1394, 1000.000000000000000 ) ;
#5051 = CARTESIAN_POINT ( 'NONE',  ( 3.204999999999998300, -3.050000000000000300, -4.999999999999999100 ) ) ;
#5052 = ADVANCED_FACE ( 'NONE', ( #6280 ), #6109, .F. ) ;
#5053 = EDGE_CURVE ( 'NONE', #1808, #4171, #2035, .T. ) ;
#5054 = CARTESIAN_POINT ( 'NONE',  ( -3.450000000000000200, -2.200000000000000200, -4.999999999999999100 ) ) ;
#5055 = AXIS2_PLACEMENT_3D ( 'NONE', #2445, #2981, #6713 ) ;
#5056 = ORIENTED_EDGE ( 'NONE', *, *, #6056, .T. ) ;
#5057 = VECTOR ( 'NONE', #5413, 1000.000000000000000 ) ;
#5058 =( LENGTH_UNIT ( ) NAMED_UNIT ( * ) SI_UNIT ( .MILLI., .METRE. ) );
#5059 = CARTESIAN_POINT ( 'NONE',  ( -3.450000000000000200, -3.000000000000000000, 4.999999999999999100 ) ) ;
#5060 = CARTESIAN_POINT ( 'NONE',  ( -9.855445003483749700, -2.149999999999999900, -4.999999999999999100 ) ) ;
#5061 = ORIENTED_EDGE ( 'NONE', *, *, #5555, .T. ) ;
#5062 = CARTESIAN_POINT ( 'NONE',  ( -9.855445003483749700, -2.149999999999999900, 5.000000000000000900 ) ) ;
#5063 =( GEOMETRIC_REPRESENTATION_CONTEXT ( 3 ) GLOBAL_UNCERTAINTY_ASSIGNED_CONTEXT ( ( #159 ) ) GLOBAL_UNIT_ASSIGNED_CONTEXT ( ( #1777, #5486, #2316 ) ) REPRESENTATION_CONTEXT ( 'NONE', 'WORKASPACE' ) );
#5064 = CARTESIAN_POINT ( 'NONE',  ( 1.749446340638912000, -0.05000000000000000300, -2.539999999999997400 ) ) ;
#5065 = EDGE_CURVE ( 'NONE', #3586, #827, #3429, .T. ) ;
#5066 = AXIS2_PLACEMENT_3D ( 'NONE', #3763, #3645, #460 ) ;
#5067 = ORIENTED_EDGE ( 'NONE', *, *, #5335, .F. ) ;
#5068 =( NAMED_UNIT ( * ) SI_UNIT ( $, .STERADIAN. ) SOLID_ANGLE_UNIT ( ) );
#5069 = EDGE_LOOP ( 'NONE', ( #3676, #6427, #5473, #5123 ) ) ;
#5070 = DIRECTION ( 'NONE',  ( -1.000000000000000000, 0.0000000000000000000, 5.421010862427522200E-017 ) ) ;
#5071 = VERTEX_POINT ( 'NONE', #4333 ) ;
#5072 =( LENGTH_UNIT ( ) NAMED_UNIT ( * ) SI_UNIT ( .MILLI., .METRE. ) );
#5073 = CARTESIAN_POINT ( 'NONE',  ( -9.855445003483749700, -2.149999999999999900, 5.000000000000000900 ) ) ;
#5074 = CARTESIAN_POINT ( 'NONE',  ( 3.450000000000000200, -2.200000000000000200, -4.999999999999999100 ) ) ;
#5075 = EDGE_CURVE ( 'NONE', #1589, #1341, #459, .T. ) ;
#5076 = ORIENTED_EDGE ( 'NONE', *, *, #1767, .T. ) ;
#5077 = VECTOR ( 'NONE', #6711, 1000.000000000000000 ) ;
#5078 = ADVANCED_FACE ( 'NONE', ( #1865 ), #5961, .T. ) ;
#5079 = VECTOR ( 'NONE', #5916, 1000.000000000000000 ) ;
#5080 = VECTOR ( 'NONE', #235, 1000.000000000000000 ) ;
#5081 = DIRECTION ( 'NONE',  ( 3.614007241618349800E-016, 0.0000000000000000000, 1.000000000000000000 ) ) ;
#5082 = VECTOR ( 'NONE', #4393, 1000.000000000000000 ) ;
#5083 = DIRECTION ( 'NONE',  ( -0.7660444431189774600, 0.0000000000000000000, 0.6427876096865399200 ) ) ;
#5084 = CYLINDRICAL_SURFACE ( 'NONE', #5839, 0.3249999999999997900 ) ;
#5085 = FACE_OUTER_BOUND ( 'NONE', #2832, .T. ) ;
#5086 = ORIENTED_EDGE ( 'NONE', *, *, #5140, .T. ) ;
#5087 = DIRECTION ( 'NONE',  ( 0.0000000000000000000, 1.000000000000000000, 0.0000000000000000000 ) ) ;
#5088 = ADVANCED_FACE ( 'NONE', ( #4518 ), #3829, .T. ) ;
#5089 = LINE ( 'NONE', #5741, #4762 ) ;
#5090 = VECTOR ( 'NONE', #5703, 1000.000000000000000 ) ;
#5091 = DIRECTION ( 'NONE',  ( 0.0000000000000000000, -0.0000000000000000000, -1.000000000000000000 ) ) ;
#5092 = LINE ( 'NONE', #6586, #2280 ) ;
#5093 = FACE_OUTER_BOUND ( 'NONE', #875, .T. ) ;
#5094 = LINE ( 'NONE', #6068, #3703 ) ;
#5095 = VECTOR ( 'NONE', #333, 1000.000000000000000 ) ;
#5096 = CARTESIAN_POINT ( 'NONE',  ( -2.879999999999999900, -2.200000000000000200, 5.000000000000002700 ) ) ;
#5097 = ORIENTED_EDGE ( 'NONE', *, *, #1881, .F. ) ;
#5098 = CARTESIAN_POINT ( 'NONE',  ( -1.043860116843177100, -0.05000000000000000300, 1.839999999999999600 ) ) ;
#5099 = EDGE_CURVE ( 'NONE', #4725, #1808, #619, .T. ) ;
#5100 = ORIENTED_EDGE ( 'NONE', *, *, #3291, .F. ) ;
#5101 = DIRECTION ( 'NONE',  ( 0.7071067811865374700, 0.0000000000000000000, -0.7071067811865576800 ) ) ;
#5102 = EDGE_CURVE ( 'NONE', #3494, #2227, #4689, .T. ) ;
#5103 = DIRECTION ( 'NONE',  ( 0.0000000000000000000, 1.000000000000000000, 0.0000000000000000000 ) ) ;
#5104 = EDGE_CURVE ( 'NONE', #4432, #4870, #281, .T. ) ;
#5105 = VECTOR ( 'NONE', #1584, 1000.000000000000000 ) ;
#5106 = VERTEX_POINT ( 'NONE', #5421 ) ;
#5107 = LINE ( 'NONE', #3045, #881 ) ;
#5108 = SURFACE_STYLE_FILL_AREA ( #3313 ) ;
#5109 = ORIENTED_EDGE ( 'NONE', *, *, #6910, .F. ) ;
#5110 = DIRECTION ( 'NONE',  ( 1.000000000000000000, -0.0000000000000000000, 0.0000000000000000000 ) ) ;
#5111 = COLOUR_RGB ( '',0.9882352941176471000, 0.7372549019607843600, 0.5137254901960783800 ) ;
#5112 = AXIS2_PLACEMENT_3D ( 'NONE', #149, #3343, #168 ) ;
#5113 = SURFACE_SIDE_STYLE ('',( #789 ) ) ;
#5114 = AXIS2_PLACEMENT_3D ( 'NONE', #603, #1896, #3481 ) ;
#5115 = PLANE ( 'NONE',  #5743 ) ;
#5116 = CARTESIAN_POINT ( 'NONE',  ( -9.855445003483749700, -2.200000000000000200, 0.01782600801236681300 ) ) ;
#5117 = CARTESIAN_POINT ( 'NONE',  ( 3.764886775781080000E-016, -3.050000000000000300, -9.591503366463465200 ) ) ;
#5118 = EDGE_CURVE ( 'NONE', #3673, #1771, #4352, .T. ) ;
#5119 = CARTESIAN_POINT ( 'NONE',  ( -3.450000000000000200, -3.000000000000000000, -3.800000000000001200 ) ) ;
#5120 = FACE_OUTER_BOUND ( 'NONE', #1650, .T. ) ;
#5121 = DIRECTION ( 'NONE',  ( 0.0000000000000000000, -0.0000000000000000000, 1.000000000000000000 ) ) ;
#5122 = ADVANCED_FACE ( 'NONE', ( #1546 ), #663, .F. ) ;
#5123 = ORIENTED_EDGE ( 'NONE', *, *, #3214, .T. ) ;
#5124 = EDGE_LOOP ( 'NONE', ( #6479, #2589, #5037, #2287 ) ) ;
#5125 = ORIENTED_EDGE ( 'NONE', *, *, #2828, .F. ) ;
#5126 = DIRECTION ( 'NONE',  ( 0.0000000000000000000, 0.0000000000000000000, 1.000000000000000000 ) ) ;
#5127 = ORIENTED_EDGE ( 'NONE', *, *, #341, .F. ) ;
#5128 = ORIENTED_EDGE ( 'NONE', *, *, #4309, .F. ) ;
#5129 = VERTEX_POINT ( 'NONE', #1757 ) ;
#5130 = CARTESIAN_POINT ( 'NONE',  ( -9.855445003483749700, -2.200000000000000200, -4.000000000000000000 ) ) ;
#5131 = FACE_OUTER_BOUND ( 'NONE', #1249, .T. ) ;
#5132 = ORIENTED_EDGE ( 'NONE', *, *, #6304, .T. ) ;
#5133 = PLANE ( 'NONE',  #2495 ) ;
#5134 = PLANE ( 'NONE',  #5309 ) ;
#5135 = ADVANCED_FACE ( 'NONE', ( #6531 ), #4381, .T. ) ;
#5136 = LINE ( 'NONE', #6665, #6496 ) ;
#5137 = CARTESIAN_POINT ( 'NONE',  ( -1.439999999999999900, -2.149999999999999900, 5.000000000000000000 ) ) ;
#5138 = CARTESIAN_POINT ( 'NONE',  ( -0.3250000000000008400, -2.149999999999999900, -4.999999999999999100 ) ) ;
#5139 = VECTOR ( 'NONE', #1166, 1000.000000000000000 ) ;
#5140 = EDGE_CURVE ( 'NONE', #6867, #612, #2436, .T. ) ;
#5141 = CARTESIAN_POINT ( 'NONE',  ( -0.8556169347761272100, -0.05000000000000000300, -0.3304486680763911700 ) ) ;
#5142 = LINE ( 'NONE', #4699, #4962 ) ;
#5143 = PLANE ( 'NONE',  #6480 ) ;
#5144 = PLANE ( 'NONE',  #2356 ) ;
#5145 = FACE_OUTER_BOUND ( 'NONE', #6377, .T. ) ;
#5146 = CARTESIAN_POINT ( 'NONE',  ( -1.889999999999999900, -3.050000000000000300, -3.800000000000001200 ) ) ;
#5147 = CARTESIAN_POINT ( 'NONE',  ( 1.114999999999999300, -2.200000000000000200, -4.999999999999999100 ) ) ;
#5148 = AXIS2_PLACEMENT_3D ( 'NONE', #6119, #2917, #6652 ) ;
#5149 = UNCERTAINTY_MEASURE_WITH_UNIT (LENGTH_MEASURE( 1.000000000000000100E-005 ), #232, 'distance_accuracy_value', 'NONE');
#5150 = DIRECTION ( 'NONE',  ( -1.000000000000000000, 0.0000000000000000000, -0.0000000000000000000 ) ) ;
#5151 = FILL_AREA_STYLE ('',( #908 ) ) ;
#5152 =( GEOMETRIC_REPRESENTATION_CONTEXT ( 3 ) GLOBAL_UNCERTAINTY_ASSIGNED_CONTEXT ( ( #5149 ) ) GLOBAL_UNIT_ASSIGNED_CONTEXT ( ( #232, #3942, #757 ) ) REPRESENTATION_CONTEXT ( 'NONE', 'WORKASPACE' ) );
#5153 = DIRECTION ( 'NONE',  ( -1.000000000000000000, -0.0000000000000000000, 0.0000000000000000000 ) ) ;
#5154 = DIRECTION ( 'NONE',  ( -0.6960974656540907000, 0.0000000000000000000, 0.7179472949388082700 ) ) ;
#5155 = ADVANCED_FACE ( 'NONE', ( #1041 ), #6367, .F. ) ;
#5156 = DIRECTION ( 'NONE',  ( 1.067730705296405600E-015, -0.0000000000000000000, 1.000000000000000000 ) ) ;
#5157 = LINE ( 'NONE', #5460, #6751 ) ;
#5158 = AXIS2_PLACEMENT_3D ( 'NONE', #5438, #2260, #5992 ) ;
#5159 = EDGE_CURVE ( 'NONE', #5836, #6130, #5092, .T. ) ;
#5160 = ORIENTED_EDGE ( 'NONE', *, *, #4760, .T. ) ;
#5161 = ORIENTED_EDGE ( 'NONE', *, *, #1634, .F. ) ;
#5162 = DIRECTION ( 'NONE',  ( -1.000000000000000000, 0.0000000000000000000, -0.0000000000000000000 ) ) ;
#5163 = DIRECTION ( 'NONE',  ( -1.000000000000000000, 0.0000000000000000000, -0.0000000000000000000 ) ) ;
#5164 = CARTESIAN_POINT ( 'NONE',  ( 0.4499999999999990700, -2.200000000000000200, -4.000000000000000000 ) ) ;
#5165 = CARTESIAN_POINT ( 'NONE',  ( -3.450000000000000200, -3.000000000000000000, 3.800000000000001200 ) ) ;
#5166 = ADVANCED_FACE ( 'NONE', ( #4927 ), #5490, .T. ) ;
#5167 = STYLED_ITEM ( 'NONE', ( #4538 ), #3383 ) ;
#5168 = ORIENTED_EDGE ( 'NONE', *, *, #215, .F. ) ;
#5169 = CARTESIAN_POINT ( 'NONE',  ( -1.537150042257976500, 0.0000000000000000000, -0.4964216843475581800 ) ) ;
#5170 = VERTEX_POINT ( 'NONE', #197 ) ;
#5171 = DIRECTION ( 'NONE',  ( -1.000000000000000000, -0.0000000000000000000, 0.0000000000000000000 ) ) ;
#5172 = CARTESIAN_POINT ( 'NONE',  ( 0.4499999999999992900, -2.149999999999999900, -4.000000000000000000 ) ) ;
#5173 = PRESENTATION_STYLE_ASSIGNMENT (( #5549 ) ) ;
#5174 = DIRECTION ( 'NONE',  ( 0.0000000000000000000, -1.000000000000000000, 0.0000000000000000000 ) ) ;
#5175 = CARTESIAN_POINT ( 'NONE',  ( -1.889999999999999200, -2.200000000000000200, 5.000000000000000900 ) ) ;
#5176 = LINE ( 'NONE', #2058, #3923 ) ;
#5177 = DIRECTION ( 'NONE',  ( 0.0000000000000000000, 1.000000000000000000, 0.0000000000000000000 ) ) ;
#5178 = ORIENTED_EDGE ( 'NONE', *, *, #1822, .T. ) ;
#5179 = CARTESIAN_POINT ( 'NONE',  ( 0.4262663950270749700, 0.0000000000000000000, 1.839999999999999600 ) ) ;
#5180 = SURFACE_STYLE_USAGE ( .BOTH. , #1481 ) ;
#5181 = VECTOR ( 'NONE', #2131, 1000.000000000000000 ) ;
#5182 = CIRCLE ( 'NONE', #6332, 0.3249999999999997900 ) ;
#5183 = LINE ( 'NONE', #6812, #1354 ) ;
#5184 = EDGE_LOOP ( 'NONE', ( #6429, #414, #4685, #1609 ) ) ;
#5185 = ORIENTED_EDGE ( 'NONE', *, *, #713, .T. ) ;
#5186 = CARTESIAN_POINT ( 'NONE',  ( 0.9899999999999961100, -2.149999999999999900, -4.000000000000000000 ) ) ;
#5187 = ORIENTED_EDGE ( 'NONE', *, *, #3017, .F. ) ;
#5188 = ORIENTED_EDGE ( 'NONE', *, *, #322, .T. ) ;
#5189 = VERTEX_POINT ( 'NONE', #1270 ) ;
#5190 = AXIS2_PLACEMENT_3D ( 'NONE', #1562, #5259, #2079 ) ;
#5191 = VECTOR ( 'NONE', #1916, 1000.000000000000000 ) ;
#5192 = CARTESIAN_POINT ( 'NONE',  ( -4.430374862372909600, -0.05000000000000000300, 4.681623273950448200 ) ) ;
#5193 = CARTESIAN_POINT ( 'NONE',  ( -0.4500000000000025100, -2.149999999999999900, 0.01782600801236681300 ) ) ;
#5194 = EDGE_LOOP ( 'NONE', ( #3728, #3917, #3548, #2744 ) ) ;
#5195 = PRESENTATION_STYLE_ASSIGNMENT (( #738 ) ) ;
#5196 = LINE ( 'NONE', #5279, #3794 ) ;
#5197 = ADVANCED_FACE ( 'NONE', ( #868 ), #4975, .F. ) ;
#5198 = ORIENTED_EDGE ( 'NONE', *, *, #2931, .T. ) ;
#5199 = AXIS2_PLACEMENT_3D ( 'NONE', #2074, #5800, #2605 ) ;
#5200 = CARTESIAN_POINT ( 'NONE',  ( 0.0000000000000000000, -2.149999999999999900, 5.000000000000000900 ) ) ;
#5201 = VECTOR ( 'NONE', #3156, 1000.000000000000000 ) ;
#5202 = ORIENTED_EDGE ( 'NONE', *, *, #23, .T. ) ;
#5203 = CARTESIAN_POINT ( 'NONE',  ( 1.764999999999998600, -3.050000000000000300, -4.999999999999999100 ) ) ;
#5204 = VERTEX_POINT ( 'NONE', #3395 ) ;
#5205 = FILL_AREA_STYLE ('',( #4682 ) ) ;
#5206 = EDGE_CURVE ( 'NONE', #557, #2210, #3515, .T. ) ;
#5207 = AXIS2_PLACEMENT_3D ( 'NONE', #5998, #3846, #2798 ) ;
#5208 = DIRECTION ( 'NONE',  ( -1.000000000000000000, 0.0000000000000000000, -0.0000000000000000000 ) ) ;
#5209 = ADVANCED_FACE ( 'NONE', ( #689 ), #4470, .T. ) ;
#5210 = VECTOR ( 'NONE', #5920, 1000.000000000000000 ) ;
#5211 = ORIENTED_EDGE ( 'NONE', *, *, #1076, .F. ) ;
#5212 = CARTESIAN_POINT ( 'NONE',  ( 1.749446340638911400, 1.016439536705160400E-017, -2.539999999999998700 ) ) ;
#5213 = ORIENTED_EDGE ( 'NONE', *, *, #2296, .T. ) ;
#5214 = EDGE_CURVE ( 'NONE', #5521, #4618, #3701, .T. ) ;
#5215 = CARTESIAN_POINT ( 'NONE',  ( -1.689844449592063000, -0.05000000000000000300, 0.3695513319236006800 ) ) ;
#5216 = VECTOR ( 'NONE', #5905, 1000.000000000000000 ) ;
#5217 = FILL_AREA_STYLE_COLOUR ( '', #3003 ) ;
#5218 = DIRECTION ( 'NONE',  ( 0.0000000000000000000, 0.0000000000000000000, 1.000000000000000000 ) ) ;
#5219 = EDGE_CURVE ( 'NONE', #1084, #5635, #2109, .T. ) ;
#5220 = ORIENTED_EDGE ( 'NONE', *, *, #6243, .T. ) ;
#5221 = ORIENTED_EDGE ( 'NONE', *, *, #9, .F. ) ;
#5222 = EDGE_CURVE ( 'NONE', #1747, #1403, #3346, .T. ) ;
#5223 = UNCERTAINTY_MEASURE_WITH_UNIT (LENGTH_MEASURE( 1.000000000000000100E-005 ), #2399, 'distance_accuracy_value', 'NONE');
#5224 = CARTESIAN_POINT ( 'NONE',  ( 1.439999999999999900, -2.149999999999999900, 5.000000000000000900 ) ) ;
#5225 = COLOUR_RGB ( '',1.000000000000000000, 0.7529411764705882200, 0.0000000000000000000 ) ;
#5226 = DIRECTION ( 'NONE',  ( 0.0000000000000000000, 0.0000000000000000000, 1.000000000000000000 ) ) ;
#5227 = EDGE_CURVE ( 'NONE', #2669, #5768, #1944, .T. ) ;
#5228 = PLANE ( 'NONE',  #1296 ) ;
#5229 = CARTESIAN_POINT ( 'NONE',  ( 0.9730396196166182200, 0.0000000000000000000, -0.3354884696702038500 ) ) ;
#5230 = VECTOR ( 'NONE', #6863, 1000.000000000000000 ) ;
#5231 = CARTESIAN_POINT ( 'NONE',  ( 1.890000000000000800, -2.200000000000000200, -4.000000000000000000 ) ) ;
#5232 = ADVANCED_FACE ( 'NONE', ( #6026 ), #5025, .F. ) ;
#5233 = VERTEX_POINT ( 'NONE', #1845 ) ;
#5234 = CARTESIAN_POINT ( 'NONE',  ( 1.204557019264813400, 0.0000000000000000000, -1.648488889220257400 ) ) ;
#5235 = DIRECTION ( 'NONE',  ( 0.0000000000000000000, -0.0000000000000000000, 1.000000000000000000 ) ) ;
#5236 =( LENGTH_UNIT ( ) NAMED_UNIT ( * ) SI_UNIT ( .MILLI., .METRE. ) );
#5237 = PLANE ( 'NONE',  #1012 ) ;
#5238 = ORIENTED_EDGE ( 'NONE', *, *, #6066, .T. ) ;
#5239 = CARTESIAN_POINT ( 'NONE',  ( -3.330000000000000500, -2.149999999999999900, 5.000000000000000900 ) ) ;
#5240 = CIRCLE ( 'NONE', #6547, 0.3249999999999997900 ) ;
#5241 = ORIENTED_EDGE ( 'NONE', *, *, #4173, .T. ) ;
#5242 = CARTESIAN_POINT ( 'NONE',  ( -0.9899999999999986600, -3.000000000000000000, -4.999999999999999100 ) ) ;
#5243 = EDGE_CURVE ( 'NONE', #723, #2088, #363, .T. ) ;
#5244 = EDGE_CURVE ( 'NONE', #1736, #5106, #1776, .T. ) ;
#5245 = DIRECTION ( 'NONE',  ( 0.0000000000000000000, 1.000000000000000000, 0.0000000000000000000 ) ) ;
#5246 = ORIENTED_EDGE ( 'NONE', *, *, #3323, .F. ) ;
#5247 = ORIENTED_EDGE ( 'NONE', *, *, #1055, .F. ) ;
#5248 = DIRECTION ( 'NONE',  ( 0.0000000000000000000, 0.0000000000000000000, 1.000000000000000000 ) ) ;
#5249 = EDGE_CURVE ( 'NONE', #2545, #391, #5863, .T. ) ;
#5250 = ORIENTED_EDGE ( 'NONE', *, *, #3823, .T. ) ;
#5251 = EDGE_CURVE ( 'NONE', #2914, #5854, #1621, .T. ) ;
#5252 = VERTEX_POINT ( 'NONE', #6128 ) ;
#5253 = LINE ( 'NONE', #5646, #5077 ) ;
#5254 = DIRECTION ( 'NONE',  ( 0.7660444431189773500, 0.0000000000000000000, 0.6427876096865401400 ) ) ;
#5255 = VECTOR ( 'NONE', #3238, 1000.000000000000000 ) ;
#5256 = DIRECTION ( 'NONE',  ( 1.000000000000000000, 0.0000000000000000000, -0.0000000000000000000 ) ) ;
#5257 = CARTESIAN_POINT ( 'NONE',  ( -1.439999999999999900, -2.200000000000000200, 4.675000000000000700 ) ) ;
#5258 = CARTESIAN_POINT ( 'NONE',  ( 1.239153049900265600, 0.0000000000000000000, 2.186446609406700300 ) ) ;
#5259 = DIRECTION ( 'NONE',  ( -1.000000000000000000, 0.0000000000000000000, 3.903127820947816000E-015 ) ) ;
#5260 = VECTOR ( 'NONE', #1817, 1000.000000000000000 ) ;
#5261 = VECTOR ( 'NONE', #1990, 1000.000000000000000 ) ;
#5262 = CARTESIAN_POINT ( 'NONE',  ( 0.9899999999999977700, -2.149999999999999900, 0.01782600801236681300 ) ) ;
#5263 = LINE ( 'NONE', #3152, #6358 ) ;
#5264 = ORIENTED_EDGE ( 'NONE', *, *, #2392, .T. ) ;
#5265 = PLANE ( 'NONE',  #799 ) ;
#5266 = PLANE ( 'NONE',  #2010 ) ;
#5267 = ORIENTED_EDGE ( 'NONE', *, *, #2360, .F. ) ;
#5268 = LINE ( 'NONE', #6187, #3856 ) ;
#5269 = EDGE_CURVE ( 'NONE', #1482, #2368, #5681, .T. ) ;
#5270 = VECTOR ( 'NONE', #5545, 1000.000000000000000 ) ;
#5271 = FACE_OUTER_BOUND ( 'NONE', #426, .T. ) ;
#5272 = LINE ( 'NONE', #5560, #1046 ) ;
#5273 = VECTOR ( 'NONE', #1391, 1000.000000000000000 ) ;
#5274 = VERTEX_POINT ( 'NONE', #825 ) ;
#5275 = ORIENTED_EDGE ( 'NONE', *, *, #4084, .F. ) ;
#5276 = ORIENTED_EDGE ( 'NONE', *, *, #5554, .F. ) ;
#5277 = DIRECTION ( 'NONE',  ( 0.0000000000000000000, 0.0000000000000000000, 1.000000000000000000 ) ) ;
#5278 = LINE ( 'NONE', #5239, #3866 ) ;
#5279 = CARTESIAN_POINT ( 'NONE',  ( 0.3249999999999985700, -2.149999999999999900, -4.999999999999999100 ) ) ;
#5280 = VERTEX_POINT ( 'NONE', #1358 ) ;
#5281 = LINE ( 'NONE', #3555, #293 ) ;
#5282 = FACE_BOUND ( 'NONE', #4348, .T. ) ;
#5283 = CARTESIAN_POINT ( 'NONE',  ( -1.764999999999999700, -3.050000000000000300, 5.000000000000000900 ) ) ;
#5284 = ORIENTED_EDGE ( 'NONE', *, *, #3750, .T. ) ;
#5285 = AXIS2_PLACEMENT_3D ( 'NONE', #5990, #2793, #6522 ) ;
#5286 = DIRECTION ( 'NONE',  ( -4.650144802115173900E-017, 0.0000000000000000000, 1.000000000000000000 ) ) ;
#5287 = VECTOR ( 'NONE', #3507, 1000.000000000000000 ) ;
#5288 = AXIS2_PLACEMENT_3D ( 'NONE', #4156, #4688, #1517 ) ;
#5289 = CARTESIAN_POINT ( 'NONE',  ( 3.329999999999996500, -2.149999999999999900, -4.999999999999999100 ) ) ;
#5290 = CARTESIAN_POINT ( 'NONE',  ( 1.061714443247939300, -0.05000000000000000300, 6.776263578034402700E-017 ) ) ;
#5291 = CARTESIAN_POINT ( 'NONE',  ( 2.430000000000000200, -2.149999999999999900, 4.000000000000000000 ) ) ;
#5292 = VECTOR ( 'NONE', #3347, 1000.000000000000000 ) ;
#5293 = DIRECTION ( 'NONE',  ( 1.000000000000000000, -0.0000000000000000000, 0.0000000000000000000 ) ) ;
#5294 = ORIENTED_EDGE ( 'NONE', *, *, #4893, .T. ) ;
#5295 = EDGE_LOOP ( 'NONE', ( #3486, #6754, #760, #3023, #5841, #5012 ) ) ;
#5296 = AXIS2_PLACEMENT_3D ( 'NONE', #5313, #5852, #2660 ) ;
#5297 = ORIENTED_EDGE ( 'NONE', *, *, #3422, .T. ) ;
#5298 = ORIENTED_EDGE ( 'NONE', *, *, #5892, .F. ) ;
#5299 = FACE_OUTER_BOUND ( 'NONE', #5872, .T. ) ;
#5300 = ORIENTED_EDGE ( 'NONE', *, *, #554, .F. ) ;
#5301 = DIRECTION ( 'NONE',  ( -0.0000000000000000000, 0.0000000000000000000, 1.000000000000000000 ) ) ;
#5302 = AXIS2_PLACEMENT_3D ( 'NONE', #3273, #3818, #628 ) ;
#5303 =( NAMED_UNIT ( * ) PLANE_ANGLE_UNIT ( ) SI_UNIT ( $, .RADIAN. ) );
#5304 = LINE ( 'NONE', #5172, #3890 ) ;
#5305 = DIRECTION ( 'NONE',  ( 0.7071067811865581200, -0.0000000000000000000, 0.7071067811865369100 ) ) ;
#5306 = LINE ( 'NONE', #4865, #5139 ) ;
#5307 = VERTEX_POINT ( 'NONE', #1899 ) ;
#5308 = DIRECTION ( 'NONE',  ( 0.0000000000000000000, -1.000000000000000000, -0.0000000000000000000 ) ) ;
#5309 = AXIS2_PLACEMENT_3D ( 'NONE', #372, #4079, #912 ) ;
#5310 = DIRECTION ( 'NONE',  ( 2.602085213965210600E-015, 0.0000000000000000000, 1.000000000000000000 ) ) ;
#5311 = DIRECTION ( 'NONE',  ( 1.000000000000000000, 0.0000000000000000000, -0.0000000000000000000 ) ) ;
#5312 = FACE_OUTER_BOUND ( 'NONE', #3727, .T. ) ;
#5313 = CARTESIAN_POINT ( 'NONE',  ( -9.855445003483749700, -2.200000000000000200, 0.01782600801236681300 ) ) ;
#5314 = LINE ( 'NONE', #958, #2650 ) ;
#5315 = UNCERTAINTY_MEASURE_WITH_UNIT (LENGTH_MEASURE( 1.000000000000000100E-005 ), #3235, 'distance_accuracy_value', 'NONE');
#5316 = EDGE_CURVE ( 'NONE', #777, #1991, #32, .T. ) ;
#5317 = CARTESIAN_POINT ( 'NONE',  ( -3.450000000000000200, -3.000000000000000400, -4.999999999999999100 ) ) ;
#5318 = DIRECTION ( 'NONE',  ( 1.807003620809174900E-016, 0.0000000000000000000, 1.000000000000000000 ) ) ;
#5319 = CARTESIAN_POINT ( 'NONE',  ( 1.439999999999999900, -3.050000000000000300, 5.000000000000000900 ) ) ;
#5320 = EDGE_CURVE ( 'NONE', #1465, #4230, #1455, .T. ) ;
#5321 = DIRECTION ( 'NONE',  ( -0.6427876096865459100, 0.0000000000000000000, -0.7660444431189725700 ) ) ;
#5322 = CARTESIAN_POINT ( 'NONE',  ( -9.855445003483749700, -2.149999999999999900, -4.000000000000000000 ) ) ;
#5323 = VECTOR ( 'NONE', #4864, 1000.000000000000000 ) ;
#5324 = DIRECTION ( 'NONE',  ( 0.0000000000000000000, 1.000000000000000000, 0.0000000000000000000 ) ) ;
#5325 = ORIENTED_EDGE ( 'NONE', *, *, #4659, .F. ) ;
#5326 = ORIENTED_EDGE ( 'NONE', *, *, #5159, .T. ) ;
#5327 = CARTESIAN_POINT ( 'NONE',  ( -0.5211717993440884200, 1.185846126156020500E-017, -0.3500000000000002600 ) ) ;
#5328 = PLANE ( 'NONE',  #2312 ) ;
#5329 = CARTESIAN_POINT ( 'NONE',  ( -2.429999999999997900, -2.200000000000000200, 5.000000000000000900 ) ) ;
#5330 = ORIENTED_EDGE ( 'NONE', *, *, #1264, .F. ) ;
#5331 = EDGE_CURVE ( 'NONE', #4515, #3031, #5505, .T. ) ;
#5332 = CARTESIAN_POINT ( 'NONE',  ( -2.879999999999999900, -2.149999999999999900, 5.000000000000002700 ) ) ;
#5333 = CARTESIAN_POINT ( 'NONE',  ( -9.855445003483749700, -2.149999999999999900, 4.000000000000000000 ) ) ;
#5334 = EDGE_CURVE ( 'NONE', #5357, #5527, #2850, .T. ) ;
#5335 = EDGE_CURVE ( 'NONE', #2606, #1975, #6773, .T. ) ;
#5336 = DIRECTION ( 'NONE',  ( -0.0000000000000000000, -1.000000000000000000, -0.0000000000000000000 ) ) ;
#5337 = ORIENTED_EDGE ( 'NONE', *, *, #3995, .T. ) ;
#5338 = CARTESIAN_POINT ( 'NONE',  ( -0.4500000000000004600, -3.000000000000000400, 5.000000000000000900 ) ) ;
#5339 = VERTEX_POINT ( 'NONE', #4555 ) ;
#5340 = DIRECTION ( 'NONE',  ( 0.0000000000000000000, 1.000000000000000000, 0.0000000000000000000 ) ) ;
#5341 = AXIS2_PLACEMENT_3D ( 'NONE', #2534, #1950, #6797 ) ;
#5342 = VECTOR ( 'NONE', #5110, 1000.000000000000000 ) ;
#5343 = EDGE_CURVE ( 'NONE', #3506, #6903, #2529, .T. ) ;
#5344 = LINE ( 'NONE', #1504, #1119 ) ;
#5345 = CARTESIAN_POINT ( 'NONE',  ( -0.9899999999999988800, -3.050000000000000300, 3.800000000000001200 ) ) ;
#5346 = EDGE_CURVE ( 'NONE', #1461, #5011, #5350, .T. ) ;
#5347 = CARTESIAN_POINT ( 'NONE',  ( -2.879999999999999900, -2.149999999999999900, 5.000000000000002700 ) ) ;
#5348 = LINE ( 'NONE', #1607, #6609 ) ;
#5349 = LINE ( 'NONE', #1061, #2692 ) ;
#5350 = LINE ( 'NONE', #3509, #2693 ) ;
#5351 = MANIFOLD_SOLID_BREP ( 'Imported7', #5591 ) ;
#5352 = DIRECTION ( 'NONE',  ( 1.000000000000000000, 0.0000000000000000000, -0.0000000000000000000 ) ) ;
#5353 = CARTESIAN_POINT ( 'NONE',  ( -3.450000000000000200, -2.200000000000000200, -4.999999999999999100 ) ) ;
#5354 = ORIENTED_EDGE ( 'NONE', *, *, #2517, .T. ) ;
#5355 = VERTEX_POINT ( 'NONE', #6207 ) ;
#5356 = CARTESIAN_POINT ( 'NONE',  ( -2.429999999999999700, -2.149999999999999900, 4.000000000000000000 ) ) ;
#5357 = VERTEX_POINT ( 'NONE', #5147 ) ;
#5358 = ORIENTED_EDGE ( 'NONE', *, *, #2517, .F. ) ;
#5359 = DIRECTION ( 'NONE',  ( -0.7660444431189774600, 0.0000000000000000000, 0.6427876096865399200 ) ) ;
#5360 = VECTOR ( 'NONE', #284, 1000.000000000000000 ) ;
#5361 = CARTESIAN_POINT ( 'NONE',  ( -8.358723224855744100, -0.05000000000000000300, -5.392625304991305800E-016 ) ) ;
#5362 = FACE_OUTER_BOUND ( 'NONE', #3626, .T. ) ;
#5363 = CARTESIAN_POINT ( 'NONE',  ( 3.330000000000001800, -3.000000000000000000, -4.999999999999999100 ) ) ;
#5364 = ORIENTED_EDGE ( 'NONE', *, *, #4946, .F. ) ;
#5365 = CARTESIAN_POINT ( 'NONE',  ( 0.6177775058068205600, 0.0000000000000000000, 1.679303097578368700 ) ) ;
#5366 = ORIENTED_EDGE ( 'NONE', *, *, #3651, .F. ) ;
#5367 = FACE_OUTER_BOUND ( 'NONE', #144, .T. ) ;
#5368 = AXIS2_PLACEMENT_3D ( 'NONE', #4320, #1153, #4841 ) ;
#5369 = ORIENTED_EDGE ( 'NONE', *, *, #3185, .F. ) ;
#5370 = CARTESIAN_POINT ( 'NONE',  ( -0.9900000000000011000, -2.149999999999999900, -4.999999999999999100 ) ) ;
#5371 = EDGE_CURVE ( 'NONE', #3160, #2808, #6098, .T. ) ;
#5372 = VECTOR ( 'NONE', #3107, 1000.000000000000000 ) ;
#5373 = CARTESIAN_POINT ( 'NONE',  ( 0.6177775058068204500, -0.05000000000000000300, 1.679303097578368700 ) ) ;
#5374 = LINE ( 'NONE', #5353, #3948 ) ;
#5375 = ORIENTED_EDGE ( 'NONE', *, *, #1783, .F. ) ;
#5376 = ORIENTED_EDGE ( 'NONE', *, *, #4301, .F. ) ;
#5377 = CARTESIAN_POINT ( 'NONE',  ( -0.9899999999999986600, -3.050000000000000300, -5.000000000000000000 ) ) ;
#5378 = EDGE_CURVE ( 'NONE', #276, #4323, #6611, .T. ) ;
#5379 = DIRECTION ( 'NONE',  ( -0.7071067811865292500, 0.0000000000000000000, -0.7071067811865657800 ) ) ;
#5380 = VECTOR ( 'NONE', #4820, 1000.000000000000000 ) ;
#5381 = PLANE ( 'NONE',  #842 ) ;
#5382 = ORIENTED_EDGE ( 'NONE', *, *, #3448, .F. ) ;
#5383 = ORIENTED_EDGE ( 'NONE', *, *, #2276, .F. ) ;
#5384 = EDGE_LOOP ( 'NONE', ( #2228, #4935, #3325, #1105, #6084, #4274, #3782 ) ) ;
#5385 = PLANE ( 'NONE',  #1258 ) ;
#5386 = DIRECTION ( 'NONE',  ( -0.0000000000000000000, -1.000000000000000000, -0.0000000000000000000 ) ) ;
#5387 = DIRECTION ( 'NONE',  ( -0.0000000000000000000, 1.000000000000000000, 0.0000000000000000000 ) ) ;
#5388 = EDGE_CURVE ( 'NONE', #3984, #4011, #3274, .T. ) ;
#5389 = PRESENTATION_STYLE_ASSIGNMENT (( #3468 ) ) ;
#5390 = FACE_OUTER_BOUND ( 'NONE', #2766, .T. ) ;
#5391 = VERTEX_POINT ( 'NONE', #388 ) ;
#5392 =( NAMED_UNIT ( * ) SI_UNIT ( $, .STERADIAN. ) SOLID_ANGLE_UNIT ( ) );
#5393 = CARTESIAN_POINT ( 'NONE',  ( 0.9900000000000013200, -2.149999999999999900, 5.000000000000000900 ) ) ;
#5394 = SURFACE_STYLE_USAGE ( .BOTH. , #1695 ) ;
#5395 = EDGE_LOOP ( 'NONE', ( #4921, #4604, #2640, #3805 ) ) ;
#5396 = CARTESIAN_POINT ( 'NONE',  ( -0.9899999999999995500, -2.149999999999999900, 4.000000000000000000 ) ) ;
#5397 = CARTESIAN_POINT ( 'NONE',  ( 0.4500000000000007300, -2.149999999999999900, 4.000000000000000000 ) ) ;
#5398 = PLANE ( 'NONE',  #4253 ) ;
#5399 = VECTOR ( 'NONE', #3629, 1000.000000000000000 ) ;
#5400 = DIRECTION ( 'NONE',  ( 0.0000000000000000000, -0.0000000000000000000, -1.000000000000000000 ) ) ;
#5401 = CARTESIAN_POINT ( 'NONE',  ( -0.9899999999999856700, -2.149999999999999900, 0.01782600801233413100 ) ) ;
#5402 = ORIENTED_EDGE ( 'NONE', *, *, #6707, .T. ) ;
#5403 = VERTEX_POINT ( 'NONE', #4095 ) ;
#5404 = CARTESIAN_POINT ( 'NONE',  ( 3.330000000000001400, -3.050000000000000300, -5.000000000000000000 ) ) ;
#5405 = PRESENTATION_LAYER_ASSIGNMENT (  '', '', ( #5775 ) ) ;
#5406 = VERTEX_POINT ( 'NONE', #1467 ) ;
#5407 = ORIENTED_EDGE ( 'NONE', *, *, #54, .T. ) ;
#5408 = ORIENTED_EDGE ( 'NONE', *, *, #3111, .T. ) ;
#5409 = CARTESIAN_POINT ( 'NONE',  ( -2.430000000000000600, -2.200000000000000200, -4.000000000000000000 ) ) ;
#5410 = CARTESIAN_POINT ( 'NONE',  ( 0.3249999999999985100, -3.050000000000000300, -4.999999999999999100 ) ) ;
#5411 = LINE ( 'NONE', #5059, #1346 ) ;
#5412 = EDGE_CURVE ( 'NONE', #6080, #588, #447, .T. ) ;
#5413 = DIRECTION ( 'NONE',  ( 0.0000000000000000000, 1.000000000000000000, 0.0000000000000000000 ) ) ;
#5414 = STYLED_ITEM ( 'NONE', ( #2456 ), #3602 ) ;
#5415 = LINE ( 'NONE', #31, #3996 ) ;
#5416 = CARTESIAN_POINT ( 'NONE',  ( -0.4499999999999992900, -2.200000000000000200, -4.000000000000000000 ) ) ;
#5417 = CARTESIAN_POINT ( 'NONE',  ( -9.855445003483749700, -2.149999999999999900, 4.000000000000000000 ) ) ;
#5418 = DIRECTION ( 'NONE',  ( -0.0000000000000000000, 1.000000000000000000, 0.0000000000000000000 ) ) ;
#5419 = VECTOR ( 'NONE', #4408, 1000.000000000000000 ) ;
#5420 = CARTESIAN_POINT ( 'NONE',  ( -3.450000000000000200, -2.200000000000000200, -4.999999999999999100 ) ) ;
#5421 = CARTESIAN_POINT ( 'NONE',  ( -0.9382855567520612700, 2.202285662861180900E-017, 4.859620590941376200E-017 ) ) ;
#5422 = CARTESIAN_POINT ( 'NONE',  ( 0.4500000000000007300, -2.149999999999999900, 0.01782600801236681300 ) ) ;
#5423 = VECTOR ( 'NONE', #2983, 1000.000000000000000 ) ;
#5424 = VECTOR ( 'NONE', #6268, 1000.000000000000000 ) ;
#5425 = ORIENTED_EDGE ( 'NONE', *, *, #3195, .F. ) ;
#5426 = EDGE_CURVE ( 'NONE', #989, #2668, #3108, .T. ) ;
#5427 = VERTEX_POINT ( 'NONE', #1992 ) ;
#5428 = VECTOR ( 'NONE', #2394, 1000.000000000000000 ) ;
#5429 = VERTEX_POINT ( 'NONE', #3061 ) ;
#5430 = VECTOR ( 'NONE', #4702, 1000.000000000000000 ) ;
#5431 = CIRCLE ( 'NONE', #1116, 0.3249999999999997900 ) ;
#5432 = VECTOR ( 'NONE', #4581, 1000.000000000000000 ) ;
#5433 = ORIENTED_EDGE ( 'NONE', *, *, #5921, .F. ) ;
#5434 = CARTESIAN_POINT ( 'NONE',  ( -0.4500000000000011800, -3.000000000000000400, -4.999999999999999100 ) ) ;
#5435 = DIRECTION ( 'NONE',  ( 0.0000000000000000000, 0.0000000000000000000, 1.000000000000000000 ) ) ;
#5436 = EDGE_LOOP ( 'NONE', ( #6613, #778, #187, #3943, #3545, #949, #2087, #649 ) ) ;
#5437 = VECTOR ( 'NONE', #2569, 1000.000000000000000 ) ;
#5438 = CARTESIAN_POINT ( 'NONE',  ( 1.439999999999999900, -2.200000000000000200, 5.000000000000000900 ) ) ;
#5440 = EDGE_CURVE ( 'NONE', #4327, #1975, #4343, .T. ) ;
#5439 = ORIENTED_EDGE ( 'NONE', *, *, #2191, .T. ) ;
#5441 = VECTOR ( 'NONE', #384, 1000.000000000000000 ) ;
#5442 = CARTESIAN_POINT ( 'NONE',  ( -0.4500000000000007300, -2.149999999999999900, 0.01782600801236681300 ) ) ;
#5443 = DIRECTION ( 'NONE',  ( 0.0000000000000000000, 1.000000000000000000, -0.0000000000000000000 ) ) ;
#5444 = VECTOR ( 'NONE', #5087, 1000.000000000000000 ) ;
#5445 = ORIENTED_EDGE ( 'NONE', *, *, #1173, .F. ) ;
#5446 =( NAMED_UNIT ( * ) SI_UNIT ( $, .STERADIAN. ) SOLID_ANGLE_UNIT ( ) );
#5447 = COLOUR_RGB ( '',0.7529411764705882200, 0.7529411764705882200, 0.7529411764705882200 ) ;
#5448 = DIRECTION ( 'NONE',  ( -1.000000000000000000, 0.0000000000000000000, -0.0000000000000000000 ) ) ;
#5449 = DIRECTION ( 'NONE',  ( 0.0000000000000000000, 1.000000000000000000, 0.0000000000000000000 ) ) ;
#5450 = PLANE ( 'NONE',  #1617 ) ;
#5451 = PLANE ( 'NONE',  #522 ) ;
#5452 = VERTEX_POINT ( 'NONE', #4124 ) ;
#5453 = ORIENTED_EDGE ( 'NONE', *, *, #6786, .T. ) ;
#5454 = AXIS2_PLACEMENT_3D ( 'NONE', #1798, #4642, #1475 ) ;
#5455 = ORIENTED_EDGE ( 'NONE', *, *, #4110, .T. ) ;
#5456 = VERTEX_POINT ( 'NONE', #413 ) ;
#5457 = LINE ( 'NONE', #2235, #6724 ) ;
#5458 = EDGE_CURVE ( 'NONE', #262, #6080, #1538, .T. ) ;
#5459 = CARTESIAN_POINT ( 'NONE',  ( -1.115000000000001300, -2.200000000000000200, -4.999999999999999100 ) ) ;
#5460 = CARTESIAN_POINT ( 'NONE',  ( -0.5211717993440886400, -0.05000000000000000300, 0.3499999999999999200 ) ) ;
#5461 = EDGE_CURVE ( 'NONE', #3907, #6865, #5767, .T. ) ;
#5462 = EDGE_CURVE ( 'NONE', #4135, #3719, #5582, .T. ) ;
#5463 = LINE ( 'NONE', #4821, #2645 ) ;
#5464 = ORIENTED_EDGE ( 'NONE', *, *, #6138, .T. ) ;
#5465 = DIRECTION ( 'NONE',  ( 1.000000000000000000, 0.0000000000000000000, -0.0000000000000000000 ) ) ;
#5466 = DIRECTION ( 'NONE',  ( 0.0000000000000000000, 1.000000000000000000, 0.0000000000000000000 ) ) ;
#5467 = STYLED_ITEM ( 'NONE', ( #4259 ), #6704 ) ;
#5468 = AXIS2_PLACEMENT_3D ( 'NONE', #5096, #1925, #5632 ) ;
#5469 = VECTOR ( 'NONE', #1407, 1000.000000000000000 ) ;
#5470 = AXIS2_PLACEMENT_3D ( 'NONE', #877, #5649, #2474 ) ;
#5471 = DIRECTION ( 'NONE',  ( -0.0000000000000000000, -1.000000000000000000, -0.0000000000000000000 ) ) ;
#5472 = EDGE_CURVE ( 'NONE', #1403, #6464, #5183, .T. ) ;
#5473 = ORIENTED_EDGE ( 'NONE', *, *, #2964, .F. ) ;
#5474 = EDGE_CURVE ( 'NONE', #2667, #4562, #2927, .T. ) ;
#5475 = CARTESIAN_POINT ( 'NONE',  ( -5.219128515679586600, -0.05000000000000000300, 3.741623273950441600 ) ) ;
#5476 = VERTEX_POINT ( 'NONE', #5753 ) ;
#5477 = ADVANCED_FACE ( 'NONE', ( #6860 ), #6681, .F. ) ;
#5478 = COLOUR_RGB ( '',0.9882352941176471000, 0.7372549019607843600, 0.5137254901960783800 ) ;
#5479 = DIRECTION ( 'NONE',  ( -1.000000000000000000, -0.0000000000000000000, 0.0000000000000000000 ) ) ;
#5480 = PLANE ( 'NONE',  #3317 ) ;
#5481 = AXIS2_PLACEMENT_3D ( 'NONE', #2610, #6342, #3151 ) ;
#5482 = VECTOR ( 'NONE', #3813, 1000.000000000000000 ) ;
#5483 = DIRECTION ( 'NONE',  ( -1.000000000000000000, -0.0000000000000000000, -0.0000000000000000000 ) ) ;
#5484 = EDGE_CURVE ( 'NONE', #3326, #4830, #4003, .T. ) ;
#5485 = DIRECTION ( 'NONE',  ( -0.0000000000000000000, -1.000000000000000000, 0.0000000000000000000 ) ) ;
#5486 =( NAMED_UNIT ( * ) PLANE_ANGLE_UNIT ( ) SI_UNIT ( $, .RADIAN. ) );
#5487 = VERTEX_POINT ( 'NONE', #999 ) ;
#5488 = ORIENTED_EDGE ( 'NONE', *, *, #609, .F. ) ;
#5489 = ORIENTED_EDGE ( 'NONE', *, *, #5541, .F. ) ;
#5490 = PLANE ( 'NONE',  #4867 ) ;
#5491 = CARTESIAN_POINT ( 'NONE',  ( 2.430000000000000200, -3.050000000000000300, -3.800000000000000300 ) ) ;
#5492 = ORIENTED_EDGE ( 'NONE', *, *, #6504, .T. ) ;
#5493 = ORIENTED_EDGE ( 'NONE', *, *, #322, .F. ) ;
#5494 = CIRCLE ( 'NONE', #4786, 0.3249999999999997900 ) ;
#5495 = DIRECTION ( 'NONE',  ( 0.0000000000000000000, 1.000000000000000000, 0.0000000000000000000 ) ) ;
#5496 = CARTESIAN_POINT ( 'NONE',  ( 1.890000000000001000, -3.000000000000000000, -9.591503366463465200 ) ) ;
#5497 = VECTOR ( 'NONE', #6248, 1000.000000000000000 ) ;
#5498 = EDGE_LOOP ( 'NONE', ( #5565, #2562, #161, #3835 ) ) ;
#5499 = AXIS2_PLACEMENT_3D ( 'NONE', #6503, #129, #3839 ) ;
#5500 = EDGE_CURVE ( 'NONE', #2668, #2387, #1195, .T. ) ;
#5501 = FILL_AREA_STYLE_COLOUR ( '', #3011 ) ;
#5502 = VECTOR ( 'NONE', #6348, 1000.000000000000000 ) ;
#5503 = CARTESIAN_POINT ( 'NONE',  ( 2.429999999999995700, -2.149999999999999900, -4.000000000000000000 ) ) ;
#5504 = LINE ( 'NONE', #6875, #1454 ) ;
#5505 = LINE ( 'NONE', #4023, #1277 ) ;
#5506 = DIRECTION ( 'NONE',  ( -1.000000000000000000, 0.0000000000000000000, 2.222614453595282500E-015 ) ) ;
#5507 =( NAMED_UNIT ( * ) PLANE_ANGLE_UNIT ( ) SI_UNIT ( $, .RADIAN. ) );
#5508 = LINE ( 'NONE', #5537, #869 ) ;
#5509 = ADVANCED_FACE ( 'NONE', ( #1032 ), #5781, .T. ) ;
#5510 = ORIENTED_EDGE ( 'NONE', *, *, #2749, .F. ) ;
#5511 = DIRECTION ( 'NONE',  ( 0.0000000000000000000, 1.000000000000000000, 0.0000000000000000000 ) ) ;
#5512 = ORIENTED_EDGE ( 'NONE', *, *, #6467, .T. ) ;
#5513 = ORIENTED_EDGE ( 'NONE', *, *, #1540, .T. ) ;
#5514 = ORIENTED_EDGE ( 'NONE', *, *, #4248, .F. ) ;
#5515 = SURFACE_STYLE_FILL_AREA ( #2689 ) ;
#5516 = ORIENTED_EDGE ( 'NONE', *, *, #5118, .T. ) ;
#5517 = FILL_AREA_STYLE_COLOUR ( '', #1139 ) ;
#5518 = AXIS2_PLACEMENT_3D ( 'NONE', #104, #4883, #1721 ) ;
#5519 = ORIENTED_EDGE ( 'NONE', *, *, #5005, .T. ) ;
#5520 = FACE_OUTER_BOUND ( 'NONE', #725, .T. ) ;
#5521 = VERTEX_POINT ( 'NONE', #3647 ) ;
#5522 = VECTOR ( 'NONE', #4128, 1000.000000000000100 ) ;
#5523 = CARTESIAN_POINT ( 'NONE',  ( -1.890000000000004600, -2.149999999999999900, -4.000000000000000000 ) ) ;
#5524 = DIRECTION ( 'NONE',  ( -0.7660444431189773500, 0.0000000000000000000, 0.6427876096865401400 ) ) ;
#5525 = FACE_OUTER_BOUND ( 'NONE', #5866, .T. ) ;
#5526 = VERTEX_POINT ( 'NONE', #4197 ) ;
#5527 = VERTEX_POINT ( 'NONE', #6319 ) ;
#5528 = CARTESIAN_POINT ( 'NONE',  ( -3.330000000000000500, -2.149999999999999900, 4.000000000000000000 ) ) ;
#5529 = CARTESIAN_POINT ( 'NONE',  ( -2.429999999999997900, -3.050000000000000300, -4.999999999999999100 ) ) ;
#5530 = VECTOR ( 'NONE', #4513, 1000.000000000000000 ) ;
#5531 = CARTESIAN_POINT ( 'NONE',  ( 0.8341837335646634700, -0.05000000000000000300, 0.4520023924431968400 ) ) ;
#5532 = ADVANCED_FACE ( 'NONE', ( #2426 ), #1017, .F. ) ;
#5533 = CARTESIAN_POINT ( 'NONE',  ( -2.429999999999998400, -2.149999999999999900, 4.000000000000000000 ) ) ;
#5534 = AXIS2_PLACEMENT_3D ( 'NONE', #2128, #5849, #2658 ) ;
#5535 = ORIENTED_EDGE ( 'NONE', *, *, #4063, .F. ) ;
#5536 = EDGE_LOOP ( 'NONE', ( #4423, #1288, #898, #5178, #841, #6315 ) ) ;
#5537 = CARTESIAN_POINT ( 'NONE',  ( 1.890000000000001000, -3.050000000000000300, -3.800000000000000300 ) ) ;
#5538 = DIRECTION ( 'NONE',  ( 0.0000000000000000000, 1.000000000000000000, 0.0000000000000000000 ) ) ;
#5539 = ADVANCED_FACE ( 'NONE', ( #5085 ), #6346, .T. ) ;
#5540 = FACE_OUTER_BOUND ( 'NONE', #1360, .T. ) ;
#5541 = EDGE_CURVE ( 'NONE', #318, #4338, #3692, .T. ) ;
#5542 = CARTESIAN_POINT ( 'NONE',  ( -6.298485690822049700, -0.05000000000000000300, -2.060237534033672300 ) ) ;
#5543 = FACE_OUTER_BOUND ( 'NONE', #6793, .T. ) ;
#5544 = AXIS2_PLACEMENT_3D ( 'NONE', #4395, #1753, #5465 ) ;
#5545 = DIRECTION ( 'NONE',  ( -0.0000000000000000000, -1.000000000000000000, -0.0000000000000000000 ) ) ;
#5546 = VERTEX_POINT ( 'NONE', #506 ) ;
#5547 = DIRECTION ( 'NONE',  ( 1.000000000000000000, 0.0000000000000000000, -0.0000000000000000000 ) ) ;
#5548 = EDGE_CURVE ( 'NONE', #4904, #6753, #5263, .T. ) ;
#5549 = SURFACE_STYLE_USAGE ( .BOTH. , #1842 ) ;
#5550 = PLANE ( 'NONE',  #2918 ) ;
#5551 = AXIS2_PLACEMENT_3D ( 'NONE', #3076, #6313, #3130 ) ;
#5552 = AXIS2_PLACEMENT_3D ( 'NONE', #555, #4296, #1123 ) ;
#5553 = CARTESIAN_POINT ( 'NONE',  ( 2.879999999999999900, -2.149999999999999900, 5.000000000000000900 ) ) ;
#5554 = EDGE_CURVE ( 'NONE', #327, #2740, #2274, .T. ) ;
#5555 = EDGE_CURVE ( 'NONE', #2023, #2446, #4920, .T. ) ;
#5556 = VERTEX_POINT ( 'NONE', #1586 ) ;
#5557 = LINE ( 'NONE', #1495, #2745 ) ;
#5558 = ORIENTED_EDGE ( 'NONE', *, *, #6055, .F. ) ;
#5559 = VERTEX_POINT ( 'NONE', #6905 ) ;
#5560 = CARTESIAN_POINT ( 'NONE',  ( 0.6446006858399664400, -0.05000000000000000300, 0.3499999999999999800 ) ) ;
#5561 = EDGE_CURVE ( 'NONE', #4432, #5071, #6523, .T. ) ;
#5562 = ADVANCED_FACE ( 'NONE', ( #684 ), #5825, .F. ) ;
#5563 = CARTESIAN_POINT ( 'NONE',  ( -3.330000000000001000, -2.200000000000000200, 4.000000000000000000 ) ) ;
#5564 = ORIENTED_EDGE ( 'NONE', *, *, #1300, .T. ) ;
#5565 = ORIENTED_EDGE ( 'NONE', *, *, #4392, .F. ) ;
#5566 = AXIS2_PLACEMENT_3D ( 'NONE', #2319, #2332, #6062 ) ;
#5567 = PLANE ( 'NONE',  #2548 ) ;
#5568 = ORIENTED_EDGE ( 'NONE', *, *, #3768, .T. ) ;
#5569 = SURFACE_STYLE_USAGE ( .BOTH. , #1871 ) ;
#5570 = CARTESIAN_POINT ( 'NONE',  ( -9.855445003483749700, -2.149999999999999900, 4.000000000000000000 ) ) ;
#5571 = ORIENTED_EDGE ( 'NONE', *, *, #489, .T. ) ;
#5572 = CARTESIAN_POINT ( 'NONE',  ( -0.4500000000000007300, -2.149999999999999900, 5.000000000000000900 ) ) ;
#5573 = ADVANCED_FACE ( 'NONE', ( #3339 ), #3741, .T. ) ;
#5574 = DIRECTION ( 'NONE',  ( -0.7071067811865343600, 0.0000000000000000000, 0.7071067811865607800 ) ) ;
#5575 = CIRCLE ( 'NONE', #2421, 0.3249999999999997900 ) ;
#5576 = DIRECTION ( 'NONE',  ( 0.0000000000000000000, -0.0000000000000000000, -1.000000000000000000 ) ) ;
#5577 = VERTEX_POINT ( 'NONE', #4256 ) ;
#5578 = DIRECTION ( 'NONE',  ( 1.000000000000000000, 0.0000000000000000000, -0.0000000000000000000 ) ) ;
#5579 = LINE ( 'NONE', #1768, #1534 ) ;
#5580 = SURFACE_STYLE_FILL_AREA ( #4863 ) ;
#5581 = LINE ( 'NONE', #5627, #5423 ) ;
#5582 = LINE ( 'NONE', #4653, #4185 ) ;
#5583 = ORIENTED_EDGE ( 'NONE', *, *, #4779, .F. ) ;
#5584 = CARTESIAN_POINT ( 'NONE',  ( -3.450000000000000200, -3.000000000000000000, -3.800000000000001200 ) ) ;
#5585 = EDGE_CURVE ( 'NONE', #1709, #1378, #6180, .T. ) ;
#5586 = EDGE_CURVE ( 'NONE', #632, #4809, #1938, .T. ) ;
#5587 = EDGE_LOOP ( 'NONE', ( #3820, #1388, #178, #4041 ) ) ;
#5588 = VERTEX_POINT ( 'NONE', #5327 ) ;
#5589 = LINE ( 'NONE', #4118, #4192 ) ;
#5590 = PRESENTATION_STYLE_ASSIGNMENT (( #6539 ) ) ;
#5591 = CLOSED_SHELL ( 'NONE', ( #3993, #2402, #4955, #1478, #2430, #1816, #2999, #773, #3441 ) ) ;
#5592 = VECTOR ( 'NONE', #4211, 1000.000000000000000 ) ;
#5593 = FACE_OUTER_BOUND ( 'NONE', #4624, .T. ) ;
#5594 = AXIS2_PLACEMENT_3D ( 'NONE', #5722, #3071, #2004 ) ;
#5595 = VERTEX_POINT ( 'NONE', #6415 ) ;
#5596 = AXIS2_PLACEMENT_3D ( 'NONE', #5750, #2566, #2029 ) ;
#5597 =( NAMED_UNIT ( * ) SI_UNIT ( $, .STERADIAN. ) SOLID_ANGLE_UNIT ( ) );
#5598 = EDGE_CURVE ( 'NONE', #1230, #230, #1770, .T. ) ;
#5599 = DIRECTION ( 'NONE',  ( -1.000000000000000000, -0.0000000000000000000, 0.0000000000000000000 ) ) ;
#5600 = DIRECTION ( 'NONE',  ( 0.0000000000000000000, 0.0000000000000000000, -1.000000000000000000 ) ) ;
#5601 = CYLINDRICAL_SURFACE ( 'NONE', #6384, 0.3249999999999997900 ) ;
#5602 = DIRECTION ( 'NONE',  ( -0.0000000000000000000, -1.000000000000000000, -0.0000000000000000000 ) ) ;
#5603 = CLOSED_SHELL ( 'NONE', ( #3910, #6585, #2037, #4051, #224, #4149, #2478, #4490, #3885 ) ) ;
#5604 = EDGE_CURVE ( 'NONE', #1167, #3937, #4584, .T. ) ;
#5605 = VECTOR ( 'NONE', #3081, 1000.000000000000100 ) ;
#5606 = DIRECTION ( 'NONE',  ( 0.0000000000000000000, 0.0000000000000000000, -1.000000000000000000 ) ) ;
#5607 = ORIENTED_EDGE ( 'NONE', *, *, #6707, .F. ) ;
#5608 = VECTOR ( 'NONE', #6226, 1000.000000000000000 ) ;
#5609 = ADVANCED_FACE ( 'NONE', ( #5853 ), #2179, .T. ) ;
#5610 = FACE_OUTER_BOUND ( 'NONE', #3114, .T. ) ;
#5611 = CARTESIAN_POINT ( 'NONE',  ( -3.450000000000000200, -2.200000000000000200, -4.999999999999999100 ) ) ;
#5612 = CARTESIAN_POINT ( 'NONE',  ( 1.749446340638911400, -0.05000000000000000300, -2.539999999999998300 ) ) ;
#5613 = DIRECTION ( 'NONE',  ( 0.7660444431189769000, 0.0000000000000000000, -0.6427876096865407000 ) ) ;
#5614 =( NAMED_UNIT ( * ) SI_UNIT ( $, .STERADIAN. ) SOLID_ANGLE_UNIT ( ) );
#5615 = DIRECTION ( 'NONE',  ( 0.0000000000000000000, 0.0000000000000000000, -1.000000000000000000 ) ) ;
#5616 = ADVANCED_FACE ( 'NONE', ( #3182 ), #1651, .T. ) ;
#5617 = CARTESIAN_POINT ( 'NONE',  ( 1.940997838992589300, -0.05000000000000000300, -2.266436109437728800 ) ) ;
#5618 = VERTEX_POINT ( 'NONE', #3240 ) ;
#5619 = ORIENTED_EDGE ( 'NONE', *, *, #601, .F. ) ;
#5620 = EDGE_CURVE ( 'NONE', #4622, #2210, #4422, .T. ) ;
#5621 = ORIENTED_EDGE ( 'NONE', *, *, #1592, .T. ) ;
#5622 = ORIENTED_EDGE ( 'NONE', *, *, #1090, .F. ) ;
#5623 = LINE ( 'NONE', #4843, #6897 ) ;
#5624 = CARTESIAN_POINT ( 'NONE',  ( 1.889999999999999200, -2.149999999999999900, 4.000000000000000000 ) ) ;
#5625 = CARTESIAN_POINT ( 'NONE',  ( 0.9899999999999999900, -3.050000000000000300, -3.800000000000000300 ) ) ;
#5626 = PLANE ( 'NONE',  #5055 ) ;
#5627 = CARTESIAN_POINT ( 'NONE',  ( -0.4500000000000002900, -3.050000000000000300, -3.800000000000001200 ) ) ;
#5628 = VECTOR ( 'NONE', #4798, 1000.000000000000000 ) ;
#5629 = ORIENTED_EDGE ( 'NONE', *, *, #3079, .T. ) ;
#5630 = FILL_AREA_STYLE_COLOUR ( '', #5111 ) ;
#5631 = CARTESIAN_POINT ( 'NONE',  ( -3.450000000000000200, -3.050000000000000300, 5.000000000000000900 ) ) ;
#5632 = DIRECTION ( 'NONE',  ( 0.0000000000000000000, 0.0000000000000000000, 1.000000000000000000 ) ) ;
#5633 = LINE ( 'NONE', #6712, #1405 ) ;
#5634 = CARTESIAN_POINT ( 'NONE',  ( -9.855445003483749700, -2.200000000000000200, -4.999999999999999100 ) ) ;
#5635 = VERTEX_POINT ( 'NONE', #5919 ) ;
#5636 = DIRECTION ( 'NONE',  ( 1.807003620809176100E-016, -0.0000000000000000000, 1.000000000000000000 ) ) ;
#5637 = CARTESIAN_POINT ( 'NONE',  ( 3.330000000000001000, -3.000000000000000400, 5.000000000000000900 ) ) ;
#5638 = FILL_AREA_STYLE ('',( #4565 ) ) ;
#5639 = ADVANCED_FACE ( 'NONE', ( #1614 ), #2844, .F. ) ;
#5640 = DIRECTION ( 'NONE',  ( -1.000000000000000000, 0.0000000000000000000, 3.559102350988019700E-016 ) ) ;
#5641 = AXIS2_PLACEMENT_3D ( 'NONE', #2203, #5922, #2734 ) ;
#5642 = ORIENTED_EDGE ( 'NONE', *, *, #1172, .F. ) ;
#5643 =( LENGTH_UNIT ( ) NAMED_UNIT ( * ) SI_UNIT ( .MILLI., .METRE. ) );
#5644 = LINE ( 'NONE', #5701, #2818 ) ;
#5645 = DIRECTION ( 'NONE',  ( -0.7660444431189744600, 0.0000000000000000000, 0.6427876096865435800 ) ) ;
#5646 = CARTESIAN_POINT ( 'NONE',  ( 1.764999999999999700, -2.149999999999999900, 5.000000000000000900 ) ) ;
#5647 = DIRECTION ( 'NONE',  ( 1.000000000000000000, 0.0000000000000000000, -0.0000000000000000000 ) ) ;
#5648 = VERTEX_POINT ( 'NONE', #3028 ) ;
#5649 = DIRECTION ( 'NONE',  ( -0.0000000000000000000, -1.000000000000000000, -0.0000000000000000000 ) ) ;
#5650 = ADVANCED_FACE ( 'NONE', ( #3013 ), #3259, .T. ) ;
#5651 = DIRECTION ( 'NONE',  ( 1.000000000000000000, 0.0000000000000000000, -0.0000000000000000000 ) ) ;
#5652 = FACE_OUTER_BOUND ( 'NONE', #5536, .T. ) ;
#5653 = CARTESIAN_POINT ( 'NONE',  ( -0.4500000000000007300, -3.050000000000000300, 5.000000000000000900 ) ) ;
#5654 = UNCERTAINTY_MEASURE_WITH_UNIT (LENGTH_MEASURE( 1.000000000000000100E-005 ), #5643, 'distance_accuracy_value', 'NONE');
#5655 = EDGE_LOOP ( 'NONE', ( #5056, #1749, #4484, #4531, #6538, #4829 ) ) ;
#5656 = DIRECTION ( 'NONE',  ( 0.0000000000000000000, 0.0000000000000000000, -1.000000000000000000 ) ) ;
#5657 = ORIENTED_EDGE ( 'NONE', *, *, #2633, .F. ) ;
#5658 = CARTESIAN_POINT ( 'NONE',  ( 0.8341837335646630200, 0.0000000000000000000, 0.4520023924431959500 ) ) ;
#5659 = VERTEX_POINT ( 'NONE', #5900 ) ;
#5660 = DIRECTION ( 'NONE',  ( 0.0000000000000000000, 0.0000000000000000000, 1.000000000000000000 ) ) ;
#5661 = SURFACE_SIDE_STYLE ('',( #2084 ) ) ;
#5662 = ORIENTED_EDGE ( 'NONE', *, *, #5794, .F. ) ;
#5663 = EDGE_CURVE ( 'NONE', #4344, #249, #5672, .T. ) ;
#5664 = EDGE_LOOP ( 'NONE', ( #2873, #784, #4302, #5220, #1859, #2216 ) ) ;
#5665 = CARTESIAN_POINT ( 'NONE',  ( -1.957752890125070500, -0.05000000000000000300, 2.280495266663355100 ) ) ;
#5666 = CARTESIAN_POINT ( 'NONE',  ( -3.450000000000000200, -3.050000000000000300, -4.999999999999999100 ) ) ;
#5667 = CYLINDRICAL_SURFACE ( 'NONE', #5878, 0.3249999999999997900 ) ;
#5668 = CARTESIAN_POINT ( 'NONE',  ( -8.358723224855744100, -0.05000000000000000300, 1.839999999999999200 ) ) ;
#5669 = DIRECTION ( 'NONE',  ( 0.0000000000000000000, -0.0000000000000000000, 1.000000000000000000 ) ) ;
#5670 = CARTESIAN_POINT ( 'NONE',  ( -1.138373323344469100, -0.05000000000000000300, 1.273142497792080200 ) ) ;
#5671 = SURFACE_STYLE_FILL_AREA ( #6058 ) ;
#5672 = LINE ( 'NONE', #4633, #25 ) ;
#5673 = EDGE_LOOP ( 'NONE', ( #1392, #2002, #1512, #1953 ) ) ;
#5674 = CARTESIAN_POINT ( 'NONE',  ( 1.439999999999998600, -2.149999999999999900, -5.000000000000000900 ) ) ;
#5675 = CARTESIAN_POINT ( 'NONE',  ( -3.450000000000000200, -3.000000000000000000, -4.999999999999999100 ) ) ;
#5676 = ADVANCED_FACE ( 'NONE', ( #6021 ), #1989, .F. ) ;
#5677 = STYLED_ITEM ( 'NONE', ( #2217 ), #811 ) ;
#5678 = LINE ( 'NONE', #510, #6771 ) ;
#5679 = FACE_OUTER_BOUND ( 'NONE', #2472, .T. ) ;
#5680 = DIRECTION ( 'NONE',  ( 1.000000000000000000, -0.0000000000000000000, 1.807003620809174900E-016 ) ) ;
#5681 = LINE ( 'NONE', #3991, #4428 ) ;
#5682 = CARTESIAN_POINT ( 'NONE',  ( -0.9899999999999995500, -2.200000000000000200, 0.01782600801236681300 ) ) ;
#5683 = LINE ( 'NONE', #861, #195 ) ;
#5684 = SURFACE_STYLE_USAGE ( .BOTH. , #1979 ) ;
#5685 = ORIENTED_EDGE ( 'NONE', *, *, #4846, .F. ) ;
#5686 = EDGE_CURVE ( 'NONE', #6630, #2825, #1447, .T. ) ;
#5687 = ORIENTED_EDGE ( 'NONE', *, *, #5983, .T. ) ;
#5688 = ORIENTED_EDGE ( 'NONE', *, *, #1750, .F. ) ;
#5689 = EDGE_CURVE ( 'NONE', #6228, #2595, #4262, .T. ) ;
#5690 = ORIENTED_EDGE ( 'NONE', *, *, #1332, .F. ) ;
#5691 = CARTESIAN_POINT ( 'NONE',  ( -4.682764959575981900, -0.05000000000000000300, -4.619755384226204200 ) ) ;
#5692 = EDGE_CURVE ( 'NONE', #6508, #6033, #2683, .T. ) ;
#5693 = LINE ( 'NONE', #6413, #1463 ) ;
#5694 = ADVANCED_FACE ( 'NONE', ( #4090 ), #2012, .F. ) ;
#5695 = VERTEX_POINT ( 'NONE', #6266 ) ;
#5696 = ORIENTED_EDGE ( 'NONE', *, *, #698, .T. ) ;
#5697 = FACE_OUTER_BOUND ( 'NONE', #342, .T. ) ;
#5698 = LINE ( 'NONE', #4781, #6463 ) ;
#5699 = EDGE_LOOP ( 'NONE', ( #5358, #4585, #1466, #5128 ) ) ;
#5700 = CARTESIAN_POINT ( 'NONE',  ( -8.358723224855740600, -0.05000000000000000300, 2.540000000000008000 ) ) ;
#5701 = CARTESIAN_POINT ( 'NONE',  ( -0.3250000000000001800, -3.000000000000000000, 5.000000000000000900 ) ) ;
#5702 = CIRCLE ( 'NONE', #3159, 0.3249999999999997900 ) ;
#5703 = DIRECTION ( 'NONE',  ( -0.7660444431189775700, 0.0000000000000000000, -0.6427876096865398100 ) ) ;
#5704 = AXIS2_PLACEMENT_3D ( 'NONE', #4016, #846, #4552 ) ;
#5705 = STYLED_ITEM ( 'NONE', ( #3745 ), #2383 ) ;
#5706 = CARTESIAN_POINT ( 'NONE',  ( 0.9899999999999952200, -2.200000000000000200, -4.000000000000000000 ) ) ;
#5707 = EDGE_CURVE ( 'NONE', #973, #590, #2521, .T. ) ;
#5708 = DIRECTION ( 'NONE',  ( 0.0000000000000000000, 1.000000000000000000, 0.0000000000000000000 ) ) ;
#5709 = EDGE_CURVE ( 'NONE', #2857, #6841, #5344, .T. ) ;
#5710 = LINE ( 'NONE', #3459, #216 ) ;
#5711 = DIRECTION ( 'NONE',  ( 0.1736481776669215000, 0.0000000000000000000, -0.9848077530122095700 ) ) ;
#5712 = VERTEX_POINT ( 'NONE', #2034 ) ;
#5713 = ORIENTED_EDGE ( 'NONE', *, *, #2647, .F. ) ;
#5714 = CARTESIAN_POINT ( 'NONE',  ( 1.439999999999998600, -3.050000000000000300, -5.000000000000000900 ) ) ;
#5715 = ORIENTED_EDGE ( 'NONE', *, *, #3554, .F. ) ;
#5716 = FACE_OUTER_BOUND ( 'NONE', #4680, .T. ) ;
#5717 = DIRECTION ( 'NONE',  ( -1.000000000000000000, -0.0000000000000000000, 0.0000000000000000000 ) ) ;
#5718 = ORIENTED_EDGE ( 'NONE', *, *, #2580, .F. ) ;
#5719 = ORIENTED_EDGE ( 'NONE', *, *, #5320, .F. ) ;
#5720 = CARTESIAN_POINT ( 'NONE',  ( 1.061714443247939300, -0.05000000000000000300, 6.776263578034402700E-017 ) ) ;
#5721 = ADVANCED_FACE ( 'NONE', ( #6607 ), #2347, .F. ) ;
#5722 = CARTESIAN_POINT ( 'NONE',  ( 1.439999999999999900, -2.149999999999999900, 5.000000000000000900 ) ) ;
#5723 =( NAMED_UNIT ( * ) PLANE_ANGLE_UNIT ( ) SI_UNIT ( $, .RADIAN. ) );
#5724 = FACE_OUTER_BOUND ( 'NONE', #6199, .T. ) ;
#5725 = EDGE_CURVE ( 'NONE', #3208, #5526, #5176, .T. ) ;
#5726 = PLANE ( 'NONE',  #2396 ) ;
#5727 = FACE_OUTER_BOUND ( 'NONE', #1931, .T. ) ;
#5728 = CARTESIAN_POINT ( 'NONE',  ( 1.251297490972628700, 0.0000000000000000000, 0.1020023924432015400 ) ) ;
#5729 = VECTOR ( 'NONE', #2136, 1000.000000000000000 ) ;
#5730 = UNCERTAINTY_MEASURE_WITH_UNIT (LENGTH_MEASURE( 1.000000000000000100E-005 ), #3662, 'distance_accuracy_value', 'NONE');
#5731 = DIRECTION ( 'NONE',  ( 0.0000000000000000000, -0.0000000000000000000, 1.000000000000000000 ) ) ;
#5732 = ADVANCED_FACE ( 'NONE', ( #6443 ), #5237, .T. ) ;
#5733 = DIRECTION ( 'NONE',  ( 0.0000000000000000000, 1.000000000000000000, 0.0000000000000000000 ) ) ;
#5734 = EDGE_LOOP ( 'NONE', ( #957, #6222, #4009, #6209, #2160, #5787, #4503 ) ) ;
#5735 = DIRECTION ( 'NONE',  ( 0.0000000000000000000, 0.0000000000000000000, -1.000000000000000000 ) ) ;
#5736 = EDGE_CURVE ( 'NONE', #5659, #5712, #441, .T. ) ;
#5737 = AXIS2_PLACEMENT_3D ( 'NONE', #5570, #3458, #286 ) ;
#5738 = CARTESIAN_POINT ( 'NONE',  ( 2.429999999999994800, -2.149999999999999900, -4.000000000000000000 ) ) ;
#5739 = CARTESIAN_POINT ( 'NONE',  ( -3.450000000000000200, -3.050000000000000300, 5.000000000000000900 ) ) ;
#5740 = VERTEX_POINT ( 'NONE', #6341 ) ;
#5741 = CARTESIAN_POINT ( 'NONE',  ( 0.4500000000000005700, -3.050000000000000300, -5.000000000000000000 ) ) ;
#5742 = VECTOR ( 'NONE', #2576, 1000.000000000000100 ) ;
#5743 = AXIS2_PLACEMENT_3D ( 'NONE', #1383, #5645, #2471 ) ;
#5744 = EDGE_CURVE ( 'NONE', #5307, #3059, #4502, .T. ) ;
#5745 = ORIENTED_EDGE ( 'NONE', *, *, #6454, .F. ) ;
#5746 = ORIENTED_EDGE ( 'NONE', *, *, #23, .F. ) ;
#5747 = CARTESIAN_POINT ( 'NONE',  ( 0.3250000000000000100, -2.200000000000000200, 5.000000000000000900 ) ) ;
#5748 = ORIENTED_EDGE ( 'NONE', *, *, #1579, .F. ) ;
#5749 =( LENGTH_UNIT ( ) NAMED_UNIT ( * ) SI_UNIT ( .MILLI., .METRE. ) );
#5750 = CARTESIAN_POINT ( 'NONE',  ( -2.879999999999999900, -3.050000000000000300, 5.000000000000002700 ) ) ;
#5751 = CARTESIAN_POINT ( 'NONE',  ( -1.890000000000000300, -3.000000000000000400, -4.999999999999999100 ) ) ;
#5752 = ORIENTED_EDGE ( 'NONE', *, *, #5243, .T. ) ;
#5753 = CARTESIAN_POINT ( 'NONE',  ( 3.330000000000001400, -3.050000000000000300, 5.000000000000000900 ) ) ;
#5754 = ADVANCED_FACE ( 'NONE', ( #1694 ), #2609, .T. ) ;
#5755 = ORIENTED_EDGE ( 'NONE', *, *, #6221, .F. ) ;
#5756 = CARTESIAN_POINT ( 'NONE',  ( -0.9899999999999988800, -3.000000000000000400, -4.999999999999999100 ) ) ;
#5757 = EDGE_LOOP ( 'NONE', ( #4540, #1855, #130, #1631 ) ) ;
#5758 = DIRECTION ( 'NONE',  ( 1.000000000000000000, -0.0000000000000000000, 0.0000000000000000000 ) ) ;
#5759 = ORIENTED_EDGE ( 'NONE', *, *, #6337, .F. ) ;
#5760 = SURFACE_SIDE_STYLE ('',( #1250 ) ) ;
#5761 = CARTESIAN_POINT ( 'NONE',  ( -9.855445003483749700, -2.149999999999999900, 4.000000000000000000 ) ) ;
#5762 = LINE ( 'NONE', #2126, #103 ) ;
#5763 = ORIENTED_EDGE ( 'NONE', *, *, #4634, .T. ) ;
#5764 = VECTOR ( 'NONE', #6009, 1000.000000000000000 ) ;
#5765 = VECTOR ( 'NONE', #2206, 1000.000000000000000 ) ;
#5766 = FACE_OUTER_BOUND ( 'NONE', #1863, .T. ) ;
#5767 = CIRCLE ( 'NONE', #3057, 0.3249999999999997900 ) ;
#5768 = VERTEX_POINT ( 'NONE', #4216 ) ;
#5769 = CARTESIAN_POINT ( 'NONE',  ( -2.879999999999999900, -2.200000000000000200, 5.000000000000002700 ) ) ;
#5770 = CARTESIAN_POINT ( 'NONE',  ( -3.330000000000001000, -3.050000000000000300, -3.799999999999999800 ) ) ;
#5771 =( NAMED_UNIT ( * ) SI_UNIT ( $, .STERADIAN. ) SOLID_ANGLE_UNIT ( ) );
#5772 = ORIENTED_EDGE ( 'NONE', *, *, #243, .F. ) ;
#5773 = VERTEX_POINT ( 'NONE', #2638 ) ;
#5774 = VERTEX_POINT ( 'NONE', #5823 ) ;
#5775 = STYLED_ITEM ( 'NONE', ( #6766 ), #5732 ) ;
#5776 = LINE ( 'NONE', #1309, #1362 ) ;
#5777 = DIRECTION ( 'NONE',  ( 0.0000000000000000000, -0.0000000000000000000, 1.000000000000000000 ) ) ;
#5778 = VECTOR ( 'NONE', #2250, 1000.000000000000000 ) ;
#5779 = DIRECTION ( 'NONE',  ( -0.0000000000000000000, 1.000000000000000000, 0.0000000000000000000 ) ) ;
#5780 = LINE ( 'NONE', #1573, #1365 ) ;
#5781 = PLANE ( 'NONE',  #4473 ) ;
#5782 = VECTOR ( 'NONE', #6051, 1000.000000000000000 ) ;
#5783 = ORIENTED_EDGE ( 'NONE', *, *, #3449, .T. ) ;
#5784 = CARTESIAN_POINT ( 'NONE',  ( 2.007555736996880800, -0.05000000000000000300, -2.171381580069955000 ) ) ;
#5785 = FACE_OUTER_BOUND ( 'NONE', #5498, .T. ) ;
#5786 = CARTESIAN_POINT ( 'NONE',  ( 2.429999999999999700, -3.050000000000000300, 3.799999999999999800 ) ) ;
#5787 = ORIENTED_EDGE ( 'NONE', *, *, #6649, .F. ) ;
#5788 = CARTESIAN_POINT ( 'NONE',  ( -0.9552187682305378600, 0.0000000000000000000, -2.470380891076450900 ) ) ;
#5789 = ORIENTED_EDGE ( 'NONE', *, *, #5692, .T. ) ;
#5790 = ORIENTED_EDGE ( 'NONE', *, *, #4966, .F. ) ;
#5791 = SURFACE_STYLE_FILL_AREA ( #6183 ) ;
#5792 = VECTOR ( 'NONE', #1966, 1000.000000000000000 ) ;
#5793 = DIRECTION ( 'NONE',  ( 0.0000000000000000000, 1.000000000000000000, 0.0000000000000000000 ) ) ;
#5794 = EDGE_CURVE ( 'NONE', #4758, #1, #268, .T. ) ;
#5795 = AXIS2_PLACEMENT_3D ( 'NONE', #5117, #2674, #5091 ) ;
#5796 = CARTESIAN_POINT ( 'NONE',  ( -0.4500000000000007300, -2.149999999999999900, 4.000000000000000000 ) ) ;
#5797 = ADVANCED_FACE ( 'NONE', ( #4337 ), #521, .T. ) ;
#5798 = DIRECTION ( 'NONE',  ( -1.000000000000000000, 0.0000000000000000000, -0.0000000000000000000 ) ) ;
#5799 = STYLED_ITEM ( 'NONE', ( #6642 ), #2875 ) ;
#5800 = DIRECTION ( 'NONE',  ( 0.0000000000000000000, 0.0000000000000000000, -1.000000000000000000 ) ) ;
#5801 = VECTOR ( 'NONE', #3311, 1000.000000000000000 ) ;
#5802 = EDGE_CURVE ( 'NONE', #5868, #4847, #2919, .T. ) ;
#5803 = ORIENTED_EDGE ( 'NONE', *, *, #4265, .F. ) ;
#5804 = EDGE_LOOP ( 'NONE', ( #3861, #2288, #959, #4658 ) ) ;
#5805 = CARTESIAN_POINT ( 'NONE',  ( -3.450000000000000200, -2.200000000000000200, 5.000000000000000900 ) ) ;
#5806 = AXIS2_PLACEMENT_3D ( 'NONE', #2078, #5807, #2611 ) ;
#5807 = DIRECTION ( 'NONE',  ( -0.0000000000000000000, -1.000000000000000000, -0.0000000000000000000 ) ) ;
#5808 = ORIENTED_EDGE ( 'NONE', *, *, #2916, .T. ) ;
#5809 = CARTESIAN_POINT ( 'NONE',  ( -9.855445003483749700, -2.149999999999999900, 0.01782600801236681300 ) ) ;
#5810 = LINE ( 'NONE', #5932, #2803 ) ;
#5811 = DIRECTION ( 'NONE',  ( 1.000000000000000000, 0.0000000000000000000, 4.650144802115173900E-017 ) ) ;
#5812 = CARTESIAN_POINT ( 'NONE',  ( -3.330000000000003200, -2.149999999999999900, 0.01782600801236681300 ) ) ;
#5813 = COLOUR_RGB ( '',1.000000000000000000, 0.7529411764705882200, 0.0000000000000000000 ) ;
#5814 = EDGE_CURVE ( 'NONE', #6033, #5712, #5762, .T. ) ;
#5815 = DIRECTION ( 'NONE',  ( 0.0000000000000000000, -0.0000000000000000000, 1.000000000000000000 ) ) ;
#5816 = LINE ( 'NONE', #1097, #4548 ) ;
#5817 = VERTEX_POINT ( 'NONE', #3189 ) ;
#5818 = LINE ( 'NONE', #3989, #3153 ) ;
#5819 = ORIENTED_EDGE ( 'NONE', *, *, #5159, .F. ) ;
#5820 = DIRECTION ( 'NONE',  ( -1.000000000000000000, 0.0000000000000000000, -0.0000000000000000000 ) ) ;
#5821 = DIRECTION ( 'NONE',  ( 0.9848077530122095700, -0.0000000000000000000, 0.1736481776669218100 ) ) ;
#5822 = DIRECTION ( 'NONE',  ( -1.000000000000000000, 0.0000000000000000000, -0.0000000000000000000 ) ) ;
#5823 = CARTESIAN_POINT ( 'NONE',  ( 3.329999999999999600, -2.149999999999999900, 5.000000000000000900 ) ) ;
#5824 = ORIENTED_EDGE ( 'NONE', *, *, #3212, .T. ) ;
#5825 = PLANE ( 'NONE',  #76 ) ;
#5826 = VECTOR ( 'NONE', #2493, 1000.000000000000000 ) ;
#5827 = EDGE_CURVE ( 'NONE', #1341, #6152, #5938, .T. ) ;
#5828 = DIRECTION ( 'NONE',  ( 0.1736481776669218100, 0.0000000000000000000, -0.9848077530122095700 ) ) ;
#5829 = ORIENTED_EDGE ( 'NONE', *, *, #3195, .T. ) ;
#5830 = DIRECTION ( 'NONE',  ( -0.7660444431189774600, 0.0000000000000000000, 0.6427876096865399200 ) ) ;
#5831 = EDGE_CURVE ( 'NONE', #879, #1683, #5575, .T. ) ;
#5832 = EDGE_CURVE ( 'NONE', #2125, #3979, #2765, .T. ) ;
#5833 = UNCERTAINTY_MEASURE_WITH_UNIT (LENGTH_MEASURE( 1.000000000000000100E-005 ), #1807, 'distance_accuracy_value', 'NONE');
#5834 = DIRECTION ( 'NONE',  ( -0.0000000000000000000, -1.000000000000000000, 0.0000000000000000000 ) ) ;
#5835 = ORIENTED_EDGE ( 'NONE', *, *, #3651, .T. ) ;
#5836 = VERTEX_POINT ( 'NONE', #4255 ) ;
#5837 = AXIS2_PLACEMENT_3D ( 'NONE', #2314, #2835, #6581 ) ;
#5838 = AXIS2_PLACEMENT_3D ( 'NONE', #1368, #5070, #1903 ) ;
#5839 = AXIS2_PLACEMENT_3D ( 'NONE', #2998, #3537, #6204 ) ;
#5840 = EDGE_CURVE ( 'NONE', #2227, #1658, #5415, .T. ) ;
#5841 = ORIENTED_EDGE ( 'NONE', *, *, #4747, .T. ) ;
#5842 = EDGE_CURVE ( 'NONE', #230, #276, #6850, .T. ) ;
#5843 = ORIENTED_EDGE ( 'NONE', *, *, #1079, .F. ) ;
#5844 = ORIENTED_EDGE ( 'NONE', *, *, #2750, .F. ) ;
#5845 = LINE ( 'NONE', #5728, #4412 ) ;
#5846 = DIRECTION ( 'NONE',  ( 1.000000000000000000, 0.0000000000000000000, -0.0000000000000000000 ) ) ;
#5847 = VECTOR ( 'NONE', #4875, 1000.000000000000000 ) ;
#5848 = CARTESIAN_POINT ( 'NONE',  ( 0.0000000000000000000, -2.149999999999999900, 5.000000000000000900 ) ) ;
#5849 = DIRECTION ( 'NONE',  ( -0.0000000000000000000, -1.000000000000000000, -0.0000000000000000000 ) ) ;
#5850 = FACE_OUTER_BOUND ( 'NONE', #518, .T. ) ;
#5851 = VECTOR ( 'NONE', #6041, 1000.000000000000000 ) ;
#5852 = DIRECTION ( 'NONE',  ( 0.0000000000000000000, 1.000000000000000000, 0.0000000000000000000 ) ) ;
#5853 = FACE_OUTER_BOUND ( 'NONE', #2337, .T. ) ;
#5854 = VERTEX_POINT ( 'NONE', #5899 ) ;
#5855 = DIRECTION ( 'NONE',  ( -0.0000000000000000000, -1.000000000000000000, -0.0000000000000000000 ) ) ;
#5856 = DIRECTION ( 'NONE',  ( 0.7071067811865321400, 0.0000000000000000000, -0.7071067811865628900 ) ) ;
#5857 = AXIS2_PLACEMENT_3D ( 'NONE', #412, #6788, #3591 ) ;
#5858 = PLANE ( 'NONE',  #4489 ) ;
#5859 = CARTESIAN_POINT ( 'NONE',  ( 2.879999999999998600, -2.200000000000000200, -5.000000000000000900 ) ) ;
#5860 = LINE ( 'NONE', #4709, #190 ) ;
#5861 = EDGE_CURVE ( 'NONE', #897, #4549, #6672, .T. ) ;
#5862 = VECTOR ( 'NONE', #2008, 1000.000000000000000 ) ;
#5863 = LINE ( 'NONE', #801, #192 ) ;
#5864 = LINE ( 'NONE', #3491, #1623 ) ;
#5865 = LINE ( 'NONE', #417, #1778 ) ;
#5866 = EDGE_LOOP ( 'NONE', ( #253, #2571, #1569, #4410, #4220, #4819 ) ) ;
#5867 = EDGE_LOOP ( 'NONE', ( #6874, #1348, #5161, #3237 ) ) ;
#5868 = VERTEX_POINT ( 'NONE', #6438 ) ;
#5869 = ORIENTED_EDGE ( 'NONE', *, *, #2594, .F. ) ;
#5870 = DIRECTION ( 'NONE',  ( 0.0000000000000000000, 0.0000000000000000000, 1.000000000000000000 ) ) ;
#5871 = LINE ( 'NONE', #2154, #1630 ) ;
#5872 = EDGE_LOOP ( 'NONE', ( #202, #4621, #6262, #398 ) ) ;
#5873 = DIRECTION ( 'NONE',  ( -0.0000000000000000000, -1.000000000000000000, -0.0000000000000000000 ) ) ;
#5874 = VERTEX_POINT ( 'NONE', #1112 ) ;
#5875 = VECTOR ( 'NONE', #1744, 1000.000000000000000 ) ;
#5876 = LINE ( 'NONE', #6878, #542 ) ;
#5877 = ORIENTED_EDGE ( 'NONE', *, *, #714, .T. ) ;
#5878 = AXIS2_PLACEMENT_3D ( 'NONE', #3983, #1837, #277 ) ;
#5879 = CARTESIAN_POINT ( 'NONE',  ( -1.224606353822377500E-015, -2.200000000000000200, -5.000000000000000900 ) ) ;
#5880 = LINE ( 'NONE', #983, #5522 ) ;
#5881 = DIRECTION ( 'NONE',  ( -0.0000000000000000000, -1.000000000000000000, -0.0000000000000000000 ) ) ;
#5882 = CARTESIAN_POINT ( 'NONE',  ( -2.016446208322373300, -0.05000000000000000300, 2.221801948466052900 ) ) ;
#5883 = CARTESIAN_POINT ( 'NONE',  ( -1.224606353822377500E-015, -3.050000000000000300, -5.000000000000000900 ) ) ;
#5884 = DIRECTION ( 'NONE',  ( 1.000000000000000000, -0.0000000000000000000, 0.0000000000000000000 ) ) ;
#5885 = CARTESIAN_POINT ( 'NONE',  ( -3.204999999999999600, -2.200000000000000200, 5.000000000000000900 ) ) ;
#5886 = CARTESIAN_POINT ( 'NONE',  ( -1.143628000647807700, 0.0000000000000000000, -0.08877868892848919700 ) ) ;
#5887 = LINE ( 'NONE', #1356, #4729 ) ;
#5888 = EDGE_LOOP ( 'NONE', ( #2698, #6181, #204, #3883 ) ) ;
#5889 = ORIENTED_EDGE ( 'NONE', *, *, #341, .T. ) ;
#5890 = STYLED_ITEM ( 'NONE', ( #4703 ), #4069 ) ;
#5891 = CARTESIAN_POINT ( 'NONE',  ( 1.251297490972628700, -0.05000000000000000300, 0.1020023924432025000 ) ) ;
#5892 = EDGE_CURVE ( 'NONE', #5740, #1991, #3843, .T. ) ;
#5893 = VECTOR ( 'NONE', #1299, 1000.000000000000000 ) ;
#5894 = ORIENTED_EDGE ( 'NONE', *, *, #2045, .F. ) ;
#5895 = FILL_AREA_STYLE ('',( #4279 ) ) ;
#5896 = PRESENTATION_LAYER_ASSIGNMENT (  '', '', ( #5167 ) ) ;
#5897 = CARTESIAN_POINT ( 'NONE',  ( 2.555000000000000200, -2.149999999999999900, 5.000000000000000900 ) ) ;
#5898 = VECTOR ( 'NONE', #4378, 1000.000000000000000 ) ;
#5899 = CARTESIAN_POINT ( 'NONE',  ( -2.429999999999999300, -3.050000000000000300, -3.799999999999999800 ) ) ;
#5900 = CARTESIAN_POINT ( 'NONE',  ( -1.440000000000001500, -3.050000000000000300, -4.675000000000000700 ) ) ;
#5901 = CARTESIAN_POINT ( 'NONE',  ( -3.450000000000000200, -3.000000000000000000, 5.000000000000000900 ) ) ;
#5902 = LINE ( 'NONE', #5322, #4641 ) ;
#5903 = FACE_OUTER_BOUND ( 'NONE', #746, .T. ) ;
#5904 = CARTESIAN_POINT ( 'NONE',  ( -0.9899999999999995500, -2.200000000000000200, 4.000000000000000000 ) ) ;
#5905 = DIRECTION ( 'NONE',  ( 0.0000000000000000000, -0.0000000000000000000, -1.000000000000000000 ) ) ;
#5906 = CARTESIAN_POINT ( 'NONE',  ( 1.890000000000001000, -3.000000000000000400, 3.800000000000001200 ) ) ;
#5907 = ORIENTED_EDGE ( 'NONE', *, *, #2725, .T. ) ;
#5908 = DIRECTION ( 'NONE',  ( 1.000000000000000000, 0.0000000000000000000, -0.0000000000000000000 ) ) ;
#5909 = FILL_AREA_STYLE_COLOUR ( '', #4107 ) ;
#5910 = CARTESIAN_POINT ( 'NONE',  ( -9.855445003483749700, -2.149999999999999900, -4.000000000000000000 ) ) ;
#5911 = AXIS2_PLACEMENT_3D ( 'NONE', #5809, #3666, #6889 ) ;
#5912 = PLANE ( 'NONE',  #3708 ) ;
#5913 = VERTEX_POINT ( 'NONE', #1671 ) ;
#5914 = AXIS2_PLACEMENT_3D ( 'NONE', #6338, #6846, #477 ) ;
#5915 = ORIENTED_EDGE ( 'NONE', *, *, #4712, .T. ) ;
#5916 = DIRECTION ( 'NONE',  ( -1.807003620809176100E-016, 0.0000000000000000000, 1.000000000000000000 ) ) ;
#5917 = VERTEX_POINT ( 'NONE', #2708 ) ;
#5918 = VERTEX_POINT ( 'NONE', #4832 ) ;
#5919 = CARTESIAN_POINT ( 'NONE',  ( 0.9899999999999974400, -3.000000000000000400, -4.999999999999999100 ) ) ;
#5920 = DIRECTION ( 'NONE',  ( 0.0000000000000000000, 0.0000000000000000000, -1.000000000000000000 ) ) ;
#5921 = EDGE_CURVE ( 'NONE', #2204, #6656, #6518, .T. ) ;
#5922 = DIRECTION ( 'NONE',  ( 0.0000000000000000000, 1.000000000000000000, 0.0000000000000000000 ) ) ;
#5923 = CARTESIAN_POINT ( 'NONE',  ( -9.855445003483749700, -2.149999999999999900, 0.01782600801236681300 ) ) ;
#5924 = DIRECTION ( 'NONE',  ( 0.1736481776669218100, 0.0000000000000000000, -0.9848077530122095700 ) ) ;
#5925 = CARTESIAN_POINT ( 'NONE',  ( 2.429999999999999700, -3.000000000000000000, 5.000000000000000000 ) ) ;
#5926 = DIRECTION ( 'NONE',  ( -1.000000000000000000, 0.0000000000000000000, -0.0000000000000000000 ) ) ;
#5927 = ORIENTED_EDGE ( 'NONE', *, *, #1324, .T. ) ;
#5928 = CARTESIAN_POINT ( 'NONE',  ( 3.330000000000001400, -3.050000000000000300, -3.800000000000000300 ) ) ;
#5929 = DIRECTION ( 'NONE',  ( -0.0000000000000000000, -1.000000000000000000, -0.0000000000000000000 ) ) ;
#5930 = EDGE_CURVE ( 'NONE', #6022, #840, #1027, .T. ) ;
#5931 = ORIENTED_EDGE ( 'NONE', *, *, #9, .T. ) ;
#5932 = CARTESIAN_POINT ( 'NONE',  ( -1.780300936570950800, 0.0000000000000000000, 2.457947220217474800 ) ) ;
#5933 = MANIFOLD_SOLID_BREP ( 'Imported3', #2516 ) ;
#5934 = PRODUCT_DEFINITION ( 'UNKNOWN', '', #6288, #3134 ) ;
#5935 = VERTEX_POINT ( 'NONE', #3806 ) ;
#5936 = COLOUR_RGB ( '',1.000000000000000000, 1.000000000000000000, 1.000000000000000000 ) ;
#5937 = EDGE_CURVE ( 'NONE', #3790, #2883, #2420, .T. ) ;
#5938 = LINE ( 'NONE', #545, #1529 ) ;
#5939 = EDGE_CURVE ( 'NONE', #718, #51, #4580, .T. ) ;
#5940 = ORIENTED_EDGE ( 'NONE', *, *, #1983, .F. ) ;
#5941 = VECTOR ( 'NONE', #4838, 1000.000000000000200 ) ;
#5942 = LINE ( 'NONE', #824, #272 ) ;
#5943 = DIRECTION ( 'NONE',  ( 0.0000000000000000000, -0.0000000000000000000, 1.000000000000000000 ) ) ;
#5944 = VECTOR ( 'NONE', #2502, 1000.000000000000000 ) ;
#5945 = EDGE_LOOP ( 'NONE', ( #5276, #6781, #2178, #4474 ) ) ;
#5946 = EDGE_CURVE ( 'NONE', #4135, #2357, #3682, .T. ) ;
#5947 = VERTEX_POINT ( 'NONE', #5409 ) ;
#5948 = ORIENTED_EDGE ( 'NONE', *, *, #3066, .F. ) ;
#5949 = EDGE_LOOP ( 'NONE', ( #3318, #95, #4160, #3918 ) ) ;
#5950 =( NAMED_UNIT ( * ) PLANE_ANGLE_UNIT ( ) SI_UNIT ( $, .RADIAN. ) );
#5951 = VECTOR ( 'NONE', #6778, 1000.000000000000000 ) ;
#5952 = CARTESIAN_POINT ( 'NONE',  ( -1.132670721784655700, 0.0000000000000000000, -2.292928937522328100 ) ) ;
#5953 = VECTOR ( 'NONE', #5400, 1000.000000000000000 ) ;
#5954 = CARTESIAN_POINT ( 'NONE',  ( -0.9552187682305380800, -0.05000000000000000300, -2.470380891076451300 ) ) ;
#5955 = DIRECTION ( 'NONE',  ( -0.0000000000000000000, -1.000000000000000000, -0.0000000000000000000 ) ) ;
#5956 = LINE ( 'NONE', #5882, #4519 ) ;
#5957 = FACE_OUTER_BOUND ( 'NONE', #427, .T. ) ;
#5958 = AXIS2_PLACEMENT_3D ( 'NONE', #5553, #2385, #6102 ) ;
#5959 = ORIENTED_EDGE ( 'NONE', *, *, #6088, .F. ) ;
#5960 = CARTESIAN_POINT ( 'NONE',  ( -8.358723224855744100, -0.05000000000000000300, 1.840000000000001600 ) ) ;
#5961 = PLANE ( 'NONE',  #6449 ) ;
#5962 = CARTESIAN_POINT ( 'NONE',  ( -2.880000000000001700, -2.200000000000000200, -5.000000000000002700 ) ) ;
#5963 = CIRCLE ( 'NONE', #4923, 0.3249999999999997900 ) ;
#5964 = ORIENTED_EDGE ( 'NONE', *, *, #4526, .F. ) ;
#5965 = DIRECTION ( 'NONE',  ( 0.0000000000000000000, -0.0000000000000000000, -1.000000000000000000 ) ) ;
#5966 = ORIENTED_EDGE ( 'NONE', *, *, #5484, .T. ) ;
#5967 = LINE ( 'NONE', #1929, #4528 ) ;
#5968 = ORIENTED_EDGE ( 'NONE', *, *, #2044, .T. ) ;
#5969 = EDGE_CURVE ( 'NONE', #6641, #5391, #347, .T. ) ;
#5970 = EDGE_CURVE ( 'NONE', #4064, #3439, #4413, .T. ) ;
#5971 = FACE_OUTER_BOUND ( 'NONE', #2386, .T. ) ;
#5972 = PLANE ( 'NONE',  #3705 ) ;
#5973 = ORIENTED_EDGE ( 'NONE', *, *, #6402, .F. ) ;
#5974 = FILL_AREA_STYLE_COLOUR ( '', #1726 ) ;
#5975 = CARTESIAN_POINT ( 'NONE',  ( -0.4500000000000000100, -2.149999999999999900, -4.000000000000000000 ) ) ;
#5976 = AXIS2_PLACEMENT_3D ( 'NONE', #444, #3085, #6815 ) ;
#5977 = AXIS2_PLACEMENT_3D ( 'NONE', #2056, #3660, #480 ) ;
#5978 = CARTESIAN_POINT ( 'NONE',  ( -1.115000000000000200, -3.050000000000000300, 5.000000000000000900 ) ) ;
#5979 = LINE ( 'NONE', #1101, #1728 ) ;
#5980 = AXIS2_PLACEMENT_3D ( 'NONE', #1034, #2089, #5820 ) ;
#5981 = EDGE_CURVE ( 'NONE', #2069, #262, #3180, .T. ) ;
#5982 = DIRECTION ( 'NONE',  ( 0.0000000000000000000, 1.000000000000000000, 0.0000000000000000000 ) ) ;
#5983 = EDGE_CURVE ( 'NONE', #3059, #1336, #4917, .T. ) ;
#5984 = CARTESIAN_POINT ( 'NONE',  ( -1.889999999999999900, -3.000000000000000000, 5.000000000000000900 ) ) ;
#5985 = VECTOR ( 'NONE', #3008, 1000.000000000000100 ) ;
#5986 = VECTOR ( 'NONE', #527, 1000.000000000000000 ) ;
#5987 = ORIENTED_EDGE ( 'NONE', *, *, #6748, .F. ) ;
#5988 = VECTOR ( 'NONE', #1843, 1000.000000000000000 ) ;
#5989 = SURFACE_STYLE_FILL_AREA ( #6238 ) ;
#5990 = CARTESIAN_POINT ( 'NONE',  ( 1.439999999999999900, -2.200000000000000200, 5.000000000000000900 ) ) ;
#5991 = DIRECTION ( 'NONE',  ( 0.6427876096865440300, 0.0000000000000000000, 0.7660444431189741300 ) ) ;
#5992 = DIRECTION ( 'NONE',  ( 0.0000000000000000000, 0.0000000000000000000, -1.000000000000000000 ) ) ;
#5993 = CARTESIAN_POINT ( 'NONE',  ( -0.9899999999999995500, -2.149999999999999900, 0.01782600801236681300 ) ) ;
#5994 = PLANE ( 'NONE',  #4396 ) ;
#5995 = EDGE_CURVE ( 'NONE', #5071, #318, #4505, .T. ) ;
#5996 = UNCERTAINTY_MEASURE_WITH_UNIT (LENGTH_MEASURE( 1.000000000000000100E-005 ), #5236, 'distance_accuracy_value', 'NONE');
#5997 = CLOSED_SHELL ( 'NONE', ( #5477, #6070, #6283, #4589, #6636, #2524, #5573, #1245, #2853 ) ) ;
#5998 = CARTESIAN_POINT ( 'NONE',  ( -1.440000000000001500, -3.050000000000000300, -5.000000000000000000 ) ) ;
#5999 = CARTESIAN_POINT ( 'NONE',  ( -0.9571313147165010400, -0.05000000000000000300, 0.2452679893092402900 ) ) ;
#6000 = CARTESIAN_POINT ( 'NONE',  ( -0.5211717993440886400, -0.05000000000000000300, 0.3499999999999999200 ) ) ;
#6001 = VECTOR ( 'NONE', #6556, 1000.000000000000000 ) ;
#6002 = FILL_AREA_STYLE ('',( #4907 ) ) ;
#6003 = DIRECTION ( 'NONE',  ( 0.0000000000000000000, 1.000000000000000000, 0.0000000000000000000 ) ) ;
#6004 = ORIENTED_EDGE ( 'NONE', *, *, #1399, .T. ) ;
#6005 = DIRECTION ( 'NONE',  ( 0.0000000000000000000, 1.000000000000000000, 0.0000000000000000000 ) ) ;
#6006 = ORIENTED_EDGE ( 'NONE', *, *, #3952, .T. ) ;
#6007 = ORIENTED_EDGE ( 'NONE', *, *, #5412, .F. ) ;
#6008 = AXIS2_PLACEMENT_3D ( 'NONE', #5404, #2236, #5965 ) ;
#6009 = DIRECTION ( 'NONE',  ( 0.0000000000000000000, 1.000000000000000000, 0.0000000000000000000 ) ) ;
#6010 = ORIENTED_EDGE ( 'NONE', *, *, #2365, .F. ) ;
#6011 = EDGE_LOOP ( 'NONE', ( #3785, #719, #2774, #704 ) ) ;
#6012 = ORIENTED_EDGE ( 'NONE', *, *, #5461, .T. ) ;
#6013 = LINE ( 'NONE', #6265, #344 ) ;
#6014 = AXIS2_PLACEMENT_3D ( 'NONE', #4314, #1146, #4837 ) ;
#6015 = DIRECTION ( 'NONE',  ( -0.0000000000000000000, -1.000000000000000000, -0.0000000000000000000 ) ) ;
#6016 = FILL_AREA_STYLE_COLOUR ( '', #4308 ) ;
#6017 = ADVANCED_FACE ( 'NONE', ( #1698 ), #3320, .F. ) ;
#6018 = CARTESIAN_POINT ( 'NONE',  ( -9.855445003483749700, -2.149999999999999900, 0.01782600801236681300 ) ) ;
#6019 = VECTOR ( 'NONE', #706, 1000.000000000000000 ) ;
#6020 = CARTESIAN_POINT ( 'NONE',  ( 1.239153049900266800, -0.05000000000000000300, 2.186446609406700300 ) ) ;
#6021 = FACE_OUTER_BOUND ( 'NONE', #6509, .T. ) ;
#6022 = VERTEX_POINT ( 'NONE', #5434 ) ;
#6023 = CARTESIAN_POINT ( 'NONE',  ( -0.4500000000000001800, -3.000000000000000400, 3.800000000000000700 ) ) ;
#6024 = FACE_OUTER_BOUND ( 'NONE', #966, .T. ) ;
#6025 = AXIS2_PLACEMENT_3D ( 'NONE', #4292, #1121, #4818 ) ;
#6026 = FACE_OUTER_BOUND ( 'NONE', #5587, .T. ) ;
#6027 = CIRCLE ( 'NONE', #4707, 0.3249999999999997900 ) ;
#6028 = ORIENTED_EDGE ( 'NONE', *, *, #2580, .T. ) ;
#6029 = DIRECTION ( 'NONE',  ( 1.000000000000000000, 0.0000000000000000000, -0.0000000000000000000 ) ) ;
#6030 = DIRECTION ( 'NONE',  ( -0.7071067811865513500, 0.0000000000000000000, 0.7071067811865438000 ) ) ;
#6031 = EDGE_LOOP ( 'NONE', ( #6223, #5001, #4743, #4723 ) ) ;
#6032 = ORIENTED_EDGE ( 'NONE', *, *, #6274, .F. ) ;
#6033 = VERTEX_POINT ( 'NONE', #5459 ) ;
#6034 = FACE_OUTER_BOUND ( 'NONE', #2202, .T. ) ;
#6035 = ORIENTED_EDGE ( 'NONE', *, *, #4260, .F. ) ;
#6037 = EDGE_CURVE ( 'NONE', #5854, #962, #2921, .T. ) ;
#6036 = ORIENTED_EDGE ( 'NONE', *, *, #6333, .F. ) ;
#6038 = FACE_OUTER_BOUND ( 'NONE', #6107, .T. ) ;
#6039 = FACE_OUTER_BOUND ( 'NONE', #892, .T. ) ;
#6040 = VERTEX_POINT ( 'NONE', #4918 ) ;
#6041 = DIRECTION ( 'NONE',  ( 4.336808689942017700E-016, 0.0000000000000000000, -1.000000000000000000 ) ) ;
#6042 = CIRCLE ( 'NONE', #2085, 0.3249999999999997900 ) ;
#6043 = PLANE ( 'NONE',  #3753 ) ;
#6044 = PLANE ( 'NONE',  #2659 ) ;
#6045 = FACE_OUTER_BOUND ( 'NONE', #599, .T. ) ;
#6046 = EDGE_LOOP ( 'NONE', ( #5238, #6156, #3097, #634, #4015, #937 ) ) ;
#6047 = ORIENTED_EDGE ( 'NONE', *, *, #4712, .F. ) ;
#6048 = AXIS2_PLACEMENT_3D ( 'NONE', #661, #1739, #5448 ) ;
#6049 = ORIENTED_EDGE ( 'NONE', *, *, #5320, .T. ) ;
#6050 = VERTEX_POINT ( 'NONE', #1227 ) ;
#6051 = DIRECTION ( 'NONE',  ( 0.0000000000000000000, 1.000000000000000000, 0.0000000000000000000 ) ) ;
#6052 = ORIENTED_EDGE ( 'NONE', *, *, #6764, .F. ) ;
#6053 = ADVANCED_FACE ( 'NONE', ( #4339 ), #163, .F. ) ;
#6054 = CIRCLE ( 'NONE', #1256, 0.3249999999999997900 ) ;
#6055 = EDGE_CURVE ( 'NONE', #3586, #3208, #5579, .T. ) ;
#6056 = EDGE_CURVE ( 'NONE', #51, #864, #108, .T. ) ;
#6057 = LINE ( 'NONE', #5999, #1812 ) ;
#6058 = FILL_AREA_STYLE ('',( #5501 ) ) ;
#6059 = AXIS2_PLACEMENT_3D ( 'NONE', #3457, #285, #3988 ) ;
#6060 = AXIS2_PLACEMENT_3D ( 'NONE', #439, #4154, #987 ) ;
#6061 = VECTOR ( 'NONE', #10, 1000.000000000000000 ) ;
#6062 = DIRECTION ( 'NONE',  ( -1.445602896647339900E-015, 0.0000000000000000000, 1.000000000000000000 ) ) ;
#6063 = DIRECTION ( 'NONE',  ( 1.000000000000000000, -0.0000000000000000000, 0.0000000000000000000 ) ) ;
#6064 = EDGE_CURVE ( 'NONE', #5618, #2330, #4180, .T. ) ;
#6065 = VECTOR ( 'NONE', #4711, 1000.000000000000000 ) ;
#6066 = EDGE_CURVE ( 'NONE', #4569, #2532, #1349, .T. ) ;
#6067 = ORIENTED_EDGE ( 'NONE', *, *, #4144, .T. ) ;
#6068 = CARTESIAN_POINT ( 'NONE',  ( -1.780300936570951200, -0.05000000000000000300, 2.457947220217474800 ) ) ;
#6069 = FACE_OUTER_BOUND ( 'NONE', #816, .T. ) ;
#6070 = ADVANCED_FACE ( 'NONE', ( #270 ), #1797, .F. ) ;
#6071 = VERTEX_POINT ( 'NONE', #6579 ) ;
#6072 = AXIS2_PLACEMENT_3D ( 'NONE', #1679, #1662, #2190 ) ;
#6073 = CARTESIAN_POINT ( 'NONE',  ( -9.855445003483749700, -2.200000000000000200, -4.000000000000000000 ) ) ;
#6074 = DIRECTION ( 'NONE',  ( -0.0000000000000000000, -1.000000000000000000, 0.0000000000000000000 ) ) ;
#6075 = EDGE_CURVE ( 'NONE', #6564, #2028, #2600, .T. ) ;
#6076 = EDGE_LOOP ( 'NONE', ( #3284, #896, #6307, #3610, #469, #6205 ) ) ;
#6077 = CARTESIAN_POINT ( 'NONE',  ( -0.4499999999999903500, -2.149999999999999900, 0.01782600801234591000 ) ) ;
#6078 = UNCERTAINTY_MEASURE_WITH_UNIT (LENGTH_MEASURE( 1.000000000000000100E-005 ), #2992, 'distance_accuracy_value', 'NONE');
#6079 = ORIENTED_EDGE ( 'NONE', *, *, #6582, .F. ) ;
#6080 = VERTEX_POINT ( 'NONE', #3387 ) ;
#6081 = ADVANCED_FACE ( 'NONE', ( #4000 ), #4459, .F. ) ;
#6082 = DIRECTION ( 'NONE',  ( 0.0000000000000000000, 0.0000000000000000000, 1.000000000000000000 ) ) ;
#6083 = ORIENTED_EDGE ( 'NONE', *, *, #4414, .F. ) ;
#6084 = ORIENTED_EDGE ( 'NONE', *, *, #945, .T. ) ;
#6085 = PRODUCT ( 'ACSC02-41SURKWA-F01', 'ACSC02-41SURKWA-F01', '', ( #6847 ) ) ;
#6086 = DIRECTION ( 'NONE',  ( 0.7071067811865849900, -0.0000000000000000000, 0.7071067811865101600 ) ) ;
#6087 = EDGE_CURVE ( 'NONE', #806, #51, #6856, .T. ) ;
#6088 = EDGE_CURVE ( 'NONE', #6033, #1000, #1193, .T. ) ;
#6089 = EDGE_LOOP ( 'NONE', ( #6032, #5425, #3716, #2542, #62, #3091, #5535 ) ) ;
#6090 = CARTESIAN_POINT ( 'NONE',  ( 2.429999999999997500, -3.000000000000000400, -4.999999999999999100 ) ) ;
#6091 = ORIENTED_EDGE ( 'NONE', *, *, #4525, .T. ) ;
#6092 = AXIS2_PLACEMENT_3D ( 'NONE', #3922, #745, #4460 ) ;
#6093 = DIRECTION ( 'NONE',  ( 0.0000000000000000000, -0.0000000000000000000, 1.000000000000000000 ) ) ;
#6094 = EDGE_CURVE ( 'NONE', #5429, #3907, #3848, .T. ) ;
#6095 =( NAMED_UNIT ( * ) PLANE_ANGLE_UNIT ( ) SI_UNIT ( $, .RADIAN. ) );
#6096 = VECTOR ( 'NONE', #5359, 1000.000000000000100 ) ;
#6097 = PLANE ( 'NONE',  #5007 ) ;
#6098 = LINE ( 'NONE', #1439, #4679 ) ;
#6099 = ORIENTED_EDGE ( 'NONE', *, *, #5053, .T. ) ;
#6100 = CARTESIAN_POINT ( 'NONE',  ( 1.061714443247939300, -0.05000000000000000300, 6.776263578034402700E-017 ) ) ;
#6101 = ORIENTED_EDGE ( 'NONE', *, *, #1700, .F. ) ;
#6102 = DIRECTION ( 'NONE',  ( 0.0000000000000000000, 0.0000000000000000000, -1.000000000000000000 ) ) ;
#6103 = ADVANCED_FACE ( 'NONE', ( #6519 ), #6355, .F. ) ;
#6104 = CARTESIAN_POINT ( 'NONE',  ( -2.429999999999997900, -2.149999999999999900, 0.01782600801236681300 ) ) ;
#6105 = ORIENTED_EDGE ( 'NONE', *, *, #3554, .T. ) ;
#6106 = ORIENTED_EDGE ( 'NONE', *, *, #5474, .T. ) ;
#6107 = EDGE_LOOP ( 'NONE', ( #453, #788, #4938, #6718 ) ) ;
#6108 = VECTOR ( 'NONE', #1432, 1000.000000000000000 ) ;
#6109 = CYLINDRICAL_SURFACE ( 'NONE', #6072, 0.3249999999999997900 ) ;
#6110 = VECTOR ( 'NONE', #3742, 1000.000000000000200 ) ;
#6111 = FACE_OUTER_BOUND ( 'NONE', #5048, .T. ) ;
#6112 = DIRECTION ( 'NONE',  ( -1.000000000000000000, 0.0000000000000000000, -0.0000000000000000000 ) ) ;
#6113 = ORIENTED_EDGE ( 'NONE', *, *, #6354, .F. ) ;
#6114 = FACE_OUTER_BOUND ( 'NONE', #513, .T. ) ;
#6115 = CARTESIAN_POINT ( 'NONE',  ( 2.429999999999997900, -2.149999999999999900, -4.999999999999999100 ) ) ;
#6116 = ADVANCED_FACE ( 'NONE', ( #3688 ), #5010, .F. ) ;
#6117 = ORIENTED_EDGE ( 'NONE', *, *, #3982, .F. ) ;
#6118 = LINE ( 'NONE', #2018, #4697 ) ;
#6119 = CARTESIAN_POINT ( 'NONE',  ( -3.450000000000000200, -3.000000000000000000, 5.000000000000000900 ) ) ;
#6120 = CARTESIAN_POINT ( 'NONE',  ( -9.855445003483749700, -2.200000000000000200, -4.000000000000000000 ) ) ;
#6121 = FACE_OUTER_BOUND ( 'NONE', #3269, .T. ) ;
#6122 = EDGE_LOOP ( 'NONE', ( #5748, #6650, #141, #3000 ) ) ;
#6123 = FILL_AREA_STYLE_COLOUR ( '', #5447 ) ;
#6124 =( NAMED_UNIT ( * ) PLANE_ANGLE_UNIT ( ) SI_UNIT ( $, .RADIAN. ) );
#6125 = PLANE ( 'NONE',  #5737 ) ;
#6126 = CARTESIAN_POINT ( 'NONE',  ( 0.4500000000000007300, -2.200000000000000200, 5.000000000000000900 ) ) ;
#6127 = VECTOR ( 'NONE', #620, 1000.000000000000000 ) ;
#6128 = CARTESIAN_POINT ( 'NONE',  ( 0.3250000000000000100, -2.149999999999999900, 5.000000000000000900 ) ) ;
#6129 = AXIS2_PLACEMENT_3D ( 'NONE', #3643, #457, #4166 ) ;
#6130 = VERTEX_POINT ( 'NONE', #2374 ) ;
#6131 = DIRECTION ( 'NONE',  ( -1.000000000000000000, -0.0000000000000000000, -0.0000000000000000000 ) ) ;
#6132 = PLANE ( 'NONE',  #5838 ) ;
#6133 = FACE_OUTER_BOUND ( 'NONE', #2194, .T. ) ;
#6134 = AXIS2_PLACEMENT_3D ( 'NONE', #5073, #5615, #2428 ) ;
#6135 = DIRECTION ( 'NONE',  ( 1.000000000000000000, 0.0000000000000000000, 0.0000000000000000000 ) ) ;
#6136 = VECTOR ( 'NONE', #6175, 1000.000000000000000 ) ;
#6137 = ADVANCED_FACE ( 'NONE', ( #2268 ), #3962, .T. ) ;
#6138 = EDGE_CURVE ( 'NONE', #6152, #6040, #4418, .T. ) ;
#6139 = CARTESIAN_POINT ( 'NONE',  ( 1.890000000000001000, -2.149999999999999900, 0.01782600801236681300 ) ) ;
#6140 = VECTOR ( 'NONE', #1608, 1000.000000000000000 ) ;
#6141 = PRESENTATION_LAYER_ASSIGNMENT (  '', '', ( #5414 ) ) ;
#6142 = ORIENTED_EDGE ( 'NONE', *, *, #4733, .F. ) ;
#6143 = ORIENTED_EDGE ( 'NONE', *, *, #2977, .T. ) ;
#6144 = VECTOR ( 'NONE', #4483, 1000.000000000000000 ) ;
#6145 = CARTESIAN_POINT ( 'NONE',  ( -1.439999999999999900, -2.149999999999999900, 5.000000000000000000 ) ) ;
#6146 = VECTOR ( 'NONE', #5153, 1000.000000000000000 ) ;
#6147 = PLANE ( 'NONE',  #4349 ) ;
#6148 = ADVANCED_FACE ( 'NONE', ( #5850 ), #5667, .F. ) ;
#6149 = AXIS2_PLACEMENT_3D ( 'NONE', #2837, #6584, #3374 ) ;
#6150 = EDGE_CURVE ( 'NONE', #6464, #4514, #3009, .T. ) ;
#6151 = AXIS2_PLACEMENT_3D ( 'NONE', #6854, #3665, #484 ) ;
#6152 = VERTEX_POINT ( 'NONE', #1888 ) ;
#6153 = DIRECTION ( 'NONE',  ( 0.0000000000000000000, -0.0000000000000000000, -1.000000000000000000 ) ) ;
#6154 = VECTOR ( 'NONE', #1733, 1000.000000000000000 ) ;
#6155 = CARTESIAN_POINT ( 'NONE',  ( -0.9571313147165010400, 0.0000000000000000000, 0.2452679893092399600 ) ) ;
#6156 = ORIENTED_EDGE ( 'NONE', *, *, #2586, .T. ) ;
#6157 = CARTESIAN_POINT ( 'NONE',  ( -4.337867785812140800, -0.05000000000000000300, -4.791868914782172700 ) ) ;
#6158 = EDGE_CURVE ( 'NONE', #3204, #961, #349, .T. ) ;
#6159 = DIRECTION ( 'NONE',  ( -0.0000000000000000000, -1.000000000000000000, 0.0000000000000000000 ) ) ;
#6160 = ORIENTED_EDGE ( 'NONE', *, *, #2011, .T. ) ;
#6161 = ORIENTED_EDGE ( 'NONE', *, *, #6294, .T. ) ;
#6162 = DIRECTION ( 'NONE',  ( -0.0000000000000000000, -1.000000000000000000, -0.0000000000000000000 ) ) ;
#6163 = VERTEX_POINT ( 'NONE', #839 ) ;
#6164 = CARTESIAN_POINT ( 'NONE',  ( -9.855445003483749700, -2.200000000000000200, -4.999999999999999100 ) ) ;
#6165 = CARTESIAN_POINT ( 'NONE',  ( 2.429999999999980600, -2.200000000000000200, 0.01782600801240943500 ) ) ;
#6166 = DIRECTION ( 'NONE',  ( 0.0000000000000000000, 1.000000000000000000, 0.0000000000000000000 ) ) ;
#6167 = ORIENTED_EDGE ( 'NONE', *, *, #1577, .T. ) ;
#6168 = ORIENTED_EDGE ( 'NONE', *, *, #4132, .T. ) ;
#6169 = CARTESIAN_POINT ( 'NONE',  ( 1.439999999999998600, -2.200000000000000200, -5.000000000000000900 ) ) ;
#6170 = LINE ( 'NONE', #922, #3335 ) ;
#6171 = ADVANCED_FACE ( 'NONE', ( #24 ), #4087, .F. ) ;
#6172 = AXIS2_PLACEMENT_3D ( 'NONE', #2536, #6259, #3067 ) ;
#6173 = PLANE ( 'NONE',  #1026 ) ;
#6174 = DIRECTION ( 'NONE',  ( 1.000000000000000000, 0.0000000000000000000, -0.0000000000000000000 ) ) ;
#6175 = DIRECTION ( 'NONE',  ( 1.000000000000000000, 0.0000000000000000000, 0.0000000000000000000 ) ) ;
#6176 = LINE ( 'NONE', #678, #5082 ) ;
#6177 = CARTESIAN_POINT ( 'NONE',  ( -1.440000000000001500, -2.149999999999999900, -5.000000000000000000 ) ) ;
#6178 = EDGE_CURVE ( 'NONE', #3627, #4758, #5494, .T. ) ;
#6179 = CYLINDRICAL_SURFACE ( 'NONE', #5857, 0.3249999999999997900 ) ;
#6180 = LINE ( 'NONE', #4792, #524 ) ;
#6181 = ORIENTED_EDGE ( 'NONE', *, *, #2011, .F. ) ;
#6182 = EDGE_CURVE ( 'NONE', #4725, #6267, #4258, .T. ) ;
#6183 = FILL_AREA_STYLE ('',( #835 ) ) ;
#6184 = SURFACE_STYLE_USAGE ( .BOTH. , #2460 ) ;
#6185 = EDGE_CURVE ( 'NONE', #4213, #2433, #183, .T. ) ;
#6186 = ADVANCED_FACE ( 'NONE', ( #3920 ), #863, .T. ) ;
#6187 = CARTESIAN_POINT ( 'NONE',  ( -0.4500000000000001800, -3.050000000000000300, -5.000000000000000900 ) ) ;
#6188 = LINE ( 'NONE', #3093, #1942 ) ;
#6189 = VECTOR ( 'NONE', #3934, 1000.000000000000000 ) ;
#6190 = SURFACE_STYLE_FILL_AREA ( #5638 ) ;
#6191 = LINE ( 'NONE', #6211, #4767 ) ;
#6192 = PRESENTATION_LAYER_ASSIGNMENT (  '', '', ( #5467 ) ) ;
#6193 = ORIENTED_EDGE ( 'NONE', *, *, #5561, .F. ) ;
#6194 = AXIS2_PLACEMENT_3D ( 'NONE', #4057, #886, #4582 ) ;
#6195 =( NAMED_UNIT ( * ) SI_UNIT ( $, .STERADIAN. ) SOLID_ANGLE_UNIT ( ) );
#6196 = CARTESIAN_POINT ( 'NONE',  ( 1.717032848111743400, 0.0000000000000000000, -0.5237444021527721800 ) ) ;
#6197 = PLANE ( 'NONE',  #1664 ) ;
#6198 = EDGE_CURVE ( 'NONE', #5252, #4377, #2840, .T. ) ;
#6199 = EDGE_LOOP ( 'NONE', ( #4827, #2893, #1543, #4749 ) ) ;
#6200 = VERTEX_POINT ( 'NONE', #2431 ) ;
#6201 = VERTEX_POINT ( 'NONE', #6730 ) ;
#6202 = EDGE_CURVE ( 'NONE', #5280, #840, #5268, .T. ) ;
#6203 = LINE ( 'NONE', #548, #373 ) ;
#6204 = DIRECTION ( 'NONE',  ( 0.0000000000000000000, 0.0000000000000000000, 1.000000000000000000 ) ) ;
#6205 = ORIENTED_EDGE ( 'NONE', *, *, #6525, .T. ) ;
#6206 = ORIENTED_EDGE ( 'NONE', *, *, #4649, .F. ) ;
#6207 = CARTESIAN_POINT ( 'NONE',  ( 1.797055987703439100, 2.032879073410320800E-017, -2.472006377443097100 ) ) ;
#6208 = FACE_OUTER_BOUND ( 'NONE', #4948, .T. ) ;
#6209 = ORIENTED_EDGE ( 'NONE', *, *, #3786, .T. ) ;
#6210 = CARTESIAN_POINT ( 'NONE',  ( -5.892161442081254900, -0.05000000000000000300, 2.466561782774414200 ) ) ;
#6211 = CARTESIAN_POINT ( 'NONE',  ( -1.889999999999999900, -3.050000000000000300, -5.000000000000000000 ) ) ;
#6212 = CARTESIAN_POINT ( 'NONE',  ( 2.879999999999998600, -3.050000000000000300, -5.000000000000000900 ) ) ;
#6213 = CARTESIAN_POINT ( 'NONE',  ( 1.890000000000001500, -3.000000000000000000, -4.999999999999999100 ) ) ;
#6214 =( LENGTH_UNIT ( ) NAMED_UNIT ( * ) SI_UNIT ( .MILLI., .METRE. ) );
#6215 = LINE ( 'NONE', #1806, #3539 ) ;
#6216 = ADVANCED_FACE ( 'NONE', ( #2434 ), #1037, .F. ) ;
#6217 = ORIENTED_EDGE ( 'NONE', *, *, #4153, .T. ) ;
#6218 = DIRECTION ( 'NONE',  ( 1.000000000000000000, 0.0000000000000000000, 0.0000000000000000000 ) ) ;
#6219 = CARTESIAN_POINT ( 'NONE',  ( 2.429999999999998400, -3.000000000000000400, -3.799999999999999800 ) ) ;
#6220 = VERTEX_POINT ( 'NONE', #2492 ) ;
#6221 = EDGE_CURVE ( 'NONE', #1, #3679, #1269, .T. ) ;
#6222 = ORIENTED_EDGE ( 'NONE', *, *, #511, .T. ) ;
#6223 = ORIENTED_EDGE ( 'NONE', *, *, #5104, .F. ) ;
#6224 = ORIENTED_EDGE ( 'NONE', *, *, #243, .T. ) ;
#6225 = EDGE_LOOP ( 'NONE', ( #3852, #702, #5621, #5376 ) ) ;
#6226 = DIRECTION ( 'NONE',  ( 0.0000000000000000000, 1.000000000000000000, 0.0000000000000000000 ) ) ;
#6227 = LINE ( 'NONE', #3896, #6567 ) ;
#6228 = VERTEX_POINT ( 'NONE', #5665 ) ;
#6229 = DIRECTION ( 'NONE',  ( -0.9848077530122095700, 0.0000000000000000000, -0.1736481776669218100 ) ) ;
#6230 = DIRECTION ( 'NONE',  ( 0.0000000000000000000, 0.0000000000000000000, -1.000000000000000000 ) ) ;
#6231 = ADVANCED_FACE ( 'NONE', ( #1203 ), #3558, .F. ) ;
#6232 = VECTOR ( 'NONE', #1722, 1000.000000000000000 ) ;
#6233 = AXIS2_PLACEMENT_3D ( 'NONE', #4008, #2410, #4547 ) ;
#6234 = CARTESIAN_POINT ( 'NONE',  ( -9.855445003483749700, -2.200000000000000200, -4.000000000000000000 ) ) ;
#6235 =( NAMED_UNIT ( * ) PLANE_ANGLE_UNIT ( ) SI_UNIT ( $, .RADIAN. ) );
#6236 = FACE_OUTER_BOUND ( 'NONE', #4199, .T. ) ;
#6237 = AXIS2_PLACEMENT_3D ( 'NONE', #1303, #5000, #1832 ) ;
#6238 = FILL_AREA_STYLE ('',( #4078 ) ) ;
#6239 = SURFACE_SIDE_STYLE ('',( #4822 ) ) ;
#6240 = ORIENTED_EDGE ( 'NONE', *, *, #4959, .F. ) ;
#6241 = CARTESIAN_POINT ( 'NONE',  ( -0.4500000000000001800, -3.050000000000000300, 3.800000000000001200 ) ) ;
#6242 = PRESENTATION_LAYER_ASSIGNMENT (  '', '', ( #5890 ) ) ;
#6243 = EDGE_CURVE ( 'NONE', #5588, #249, #2518, .T. ) ;
#6244 = ORIENTED_EDGE ( 'NONE', *, *, #6469, .T. ) ;
#6245 = CARTESIAN_POINT ( 'NONE',  ( -0.9899999999999988800, -3.050000000000000300, -9.591503366463465200 ) ) ;
#6246 = FACE_OUTER_BOUND ( 'NONE', #3795, .T. ) ;
#6247 = DIRECTION ( 'NONE',  ( 0.0000000000000000000, 0.0000000000000000000, 1.000000000000000000 ) ) ;
#6248 = DIRECTION ( 'NONE',  ( 0.0000000000000000000, 1.000000000000000000, 0.0000000000000000000 ) ) ;
#6249 = ORIENTED_EDGE ( 'NONE', *, *, #498, .F. ) ;
#6250 = DIRECTION ( 'NONE',  ( -1.000000000000000000, 0.0000000000000000000, -0.0000000000000000000 ) ) ;
#6251 = ADVANCED_FACE ( 'NONE', ( #3699 ), #2514, .T. ) ;
#6252 = LINE ( 'NONE', #5496, #2172 ) ;
#6253 = PLANE ( 'NONE',  #3498 ) ;
#6254 = ORIENTED_EDGE ( 'NONE', *, *, #2750, .T. ) ;
#6255 = ORIENTED_EDGE ( 'NONE', *, *, #4462, .F. ) ;
#6256 = DIRECTION ( 'NONE',  ( 0.0000000000000000000, 0.0000000000000000000, 1.000000000000000000 ) ) ;
#6257 = ORIENTED_EDGE ( 'NONE', *, *, #6094, .T. ) ;
#6258 = CARTESIAN_POINT ( 'NONE',  ( -1.889999999999999900, -3.000000000000000400, 5.000000000000000900 ) ) ;
#6259 = DIRECTION ( 'NONE',  ( 0.0000000000000000000, -1.000000000000000000, 0.0000000000000000000 ) ) ;
#6260 = ADVANCED_FACE ( 'NONE', ( #6364 ), #3582, .F. ) ;
#6261 = ORIENTED_EDGE ( 'NONE', *, *, #1179, .F. ) ;
#6262 = ORIENTED_EDGE ( 'NONE', *, *, #2620, .F. ) ;
#6263 = ORIENTED_EDGE ( 'NONE', *, *, #5474, .F. ) ;
#6264 = SURFACE_SIDE_STYLE ('',( #3700 ) ) ;
#6265 = CARTESIAN_POINT ( 'NONE',  ( 2.430000000000000200, -3.050000000000000300, 3.800000000000000300 ) ) ;
#6266 = CARTESIAN_POINT ( 'NONE',  ( -1.698248156788428200, -0.05000000000000000300, 2.540000000000000500 ) ) ;
#6267 = VERTEX_POINT ( 'NONE', #401 ) ;
#6268 = DIRECTION ( 'NONE',  ( -0.0000000000000000000, -1.000000000000000000, -0.0000000000000000000 ) ) ;
#6269 = AXIS2_PLACEMENT_3D ( 'NONE', #3678, #5821, #2635 ) ;
#6270 = LINE ( 'NONE', #4797, #6096 ) ;
#6271 = VERTEX_POINT ( 'NONE', #1480 ) ;
#6272 = ORIENTED_EDGE ( 'NONE', *, *, #6573, .F. ) ;
#6273 = CARTESIAN_POINT ( 'NONE',  ( -3.330000000000001000, -2.149999999999999900, 5.000000000000000900 ) ) ;
#6274 = EDGE_CURVE ( 'NONE', #4373, #3360, #4925, .T. ) ;
#6275 = ORIENTED_EDGE ( 'NONE', *, *, #5346, .F. ) ;
#6276 = ORIENTED_EDGE ( 'NONE', *, *, #1669, .T. ) ;
#6277 = CLOSED_SHELL ( 'NONE', ( #4636, #743, #2449, #4674, #6658, #3961, #3103, #1970, #1921 ) ) ;
#6278 = VECTOR ( 'NONE', #3565, 1000.000000000000000 ) ;
#6279 = CARTESIAN_POINT ( 'NONE',  ( 0.4500000000000006800, -3.050000000000000300, 3.800000000000001200 ) ) ;
#6280 = FACE_OUTER_BOUND ( 'NONE', #4696, .T. ) ;
#6281 = VERTEX_POINT ( 'NONE', #5179 ) ;
#6282 = LINE ( 'NONE', #6435, #3431 ) ;
#6283 = ADVANCED_FACE ( 'NONE', ( #2278 ), #688, .F. ) ;
#6284 = ORIENTED_EDGE ( 'NONE', *, *, #500, .T. ) ;
#6285 = DIRECTION ( 'NONE',  ( 2.710505431213764000E-016, 0.0000000000000000000, 1.000000000000000000 ) ) ;
#6286 = EDGE_CURVE ( 'NONE', #6271, #723, #2108, .T. ) ;
#6287 = VECTOR ( 'NONE', #2102, 1000.000000000000000 ) ;
#6288 = PRODUCT_DEFINITION_FORMATION_WITH_SPECIFIED_SOURCE ( 'ANY', '', #6085, .NOT_KNOWN. ) ;
#6289 = AXIS2_PLACEMENT_3D ( 'NONE', #3247, #5245, #2065 ) ;
#6290 = EDGE_LOOP ( 'NONE', ( #1571, #1306, #5752, #1310, #5824, #1182 ) ) ;
#6291 = LINE ( 'NONE', #6000, #4861 ) ;
#6292 =( NAMED_UNIT ( * ) PLANE_ANGLE_UNIT ( ) SI_UNIT ( $, .RADIAN. ) );
#6293 = DIRECTION ( 'NONE',  ( -1.000000000000000000, 0.0000000000000000000, -0.0000000000000000000 ) ) ;
#6294 = EDGE_CURVE ( 'NONE', #4037, #3908, #5089, .T. ) ;
#6295 = DIRECTION ( 'NONE',  ( 0.0000000000000000000, 1.000000000000000000, 0.0000000000000000000 ) ) ;
#6296 = EDGE_CURVE ( 'NONE', #535, #717, #6188, .T. ) ;
#6297 = CARTESIAN_POINT ( 'NONE',  ( -9.855445003483749700, -2.200000000000000200, 5.000000000000000900 ) ) ;
#6298 = ADVANCED_FACE ( 'NONE', ( #6024 ), #6825, .T. ) ;
#6299 = FACE_OUTER_BOUND ( 'NONE', #2363, .T. ) ;
#6300 = DIRECTION ( 'NONE',  ( 0.0000000000000000000, 0.0000000000000000000, -1.000000000000000000 ) ) ;
#6301 = VERTEX_POINT ( 'NONE', #4664 ) ;
#6302 = ORIENTED_EDGE ( 'NONE', *, *, #5331, .F. ) ;
#6303 = VECTOR ( 'NONE', #3814, 1000.000000000000000 ) ;
#6304 = EDGE_CURVE ( 'NONE', #1103, #3049, #3344, .T. ) ;
#6305 =( LENGTH_UNIT ( ) NAMED_UNIT ( * ) SI_UNIT ( .MILLI., .METRE. ) );
#6306 = DIRECTION ( 'NONE',  ( 0.0000000000000000000, 1.000000000000000000, 0.0000000000000000000 ) ) ;
#6307 = ORIENTED_EDGE ( 'NONE', *, *, #1161, .T. ) ;
#6308 = ORIENTED_EDGE ( 'NONE', *, *, #2729, .F. ) ;
#6309 = AXIS2_PLACEMENT_3D ( 'NONE', #755, #1297, #4998 ) ;
#6310 = DIRECTION ( 'NONE',  ( 0.0000000000000000000, 0.0000000000000000000, -1.000000000000000000 ) ) ;
#6311 = CARTESIAN_POINT ( 'NONE',  ( -0.9899999999999997700, -2.149999999999999900, -4.000000000000000000 ) ) ;
#6312 = LINE ( 'NONE', #2423, #812 ) ;
#6313 = DIRECTION ( 'NONE',  ( 0.0000000000000000000, 0.0000000000000000000, 1.000000000000000000 ) ) ;
#6314 = FACE_OUTER_BOUND ( 'NONE', #1107, .T. ) ;
#6315 = ORIENTED_EDGE ( 'NONE', *, *, #1337, .F. ) ;
#6316 = FILL_AREA_STYLE ('',( #6832 ) ) ;
#6317 = ORIENTED_EDGE ( 'NONE', *, *, #6637, .T. ) ;
#6318 = CARTESIAN_POINT ( 'NONE',  ( -3.450000000000000200, 0.0000000000000000000, -4.000000000000000000 ) ) ;
#6319 = CARTESIAN_POINT ( 'NONE',  ( 1.764999999999998100, -2.200000000000000200, -4.999999999999999100 ) ) ;
#6320 = ADVANCED_FACE ( 'NONE', ( #1775 ), #4152, .F. ) ;
#6321 = LINE ( 'NONE', #5528, #2071 ) ;
#6322 = LINE ( 'NONE', #5634, #1001 ) ;
#6323 = CARTESIAN_POINT ( 'NONE',  ( -2.555000000000001500, -3.050000000000000300, -4.999999999999999100 ) ) ;
#6324 = CARTESIAN_POINT ( 'NONE',  ( -0.4500000000000007300, -2.149999999999999900, 4.000000000000000000 ) ) ;
#6325 = EDGE_CURVE ( 'NONE', #1145, #4558, #360, .T. ) ;
#6326 = EDGE_CURVE ( 'NONE', #6697, #3326, #530, .T. ) ;
#6327 = PLANE ( 'NONE',  #92 ) ;
#6328 = VERTEX_POINT ( 'NONE', #3110 ) ;
#6329 = CARTESIAN_POINT ( 'NONE',  ( -3.449999999999999700, -2.200000000000000200, 4.000000000000000000 ) ) ;
#6330 = AXIS2_PLACEMENT_3D ( 'NONE', #6862, #3670, #487 ) ;
#6331 = LINE ( 'NONE', #2264, #2080 ) ;
#6332 = AXIS2_PLACEMENT_3D ( 'NONE', #5319, #2149, #5870 ) ;
#6333 = EDGE_CURVE ( 'NONE', #2371, #1627, #5860, .T. ) ;
#6334 = ORIENTED_EDGE ( 'NONE', *, *, #2982, .T. ) ;
#6335 = ORIENTED_EDGE ( 'NONE', *, *, #4346, .F. ) ;
#6336 = CARTESIAN_POINT ( 'NONE',  ( 1.889999999999999500, -2.149999999999999900, -4.999999999999999100 ) ) ;
#6337 = EDGE_CURVE ( 'NONE', #5429, #6837, #4591, .T. ) ;
#6338 = CARTESIAN_POINT ( 'NONE',  ( 0.0000000000000000000, -3.050000000000000300, 5.000000000000000900 ) ) ;
#6339 = CARTESIAN_POINT ( 'NONE',  ( -9.855445003483749700, -2.149999999999999900, 5.000000000000000900 ) ) ;
#6340 = LINE ( 'NONE', #4062, #4901 ) ;
#6341 = CARTESIAN_POINT ( 'NONE',  ( -1.889999999999999900, -3.050000000000000300, 5.000000000000000900 ) ) ;
#6342 = DIRECTION ( 'NONE',  ( 0.0000000000000000000, 1.000000000000000000, 0.0000000000000000000 ) ) ;
#6343 = PLANE ( 'NONE',  #316 ) ;
#6344 = VERTEX_POINT ( 'NONE', #5786 ) ;
#6345 = ORIENTED_EDGE ( 'NONE', *, *, #5019, .T. ) ;
#6346 = PLANE ( 'NONE',  #5911 ) ;
#6347 = ORIENTED_EDGE ( 'NONE', *, *, #6786, .F. ) ;
#6348 = DIRECTION ( 'NONE',  ( 0.0000000000000000000, -0.0000000000000000000, 1.000000000000000000 ) ) ;
#6349 = DIRECTION ( 'NONE',  ( 0.0000000000000000000, 1.000000000000000000, 0.0000000000000000000 ) ) ;
#6350 = VERTEX_POINT ( 'NONE', #3137 ) ;
#6351 = ORIENTED_EDGE ( 'NONE', *, *, #2053, .F. ) ;
#6352 = LINE ( 'NONE', #4597, #3680 ) ;
#6353 = CARTESIAN_POINT ( 'NONE',  ( -0.4500000000000001800, -3.050000000000000300, 3.800000000000001200 ) ) ;
#6354 = EDGE_CURVE ( 'NONE', #2204, #3715, #4268, .T. ) ;
#6355 = CYLINDRICAL_SURFACE ( 'NONE', #2654, 0.4000000000000006300 ) ;
#6356 = LINE ( 'NONE', #4374, #6520 ) ;
#6357 = LINE ( 'NONE', #5165, #5261 ) ;
#6358 = VECTOR ( 'NONE', #2099, 1000.000000000000000 ) ;
#6359 = VERTEX_POINT ( 'NONE', #1022 ) ;
#6360 = CARTESIAN_POINT ( 'NONE',  ( 0.4262663950270750800, -0.05000000000000000300, 1.839999999999999400 ) ) ;
#6361 = DIRECTION ( 'NONE',  ( 0.0000000000000000000, 0.0000000000000000000, 1.000000000000000000 ) ) ;
#6362 = CARTESIAN_POINT ( 'NONE',  ( 0.9899999999999999900, -3.000000000000000000, 5.000000000000000900 ) ) ;
#6363 = AXIS2_PLACEMENT_3D ( 'NONE', #146, #671, #4388 ) ;
#6364 = FACE_OUTER_BOUND ( 'NONE', #4898, .T. ) ;
#6365 = VECTOR ( 'NONE', #941, 1000.000000000000000 ) ;
#6366 = CARTESIAN_POINT ( 'NONE',  ( -3.450000000000000200, -2.200000000000000200, 5.000000000000000900 ) ) ;
#6367 = CYLINDRICAL_SURFACE ( 'NONE', #4504, 0.3249999999999997900 ) ;
#6368 = CARTESIAN_POINT ( 'NONE',  ( 2.430000000000000200, -3.050000000000000300, -3.799999999999999800 ) ) ;
#6369 = DIRECTION ( 'NONE',  ( 1.000000000000000000, -0.0000000000000000000, 4.336808689942017700E-016 ) ) ;
#6370 = LINE ( 'NONE', #3720, #4929 ) ;
#6371 = DIRECTION ( 'NONE',  ( 0.0000000000000000000, 1.000000000000000000, 0.0000000000000000000 ) ) ;
#6372 = SURFACE_STYLE_FILL_AREA ( #833 ) ;
#6373 = LINE ( 'NONE', #6742, #2111 ) ;
#6374 = ORIENTED_EDGE ( 'NONE', *, *, #4414, .T. ) ;
#6375 = ORIENTED_EDGE ( 'NONE', *, *, #1882, .F. ) ;
#6376 = DIRECTION ( 'NONE',  ( 0.0000000000000000000, 1.000000000000000000, -0.0000000000000000000 ) ) ;
#6377 = EDGE_LOOP ( 'NONE', ( #1196, #4941, #1363, #2720 ) ) ;
#6378 = LINE ( 'NONE', #2639, #700 ) ;
#6379 = ORIENTED_EDGE ( 'NONE', *, *, #3696, .T. ) ;
#6380 = VERTEX_POINT ( 'NONE', #6324 ) ;
#6381 = VECTOR ( 'NONE', #1171, 1000.000000000000000 ) ;
#6382 = CARTESIAN_POINT ( 'NONE',  ( -0.9571313147165004800, 0.0000000000000000000, 0.2452679893092396500 ) ) ;
#6383 = ORIENTED_EDGE ( 'NONE', *, *, #404, .F. ) ;
#6384 = AXIS2_PLACEMENT_3D ( 'NONE', #5332, #4291, #1656 ) ;
#6385 = AXIS2_PLACEMENT_3D ( 'NONE', #5401, #4359, #1188 ) ;
#6386 = CARTESIAN_POINT ( 'NONE',  ( -3.450000000000000200, -2.200000000000000200, 5.000000000000000900 ) ) ;
#6387 = FACE_OUTER_BOUND ( 'NONE', #3254, .T. ) ;
#6388 = ORIENTED_EDGE ( 'NONE', *, *, #5554, .T. ) ;
#6389 = ORIENTED_EDGE ( 'NONE', *, *, #6431, .F. ) ;
#6390 = ORIENTED_EDGE ( 'NONE', *, *, #5053, .F. ) ;
#6391 = DIRECTION ( 'NONE',  ( -1.084202172485504400E-016, -0.0000000000000000000, -1.000000000000000000 ) ) ;
#6392 = ORIENTED_EDGE ( 'NONE', *, *, #2053, .T. ) ;
#6393 = CARTESIAN_POINT ( 'NONE',  ( -0.5211717993440886400, -0.05000000000000000300, 0.3499999999999999200 ) ) ;
#6394 = ORIENTED_EDGE ( 'NONE', *, *, #834, .T. ) ;
#6395 = ORIENTED_EDGE ( 'NONE', *, *, #6481, .T. ) ;
#6396 = DIRECTION ( 'NONE',  ( -1.000000000000000000, 0.0000000000000000000, -2.222614453595282500E-015 ) ) ;
#6397 = LINE ( 'NONE', #1758, #3886 ) ;
#6398 = EDGE_LOOP ( 'NONE', ( #6790, #5713, #433, #2882 ) ) ;
#6399 = CARTESIAN_POINT ( 'NONE',  ( -2.016446208322369800, -0.05000000000000000300, 2.221801948466053400 ) ) ;
#6400 = CARTESIAN_POINT ( 'NONE',  ( -2.016446208322369800, 0.0000000000000000000, 2.221801948466052900 ) ) ;
#6401 = CARTESIAN_POINT ( 'NONE',  ( -3.330000000000001000, -3.050000000000000300, -3.800000000000000300 ) ) ;
#6402 = EDGE_CURVE ( 'NONE', #6220, #6350, #3018, .T. ) ;
#6403 = CARTESIAN_POINT ( 'NONE',  ( -9.855445003483749700, -2.200000000000000200, 5.000000000000000900 ) ) ;
#6404 = VECTOR ( 'NONE', #4330, 1000.000000000000000 ) ;
#6405 = DIRECTION ( 'NONE',  ( 0.0000000000000000000, 0.0000000000000000000, -1.000000000000000000 ) ) ;
#6406 = UNCERTAINTY_MEASURE_WITH_UNIT (LENGTH_MEASURE( 1.000000000000000100E-005 ), #4451, 'distance_accuracy_value', 'NONE');
#6407 = FACE_OUTER_BOUND ( 'NONE', #5734, .T. ) ;
#6408 = CARTESIAN_POINT ( 'NONE',  ( -2.429999999999990400, -2.149999999999999900, 0.01782600801234749200 ) ) ;
#6409 = PLANE ( 'NONE',  #2222 ) ;
#6410 = CARTESIAN_POINT ( 'NONE',  ( -2.430000000000000600, -2.149999999999999900, -4.000000000000000000 ) ) ;
#6411 = PRESENTATION_LAYER_ASSIGNMENT (  '', '', ( #5677 ) ) ;
#6412 = DIRECTION ( 'NONE',  ( 0.0000000000000000000, 0.0000000000000000000, -1.000000000000000000 ) ) ;
#6413 = CARTESIAN_POINT ( 'NONE',  ( -1.780300936570951200, -0.05000000000000000300, 2.457947220217474800 ) ) ;
#6414 = ORIENTED_EDGE ( 'NONE', *, *, #5104, .T. ) ;
#6415 = CARTESIAN_POINT ( 'NONE',  ( -1.249430322124140700, -0.05000000000000000300, 2.722116373406124300E-015 ) ) ;
#6416 = CARTESIAN_POINT ( 'NONE',  ( -9.855445003483749700, -2.149999999999999900, 4.000000000000000000 ) ) ;
#6417 = CARTESIAN_POINT ( 'NONE',  ( 1.890000000000000800, -3.000000000000000400, 5.000000000000000000 ) ) ;
#6418 = VECTOR ( 'NONE', #1499, 1000.000000000000000 ) ;
#6419 = EDGE_CURVE ( 'NONE', #989, #6564, #1452, .T. ) ;
#6420 = DIRECTION ( 'NONE',  ( 0.0000000000000000000, 0.0000000000000000000, 1.000000000000000000 ) ) ;
#6421 = EDGE_CURVE ( 'NONE', #3149, #5774, #29, .T. ) ;
#6422 = CARTESIAN_POINT ( 'NONE',  ( 1.890000000000001000, -3.000000000000000400, -4.999999999999999100 ) ) ;
#6423 = EDGE_LOOP ( 'NONE', ( #125, #2561, #6105, #975 ) ) ;
#6424 = DIRECTION ( 'NONE',  ( 1.000000000000000000, 0.0000000000000000000, -0.0000000000000000000 ) ) ;
#6425 = PLANE ( 'NONE',  #5552 ) ;
#6426 = FACE_OUTER_BOUND ( 'NONE', #2255, .T. ) ;
#6427 = ORIENTED_EDGE ( 'NONE', *, *, #6467, .F. ) ;
#6428 = ORIENTED_EDGE ( 'NONE', *, *, #4534, .T. ) ;
#6429 = ORIENTED_EDGE ( 'NONE', *, *, #2013, .F. ) ;
#6430 = PRESENTATION_LAYER_ASSIGNMENT (  '', '', ( #5705 ) ) ;
#6431 = EDGE_CURVE ( 'NONE', #3623, #4297, #5678, .T. ) ;
#6432 = SURFACE_STYLE_USAGE ( .BOTH. , #2700 ) ;
#6433 = EDGE_CURVE ( 'NONE', #6468, #5556, #4096, .T. ) ;
#6434 = ORIENTED_EDGE ( 'NONE', *, *, #2401, .T. ) ;
#6435 = CARTESIAN_POINT ( 'NONE',  ( -3.450000000000000200, 0.0000000000000000000, 0.3499999999999996400 ) ) ;
#6436 = ORIENTED_EDGE ( 'NONE', *, *, #2886, .T. ) ;
#6437 = ORIENTED_EDGE ( 'NONE', *, *, #4462, .T. ) ;
#6438 = CARTESIAN_POINT ( 'NONE',  ( -3.449999999999999700, 0.0000000000000000000, 4.000000000000000000 ) ) ;
#6439 = DIRECTION ( 'NONE',  ( -0.6427876096865399200, 0.0000000000000000000, -0.7660444431189775700 ) ) ;
#6440 = ORIENTED_EDGE ( 'NONE', *, *, #3584, .F. ) ;
#6441 = DIRECTION ( 'NONE',  ( -0.7660444431189774600, 0.0000000000000000000, -0.6427876096865399200 ) ) ;
#6442 = FACE_OUTER_BOUND ( 'NONE', #4982, .T. ) ;
#6443 = FACE_OUTER_BOUND ( 'NONE', #4646, .T. ) ;
#6444 = DIRECTION ( 'NONE',  ( 1.000000000000000000, 0.0000000000000000000, 0.0000000000000000000 ) ) ;
#6445 = DIRECTION ( 'NONE',  ( 0.0000000000000000000, -0.0000000000000000000, 1.000000000000000000 ) ) ;
#6446 = DIRECTION ( 'NONE',  ( -0.0000000000000000000, -1.000000000000000000, -0.0000000000000000000 ) ) ;
#6447 = CARTESIAN_POINT ( 'NONE',  ( -1.764999999999999700, -2.200000000000000200, 5.000000000000000900 ) ) ;
#6448 = ORIENTED_EDGE ( 'NONE', *, *, #2843, .T. ) ;
#6449 = AXIS2_PLACEMENT_3D ( 'NONE', #2233, #2758, #6494 ) ;
#6450 = DIRECTION ( 'NONE',  ( -0.0000000000000000000, -1.000000000000000000, -0.0000000000000000000 ) ) ;
#6451 = SURFACE_STYLE_USAGE ( .BOTH. , #2721 ) ;
#6452 = LINE ( 'NONE', #4264, #769 ) ;
#6453 = PLANE ( 'NONE',  #4575 ) ;
#6454 = EDGE_CURVE ( 'NONE', #171, #5868, #1275, .T. ) ;
#6455 = FACE_OUTER_BOUND ( 'NONE', #1762, .T. ) ;
#6456 = ORIENTED_EDGE ( 'NONE', *, *, #5269, .F. ) ;
#6457 = VERTEX_POINT ( 'NONE', #3173 ) ;
#6458 = ORIENTED_EDGE ( 'NONE', *, *, #713, .F. ) ;
#6459 = EDGE_LOOP ( 'NONE', ( #6272, #5819, #2636, #379 ) ) ;
#6460 = FACE_OUTER_BOUND ( 'NONE', #5673, .T. ) ;
#6461 = DIRECTION ( 'NONE',  ( 0.0000000000000000000, 0.0000000000000000000, 1.000000000000000000 ) ) ;
#6462 = VERTEX_POINT ( 'NONE', #6909 ) ;
#6463 = VECTOR ( 'NONE', #5321, 1000.000000000000200 ) ;
#6464 = VERTEX_POINT ( 'NONE', #526 ) ;
#6465 = CARTESIAN_POINT ( 'NONE',  ( -0.4500000000000011800, -3.000000000000000000, -4.999999999999999100 ) ) ;
#6466 = LINE ( 'NONE', #508, #2215 ) ;
#6467 = EDGE_CURVE ( 'NONE', #5355, #723, #3778, .T. ) ;
#6468 = VERTEX_POINT ( 'NONE', #4746 ) ;
#6469 = EDGE_CURVE ( 'NONE', #116, #6050, #5348, .T. ) ;
#6470 = ORIENTED_EDGE ( 'NONE', *, *, #4032, .T. ) ;
#6471 = FACE_OUTER_BOUND ( 'NONE', #3580, .T. ) ;
#6472 = DIRECTION ( 'NONE',  ( -1.000000000000000000, 0.0000000000000000000, -1.807003620809176100E-016 ) ) ;
#6473 = DIRECTION ( 'NONE',  ( 0.0000000000000000000, 1.000000000000000000, 0.0000000000000000000 ) ) ;
#6474 = UNCERTAINTY_MEASURE_WITH_UNIT (LENGTH_MEASURE( 1.000000000000000100E-005 ), #2380, 'distance_accuracy_value', 'NONE');
#6475 = DIRECTION ( 'NONE',  ( -3.614007241618349800E-016, -0.0000000000000000000, 1.000000000000000000 ) ) ;
#6476 = CARTESIAN_POINT ( 'NONE',  ( -9.855445003483749700, -2.200000000000000200, 5.000000000000000900 ) ) ;
#6477 = VECTOR ( 'NONE', #100, 1000.000000000000000 ) ;
#6478 = ORIENTED_EDGE ( 'NONE', *, *, #2313, .T. ) ;
#6479 = ORIENTED_EDGE ( 'NONE', *, *, #4963, .F. ) ;
#6480 = AXIS2_PLACEMENT_3D ( 'NONE', #4067, #1967, #5669 ) ;
#6481 = EDGE_CURVE ( 'NONE', #3001, #1875, #952, .T. ) ;
#6482 = DIRECTION ( 'NONE',  ( 0.7660444431189747900, 0.0000000000000000000, -0.6427876096865432500 ) ) ;
#6483 = EDGE_CURVE ( 'NONE', #6656, #4347, #2526, .T. ) ;
#6484 = VECTOR ( 'NONE', #71, 1000.000000000000000 ) ;
#6485 = ORIENTED_EDGE ( 'NONE', *, *, #6185, .F. ) ;
#6486 = ORIENTED_EDGE ( 'NONE', *, *, #3299, .F. ) ;
#6487 = CARTESIAN_POINT ( 'NONE',  ( -9.855445003483749700, -2.149999999999999900, 5.000000000000000900 ) ) ;
#6488 = CARTESIAN_POINT ( 'NONE',  ( 0.4500000000000006800, -3.050000000000000300, -4.999999999999999100 ) ) ;
#6489 = VECTOR ( 'NONE', #6450, 1000.000000000000000 ) ;
#6490 = CARTESIAN_POINT ( 'NONE',  ( -1.224606353822377500E-015, -2.200000000000000200, -4.675000000000001600 ) ) ;
#6491 = CARTESIAN_POINT ( 'NONE',  ( 0.4499999999999999000, -2.149999999999999900, -4.999999999999999100 ) ) ;
#6492 = ORIENTED_EDGE ( 'NONE', *, *, #4550, .F. ) ;
#6493 = DIRECTION ( 'NONE',  ( -0.0000000000000000000, -1.000000000000000000, -0.0000000000000000000 ) ) ;
#6494 = DIRECTION ( 'NONE',  ( 0.0000000000000000000, -0.0000000000000000000, 1.000000000000000000 ) ) ;
#6495 = DIRECTION ( 'NONE',  ( 0.0000000000000000000, 0.0000000000000000000, -1.000000000000000000 ) ) ;
#6496 = VECTOR ( 'NONE', #5613, 1000.000000000000200 ) ;
#6497 = PLANE ( 'NONE',  #6725 ) ;
#6498 = MECHANICAL_DESIGN_GEOMETRIC_PRESENTATION_REPRESENTATION (  '', ( #5775 ), #6851 ) ;
#6499 = ORIENTED_EDGE ( 'NONE', *, *, #5831, .F. ) ;
#6500 = LINE ( 'NONE', #5993, #6154 ) ;
#6501 = STYLED_ITEM ( 'NONE', ( #4366 ), #1298 ) ;
#6502 = ORIENTED_EDGE ( 'NONE', *, *, #3898, .F. ) ;
#6503 = CARTESIAN_POINT ( 'NONE',  ( -9.855445003483749700, -2.149999999999999900, 5.000000000000000900 ) ) ;
#6504 = EDGE_CURVE ( 'NONE', #2740, #200, #6452, .T. ) ;
#6505 = CARTESIAN_POINT ( 'NONE',  ( -0.8855996593069929100, 0.0000000000000000000, -2.539999999999998700 ) ) ;
#6506 = MECHANICAL_DESIGN_GEOMETRIC_PRESENTATION_REPRESENTATION (  '', ( #5414 ), #6866 ) ;
#6507 = DIRECTION ( 'NONE',  ( 1.000000000000000000, 0.0000000000000000000, -6.505213034913026600E-016 ) ) ;
#6508 = VERTEX_POINT ( 'NONE', #2661 ) ;
#6509 = EDGE_LOOP ( 'NONE', ( #5715, #6640, #3276, #5024 ) ) ;
#6510 = CARTESIAN_POINT ( 'NONE',  ( -1.439999999999999900, -2.149999999999999900, 4.675000000000000700 ) ) ;
#6511 = ORIENTED_EDGE ( 'NONE', *, *, #5219, .T. ) ;
#6512 = DIRECTION ( 'NONE',  ( 1.000000000000000000, -0.0000000000000000000, 0.0000000000000000000 ) ) ;
#6513 = DIRECTION ( 'NONE',  ( 0.0000000000000000000, -1.000000000000000000, -0.0000000000000000000 ) ) ;
#6514 = PRESENTATION_LAYER_ASSIGNMENT (  '', '', ( #5799 ) ) ;
#6515 = ORIENTED_EDGE ( 'NONE', *, *, #2234, .F. ) ;
#6516 = VECTOR ( 'NONE', #326, 1000.000000000000000 ) ;
#6517 = EDGE_CURVE ( 'NONE', #6380, #3966, #5002, .T. ) ;
#6518 = LINE ( 'NONE', #5377, #5079 ) ;
#6519 = FACE_OUTER_BOUND ( 'NONE', #4737, .T. ) ;
#6520 = VECTOR ( 'NONE', #1202, 1000.000000000000000 ) ;
#6521 = CIRCLE ( 'NONE', #4754, 0.3249999999999997900 ) ;
#6522 = DIRECTION ( 'NONE',  ( 0.0000000000000000000, 0.0000000000000000000, 1.000000000000000000 ) ) ;
#6523 = CIRCLE ( 'NONE', #5534, 0.3249999999999997900 ) ;
#6524 = VERTEX_POINT ( 'NONE', #2158 ) ;
#6525 = EDGE_CURVE ( 'NONE', #116, #6281, #4842, .T. ) ;
#6526 = DIRECTION ( 'NONE',  ( -5.421010862427522200E-017, -0.0000000000000000000, -1.000000000000000000 ) ) ;
#6527 = EDGE_LOOP ( 'NONE', ( #4126, #1685, #1049, #6261 ) ) ;
#6528 = DIRECTION ( 'NONE',  ( 0.0000000000000000000, -0.0000000000000000000, -1.000000000000000000 ) ) ;
#6529 = VECTOR ( 'NONE', #346, 1000.000000000000000 ) ;
#6530 = LINE ( 'NONE', #6245, #2279 ) ;
#6531 = FACE_OUTER_BOUND ( 'NONE', #5655, .T. ) ;
#6532 = CARTESIAN_POINT ( 'NONE',  ( 0.9552187682305410800, -0.05000000000000000300, 2.470380891076456200 ) ) ;
#6533 = DIRECTION ( 'NONE',  ( -0.7660444431189759000, 0.0000000000000000000, -0.6427876096865419200 ) ) ;
#6534 = VECTOR ( 'NONE', #998, 1000.000000000000000 ) ;
#6535 = LINE ( 'NONE', #3471, #4429 ) ;
#6536 = LINE ( 'NONE', #6661, #5095 ) ;
#6537 = ORIENTED_EDGE ( 'NONE', *, *, #3663, .T. ) ;
#6538 = ORIENTED_EDGE ( 'NONE', *, *, #139, .T. ) ;
#6539 = SURFACE_STYLE_USAGE ( .BOTH. , #2804 ) ;
#6540 = ORIENTED_EDGE ( 'NONE', *, *, #994, .T. ) ;
#6541 = LINE ( 'NONE', #3685, #3526 ) ;
#6542 = CARTESIAN_POINT ( 'NONE',  ( -9.855445003483749700, -2.149999999999999900, -4.999999999999999100 ) ) ;
#6543 = ORIENTED_EDGE ( 'NONE', *, *, #4368, .T. ) ;
#6544 = LINE ( 'NONE', #1982, #6702 ) ;
#6545 = COLOUR_RGB ( '',0.4117647058823529200, 0.5019607843137254800, 0.5019607843137254800 ) ;
#6546 = VERTEX_POINT ( 'NONE', #3765 ) ;
#6547 = AXIS2_PLACEMENT_3D ( 'NONE', #3842, #656, #4372 ) ;
#6548 = SURFACE_STYLE_FILL_AREA ( #2985 ) ;
#6549 = EDGE_CURVE ( 'NONE', #117, #5476, #2025, .T. ) ;
#6550 = CARTESIAN_POINT ( 'NONE',  ( -9.855445003483749700, -2.149999999999999900, -4.000000000000000000 ) ) ;
#6551 = CARTESIAN_POINT ( 'NONE',  ( 0.4500000000000005700, -3.050000000000000300, -5.000000000000000000 ) ) ;
#6552 = EDGE_CURVE ( 'NONE', #4350, #1736, #6270, .T. ) ;
#6553 = EDGE_CURVE ( 'NONE', #2114, #5406, #3272, .T. ) ;
#6554 = CIRCLE ( 'NONE', #4478, 0.3249999999999997900 ) ;
#6555 = EDGE_LOOP ( 'NONE', ( #6492, #5453, #4250, #1236 ) ) ;
#6556 = DIRECTION ( 'NONE',  ( -0.0000000000000000000, 0.0000000000000000000, -1.000000000000000000 ) ) ;
#6557 = ORIENTED_EDGE ( 'NONE', *, *, #228, .T. ) ;
#6558 = VERTEX_POINT ( 'NONE', #5904 ) ;
#6559 = PLANE ( 'NONE',  #5112 ) ;
#6560 = ORIENTED_EDGE ( 'NONE', *, *, #4526, .T. ) ;
#6561 = CARTESIAN_POINT ( 'NONE',  ( 1.439999999999998600, -2.149999999999999900, -5.000000000000000900 ) ) ;
#6562 = ORIENTED_EDGE ( 'NONE', *, *, #89, .F. ) ;
#6563 = CARTESIAN_POINT ( 'NONE',  ( 0.4500000000000012300, -2.200000000000000200, -4.999999999999999100 ) ) ;
#6564 = VERTEX_POINT ( 'NONE', #4817 ) ;
#6565 = MECHANICAL_DESIGN_GEOMETRIC_PRESENTATION_REPRESENTATION (  '', ( #5467 ), #3 ) ;
#6566 = STYLED_ITEM ( 'NONE', ( #4383 ), #2166 ) ;
#6567 = VECTOR ( 'NONE', #156, 1000.000000000000000 ) ;
#6568 = AXIS2_PLACEMENT_3D ( 'NONE', #5146, #386, #4093 ) ;
#6569 = DIRECTION ( 'NONE',  ( 0.0000000000000000000, -0.0000000000000000000, 1.000000000000000000 ) ) ;
#6570 = ORIENTED_EDGE ( 'NONE', *, *, #6037, .F. ) ;
#6571 = DIRECTION ( 'NONE',  ( 0.0000000000000000000, 1.000000000000000000, 0.0000000000000000000 ) ) ;
#6572 = EDGE_CURVE ( 'NONE', #2857, #1683, #4506, .T. ) ;
#6573 = EDGE_CURVE ( 'NONE', #6130, #2331, #1853, .T. ) ;
#6574 = UNCERTAINTY_MEASURE_WITH_UNIT (LENGTH_MEASURE( 1.000000000000000100E-005 ), #6805, 'distance_accuracy_value', 'NONE');
#6575 = CARTESIAN_POINT ( 'NONE',  ( -9.855445003483749700, -2.149999999999999900, 5.000000000000000900 ) ) ;
#6576 = VECTOR ( 'NONE', #299, 1000.000000000000000 ) ;
#6577 = LINE ( 'NONE', #3268, #6404 ) ;
#6578 = CYLINDRICAL_SURFACE ( 'NONE', #5596, 0.3249999999999997900 ) ;
#6579 = CARTESIAN_POINT ( 'NONE',  ( -2.879999999999999900, -2.149999999999999900, 4.675000000000003400 ) ) ;
#6580 = FACE_OUTER_BOUND ( 'NONE', #3418, .T. ) ;
#6581 = DIRECTION ( 'NONE',  ( 0.0000000000000000000, -0.0000000000000000000, 1.000000000000000000 ) ) ;
#6582 = EDGE_CURVE ( 'NONE', #6040, #61, #1701, .T. ) ;
#6583 = PLANE ( 'NONE',  #82 ) ;
#6584 = DIRECTION ( 'NONE',  ( 1.000000000000000000, -0.0000000000000000000, 0.0000000000000000000 ) ) ;
#6585 = ADVANCED_FACE ( 'NONE', ( #2925 ), #5381, .T. ) ;
#6586 = CARTESIAN_POINT ( 'NONE',  ( -1.143628000647807200, -0.05000000000000000300, -0.08877868892848833600 ) ) ;
#6587 = DIRECTION ( 'NONE',  ( 1.000000000000000000, 0.0000000000000000000, -6.505213034913021700E-016 ) ) ;
#6588 = DIRECTION ( 'NONE',  ( 1.000000000000000000, 0.0000000000000000000, -0.0000000000000000000 ) ) ;
#6589 = LINE ( 'NONE', #4919, #2326 ) ;
#6590 = PLANE ( 'NONE',  #38 ) ;
#6591 = ORIENTED_EDGE ( 'NONE', *, *, #4535, .T. ) ;
#6592 = ORIENTED_EDGE ( 'NONE', *, *, #6138, .F. ) ;
#6593 = ORIENTED_EDGE ( 'NONE', *, *, #357, .T. ) ;
#6594 = AXIS2_PLACEMENT_3D ( 'NONE', #2876, #6612, #3399 ) ;
#6595 = ORIENTED_EDGE ( 'NONE', *, *, #5604, .T. ) ;
#6596 = MECHANICAL_DESIGN_GEOMETRIC_PRESENTATION_REPRESENTATION (  '', ( #5890 ), #52 ) ;
#6597 = EDGE_CURVE ( 'NONE', #4230, #962, #271, .T. ) ;
#6598 = ORIENTED_EDGE ( 'NONE', *, *, #5005, .F. ) ;
#6599 = SURFACE_STYLE_USAGE ( .BOTH. , #2865 ) ;
#6600 = CARTESIAN_POINT ( 'NONE',  ( -0.3250000000000000100, -3.050000000000000300, 5.000000000000000900 ) ) ;
#6601 = PLANE ( 'NONE',  #792 ) ;
#6602 = MANIFOLD_SOLID_BREP ( 'NONE', #6277 ) ;
#6603 = CARTESIAN_POINT ( 'NONE',  ( -3.330000000000001000, -3.050000000000000300, 3.799999999999999400 ) ) ;
#6604 = VECTOR ( 'NONE', #2887, 1000.000000000000000 ) ;
#6605 = ADVANCED_FACE ( 'NONE', ( #110 ), #3689, .F. ) ;
#6606 = CARTESIAN_POINT ( 'NONE',  ( 2.430000000000000200, -3.050000000000000300, 3.800000000000000300 ) ) ;
#6607 = FACE_OUTER_BOUND ( 'NONE', #3840, .T. ) ;
#6608 = SURFACE_SIDE_STYLE ('',( #4111 ) ) ;
#6609 = VECTOR ( 'NONE', #5855, 1000.000000000000000 ) ;
#6610 = LINE ( 'NONE', #564, #3609 ) ;
#6611 = LINE ( 'NONE', #5675, #1854 ) ;
#6612 = DIRECTION ( 'NONE',  ( 0.0000000000000000000, 1.000000000000000000, 0.0000000000000000000 ) ) ;
#6613 = ORIENTED_EDGE ( 'NONE', *, *, #2344, .T. ) ;
#6614 = ADVANCED_FACE ( 'NONE', ( #1030 ), #857, .F. ) ;
#6615 = ORIENTED_EDGE ( 'NONE', *, *, #1983, .T. ) ;
#6616 = ORIENTED_EDGE ( 'NONE', *, *, #2129, .T. ) ;
#6617 = DIRECTION ( 'NONE',  ( 0.0000000000000000000, 0.0000000000000000000, 1.000000000000000000 ) ) ;
#6618 = ORIENTED_EDGE ( 'NONE', *, *, #2549, .F. ) ;
#6619 = VERTEX_POINT ( 'NONE', #4880 ) ;
#6620 = LINE ( 'NONE', #3475, #5191 ) ;
#6621 = EDGE_LOOP ( 'NONE', ( #540, #6895, #6634, #4170, #1156, #5642, #2411 ) ) ;
#6622 = SURFACE_STYLE_FILL_AREA ( #203 ) ;
#6623 = ORIENTED_EDGE ( 'NONE', *, *, #6597, .F. ) ;
#6624 = SURFACE_SIDE_STYLE ('',( #4866 ) ) ;
#6625 = PLANE ( 'NONE',  #6059 ) ;
#6626 = CARTESIAN_POINT ( 'NONE',  ( 2.879999999999998600, -2.200000000000000200, -4.675000000000001600 ) ) ;
#6627 = LINE ( 'NONE', #1563, #5201 ) ;
#6628 = PLANE ( 'NONE',  #1516 ) ;
#6629 = ORIENTED_EDGE ( 'NONE', *, *, #6553, .T. ) ;
#6630 = VERTEX_POINT ( 'NONE', #5416 ) ;
#6631 = CARTESIAN_POINT ( 'NONE',  ( -1.698248156788428900, 7.623296525288703100E-018, 2.540000000000000000 ) ) ;
#6632 = LINE ( 'NONE', #1716, #3443 ) ;
#6633 = ORIENTED_EDGE ( 'NONE', *, *, #3087, .F. ) ;
#6634 = ORIENTED_EDGE ( 'NONE', *, *, #6667, .T. ) ;
#6635 = LINE ( 'NONE', #5925, #4872 ) ;
#6636 = ADVANCED_FACE ( 'NONE', ( #3419 ), #5972, .F. ) ;
#6637 = EDGE_CURVE ( 'NONE', #3980, #3854, #6356, .T. ) ;
#6638 = FILL_AREA_STYLE ('',( #3424 ) ) ;
#6639 = AXIS2_PLACEMENT_3D ( 'NONE', #6561, #6015, #2816 ) ;
#6640 = ORIENTED_EDGE ( 'NONE', *, *, #4877, .F. ) ;
#6641 = VERTEX_POINT ( 'NONE', #657 ) ;
#6642 = PRESENTATION_STYLE_ASSIGNMENT (( #4971 ) ) ;
#6643 = EDGE_CURVE ( 'NONE', #3031, #1378, #3502, .T. ) ;
#6644 = PRODUCT_RELATED_PRODUCT_CATEGORY ( 'part', '', ( #6085 ) ) ;
#6645 = ADVANCED_FACE ( 'NONE', ( #4916 ), #5994, .T. ) ;
#6646 = DIRECTION ( 'NONE',  ( 1.000000000000000000, 0.0000000000000000000, -0.0000000000000000000 ) ) ;
#6647 = EDGE_CURVE ( 'NONE', #4997, #2175, #6176, .T. ) ;
#6648 = VECTOR ( 'NONE', #5908, 1000.000000000000000 ) ;
#6649 = EDGE_CURVE ( 'NONE', #454, #827, #2271, .T. ) ;
#6650 = ORIENTED_EDGE ( 'NONE', *, *, #3801, .F. ) ;
#6651 = EDGE_CURVE ( 'NONE', #2433, #5452, #681, .T. ) ;
#6652 = DIRECTION ( 'NONE',  ( 1.000000000000000000, 0.0000000000000000000, -0.0000000000000000000 ) ) ;
#6653 = ORIENTED_EDGE ( 'NONE', *, *, #5736, .T. ) ;
#6654 = VECTOR ( 'NONE', #6306, 1000.000000000000000 ) ;
#6655 = DIRECTION ( 'NONE',  ( -1.000000000000000000, 0.0000000000000000000, 3.686287386450715100E-015 ) ) ;
#6656 = VERTEX_POINT ( 'NONE', #2295 ) ;
#6657 = DIRECTION ( 'NONE',  ( -0.0000000000000000000, -1.000000000000000000, -0.0000000000000000000 ) ) ;
#6658 = ADVANCED_FACE ( 'NONE', ( #4583 ), #6559, .F. ) ;
#6659 = CARTESIAN_POINT ( 'NONE',  ( 3.330000000000001400, -3.000000000000000000, 5.000000000000000000 ) ) ;
#6660 = ORIENTED_EDGE ( 'NONE', *, *, #2967, .F. ) ;
#6661 = CARTESIAN_POINT ( 'NONE',  ( -3.450000000000000200, -3.050000000000000300, 5.000000000000000900 ) ) ;
#6662 = ORIENTED_EDGE ( 'NONE', *, *, #511, .F. ) ;
#6663 = SURFACE_SIDE_STYLE ('',( #6818 ) ) ;
#6664 = ORIENTED_EDGE ( 'NONE', *, *, #5075, .T. ) ;
#6665 = CARTESIAN_POINT ( 'NONE',  ( -0.9382855567520611600, 0.0000000000000000000, 0.0000000000000000000 ) ) ;
#6666 = CARTESIAN_POINT ( 'NONE',  ( 3.204999999999997900, -2.200000000000000200, -4.999999999999999100 ) ) ;
#6667 = EDGE_CURVE ( 'NONE', #2673, #436, #4755, .T. ) ;
#6668 = EDGE_CURVE ( 'NONE', #5577, #1290, #1937, .T. ) ;
#6669 = ADVANCED_FACE ( 'NONE', ( #4420 ), #1774, .F. ) ;
#6670 = ORIENTED_EDGE ( 'NONE', *, *, #6668, .T. ) ;
#6671 = FACE_OUTER_BOUND ( 'NONE', #6459, .T. ) ;
#6672 = LINE ( 'NONE', #2174, #5255 ) ;
#6673 = AXIS2_PLACEMENT_3D ( 'NONE', #2043, #5758, #2573 ) ;
#6674 = AXIS2_PLACEMENT_3D ( 'NONE', #2584, #3131, #5254 ) ;
#6675 = VECTOR ( 'NONE', #213, 1000.000000000000000 ) ;
#6676 = AXIS2_PLACEMENT_3D ( 'NONE', #2116, #8, #3736 ) ;
#6677 = CARTESIAN_POINT ( 'NONE',  ( 0.4500000000000007300, -3.000000000000000000, -4.999999999999999100 ) ) ;
#6678 = EDGE_CURVE ( 'NONE', #5456, #4389, #3181, .T. ) ;
#6679 = DIRECTION ( 'NONE',  ( -0.6427876096865400300, 0.0000000000000000000, -0.7660444431189775700 ) ) ;
#6680 = FACE_OUTER_BOUND ( 'NONE', #1259, .T. ) ;
#6681 = CYLINDRICAL_SURFACE ( 'NONE', #4120, 0.3249999999999997900 ) ;
#6682 = ORIENTED_EDGE ( 'NONE', *, *, #3833, .T. ) ;
#6683 = DIRECTION ( 'NONE',  ( -1.000000000000000000, -0.0000000000000000000, 0.0000000000000000000 ) ) ;
#6684 = EDGE_CURVE ( 'NONE', #1875, #2023, #1766, .T. ) ;
#6685 = CARTESIAN_POINT ( 'NONE',  ( -1.439999999999999900, -3.050000000000000300, 5.000000000000000000 ) ) ;
#6686 = ORIENTED_EDGE ( 'NONE', *, *, #6597, .T. ) ;
#6687 = VECTOR ( 'NONE', #6218, 1000.000000000000000 ) ;
#6688 = LINE ( 'NONE', #4501, #5270 ) ;
#6689 = CARTESIAN_POINT ( 'NONE',  ( -2.555000000000000200, -2.149999999999999900, 5.000000000000000900 ) ) ;
#6690 = CIRCLE ( 'NONE', #5806, 0.3249999999999997900 ) ;
#6691 = VECTOR ( 'NONE', #3960, 1000.000000000000000 ) ;
#6692 = LINE ( 'NONE', #5631, #2439 ) ;
#6693 = ORIENTED_EDGE ( 'NONE', *, *, #1690, .F. ) ;
#6694 = DIRECTION ( 'NONE',  ( 0.0000000000000000000, -1.000000000000000000, -0.0000000000000000000 ) ) ;
#6695 = ORIENTED_EDGE ( 'NONE', *, *, #6829, .F. ) ;
#6696 = CARTESIAN_POINT ( 'NONE',  ( 0.4500000000000006800, -3.050000000000000300, 5.000000000000000900 ) ) ;
#6697 = VERTEX_POINT ( 'NONE', #1803 ) ;
#6698 = DIRECTION ( 'NONE',  ( -1.000000000000000000, -0.0000000000000000000, 0.0000000000000000000 ) ) ;
#6699 = DIRECTION ( 'NONE',  ( -0.6427876096865401400, 0.0000000000000000000, 0.7660444431189773500 ) ) ;
#6700 = LINE ( 'NONE', #2036, #1219 ) ;
#6701 = ORIENTED_EDGE ( 'NONE', *, *, #188, .F. ) ;
#6702 = VECTOR ( 'NONE', #5154, 1000.000000000000000 ) ;
#6703 = FACE_BOUND ( 'NONE', #5022, .T. ) ;
#6704 = ADVANCED_FACE ( 'NONE', ( #1613 ), #730, .T. ) ;
#6705 = EDGE_LOOP ( 'NONE', ( #3936, #754, #3070, #1708 ) ) ;
#6706 = DIRECTION ( 'NONE',  ( 0.0000000000000000000, 1.000000000000000000, 0.0000000000000000000 ) ) ;
#6707 = EDGE_CURVE ( 'NONE', #5204, #806, #3773, .T. ) ;
#6708 = VECTOR ( 'NONE', #6683, 1000.000000000000000 ) ;
#6709 = DIRECTION ( 'NONE',  ( 0.0000000000000000000, 1.000000000000000000, 0.0000000000000000000 ) ) ;
#6710 = DIRECTION ( 'NONE',  ( 0.0000000000000000000, 1.000000000000000000, 0.0000000000000000000 ) ) ;
#6711 = DIRECTION ( 'NONE',  ( -0.0000000000000000000, -1.000000000000000000, -0.0000000000000000000 ) ) ;
#6712 = CARTESIAN_POINT ( 'NONE',  ( 3.204999999999998300, -3.000000000000000000, -4.999999999999999100 ) ) ;
#6713 = DIRECTION ( 'NONE',  ( -1.000000000000000000, 0.0000000000000000000, -0.0000000000000000000 ) ) ;
#6714 = ADVANCED_FACE ( 'NONE', ( #944 ), #2349, .T. ) ;
#6715 = VECTOR ( 'NONE', #133, 1000.000000000000000 ) ;
#6716 = DIRECTION ( 'NONE',  ( 0.0000000000000000000, 0.0000000000000000000, -1.000000000000000000 ) ) ;
#6717 = VERTEX_POINT ( 'NONE', #1823 ) ;
#6718 = ORIENTED_EDGE ( 'NONE', *, *, #7, .F. ) ;
#6719 = AXIS2_PLACEMENT_3D ( 'NONE', #3901, #726, #4434 ) ;
#6720 = SURFACE_SIDE_STYLE ('',( #6548 ) ) ;
#6721 = ORIENTED_EDGE ( 'NONE', *, *, #2949, .T. ) ;
#6722 = ORIENTED_EDGE ( 'NONE', *, *, #1234, .F. ) ;
#6723 = CARTESIAN_POINT ( 'NONE',  ( -1.765000000000001000, -2.149999999999999900, -4.999999999999999100 ) ) ;
#6724 = VECTOR ( 'NONE', #1170, 1000.000000000000000 ) ;
#6725 = AXIS2_PLACEMENT_3D ( 'NONE', #2763, #3296, #115 ) ;
#6726 = DIRECTION ( 'NONE',  ( 0.0000000000000000000, 0.0000000000000000000, -1.000000000000000000 ) ) ;
#6727 = CARTESIAN_POINT ( 'NONE',  ( -3.330000000000001000, -3.050000000000000300, -3.800000000000000300 ) ) ;
#6728 =( NAMED_UNIT ( * ) PLANE_ANGLE_UNIT ( ) SI_UNIT ( $, .RADIAN. ) );
#6729 = VECTOR ( 'NONE', #3549, 1000.000000000000000 ) ;
#6730 = CARTESIAN_POINT ( 'NONE',  ( 1.889999999999999200, -2.149999999999999900, 4.000000000000000000 ) ) ;
#6731 = CIRCLE ( 'NONE', #1876, 0.3249999999999997900 ) ;
#6732 = ORIENTED_EDGE ( 'NONE', *, *, #127, .F. ) ;
#6733 = PLANE ( 'NONE',  #1274 ) ;
#6734 = VECTOR ( 'NONE', #5647, 1000.000000000000000 ) ;
#6735 = CARTESIAN_POINT ( 'NONE',  ( 0.6177775058068203400, 0.0000000000000000000, 1.679303097578368900 ) ) ;
#6736 = DIRECTION ( 'NONE',  ( 0.0000000000000000000, 1.000000000000000000, 0.0000000000000000000 ) ) ;
#6737 = VECTOR ( 'NONE', #4131, 1000.000000000000000 ) ;
#6738 = SURFACE_SIDE_STYLE ('',( #3930 ) ) ;
#6739 = ADVANCED_FACE ( 'NONE', ( #6442 ), #768, .T. ) ;
#6740 = PLANE ( 'NONE',  #1735 ) ;
#6741 = AXIS2_PLACEMENT_3D ( 'NONE', #5361, #2715, #6445 ) ;
#6742 = CARTESIAN_POINT ( 'NONE',  ( -3.450000000000000200, 0.0000000000000000000, 2.539999999999997800 ) ) ;
#6743 = DIRECTION ( 'NONE',  ( 0.0000000000000000000, -0.0000000000000000000, -1.000000000000000000 ) ) ;
#6744 = DIRECTION ( 'NONE',  ( 0.0000000000000000000, 0.0000000000000000000, 1.000000000000000000 ) ) ;
#6745 = DIRECTION ( 'NONE',  ( 0.0000000000000000000, 0.0000000000000000000, 1.000000000000000000 ) ) ;
#6746 =( NAMED_UNIT ( * ) SI_UNIT ( $, .STERADIAN. ) SOLID_ANGLE_UNIT ( ) );
#6747 = ADVANCED_FACE ( 'NONE', ( #3262 ), #6625, .T. ) ;
#6748 = EDGE_CURVE ( 'NONE', #4874, #61, #5411, .T. ) ;
#6749 = CARTESIAN_POINT ( 'NONE',  ( -9.855445003483749700, -2.200000000000000200, 0.01782600801236681300 ) ) ;
#6750 = CARTESIAN_POINT ( 'NONE',  ( 3.204999999999998300, -2.149999999999999900, -4.999999999999999100 ) ) ;
#6751 = VECTOR ( 'NONE', #2286, 1000.000000000000100 ) ;
#6752 = ORIENTED_EDGE ( 'NONE', *, *, #4601, .F. ) ;
#6753 = VERTEX_POINT ( 'NONE', #1351 ) ;
#6754 = ORIENTED_EDGE ( 'NONE', *, *, #4978, .T. ) ;
#6755 = CARTESIAN_POINT ( 'NONE',  ( 1.890000000000001000, -3.050000000000000300, -3.800000000000000300 ) ) ;
#6756 = CARTESIAN_POINT ( 'NONE',  ( -1.765000000000001000, -2.149999999999999900, -4.999999999999999100 ) ) ;
#6757 = PLANE ( 'NONE',  #351 ) ;
#6758 = ORIENTED_EDGE ( 'NONE', *, *, #2621, .F. ) ;
#6759 = MECHANICAL_DESIGN_GEOMETRIC_PRESENTATION_REPRESENTATION (  '', ( #5677 ), #208 ) ;
#6760 = ORIENTED_EDGE ( 'NONE', *, *, #5065, .T. ) ;
#6761 = CARTESIAN_POINT ( 'NONE',  ( 3.764886775781080000E-016, -3.050000000000000300, 3.800000000000001200 ) ) ;
#6762 = VECTOR ( 'NONE', #4567, 1000.000000000000000 ) ;
#6763 = SURFACE_STYLE_USAGE ( .BOTH. , #3043 ) ;
#6764 = EDGE_CURVE ( 'NONE', #2140, #5868, #6848, .T. ) ;
#6765 =( LENGTH_UNIT ( ) NAMED_UNIT ( * ) SI_UNIT ( .MILLI., .METRE. ) );
#6766 = PRESENTATION_STYLE_ASSIGNMENT (( #6852 ) ) ;
#6767 = EDGE_CURVE ( 'NONE', #3938, #2412, #2764, .T. ) ;
#6768 = ADVANCED_FACE ( 'NONE', ( #3992 ), #3476, .T. ) ;
#6769 = DIRECTION ( 'NONE',  ( -2.168404344971008900E-015, 0.0000000000000000000, 1.000000000000000000 ) ) ;
#6770 = CARTESIAN_POINT ( 'NONE',  ( -3.450000000000000200, -2.200000000000000200, 5.000000000000000900 ) ) ;
#6771 = VECTOR ( 'NONE', #2618, 1000.000000000000000 ) ;
#6772 = LINE ( 'NONE', #6898, #4097 ) ;
#6773 = CIRCLE ( 'NONE', #1184, 0.3249999999999997900 ) ;
#6774 = DIRECTION ( 'NONE',  ( -0.0000000000000000000, 0.0000000000000000000, 1.000000000000000000 ) ) ;
#6775 = EDGE_LOOP ( 'NONE', ( #6562, #2221, #5247, #6308 ) ) ;
#6776 = MECHANICAL_DESIGN_GEOMETRIC_PRESENTATION_REPRESENTATION (  '', ( #5705 ), #225 ) ;
#6777 = FILL_AREA_STYLE_COLOUR ( '', #6545 ) ;
#6778 = DIRECTION ( 'NONE',  ( -0.0000000000000000000, -1.000000000000000000, 0.0000000000000000000 ) ) ;
#6779 = CARTESIAN_POINT ( 'NONE',  ( -0.5211717993440885300, -0.05000000000000000300, 0.3499999999999999200 ) ) ;
#6780 = EDGE_CURVE ( 'NONE', #1747, #5527, #3841, .T. ) ;
#6781 = ORIENTED_EDGE ( 'NONE', *, *, #3830, .F. ) ;
#6782 = VERTEX_POINT ( 'NONE', #2443 ) ;
#6783 = ORIENTED_EDGE ( 'NONE', *, *, #4535, .F. ) ;
#6784 = CYLINDRICAL_SURFACE ( 'NONE', #4666, 0.3249999999999997900 ) ;
#6785 = DIRECTION ( 'NONE',  ( 0.0000000000000000000, 0.0000000000000000000, -1.000000000000000000 ) ) ;
#6786 = EDGE_CURVE ( 'NONE', #3029, #4004, #1025, .T. ) ;
#6787 = PRESENTATION_STYLE_ASSIGNMENT (( #6451 ) ) ;
#6788 = DIRECTION ( 'NONE',  ( 0.0000000000000000000, 1.000000000000000000, 0.0000000000000000000 ) ) ;
#6789 = ADVANCED_FACE ( 'NONE', ( #6671 ), #1333, .T. ) ;
#6790 = ORIENTED_EDGE ( 'NONE', *, *, #2224, .T. ) ;
#6791 = ORIENTED_EDGE ( 'NONE', *, *, #5707, .F. ) ;
#6792 = LINE ( 'NONE', #715, #3944 ) ;
#6793 = EDGE_LOOP ( 'NONE', ( #4284, #1071, #3635, #6662 ) ) ;
#6794 = DIRECTION ( 'NONE',  ( 0.0000000000000000000, 0.0000000000000000000, 1.000000000000000000 ) ) ;
#6795 = LINE ( 'NONE', #2592, #1142 ) ;
#6796 = CARTESIAN_POINT ( 'NONE',  ( -3.330000000000001000, -3.050000000000000300, 5.000000000000000900 ) ) ;
#6797 = DIRECTION ( 'NONE',  ( 0.0000000000000000000, -0.0000000000000000000, 1.000000000000000000 ) ) ;
#6798 = FACE_OUTER_BOUND ( 'NONE', #2796, .T. ) ;
#6799 = AXIS2_PLACEMENT_3D ( 'NONE', #1741, #5449, #2269 ) ;
#6800 = ORIENTED_EDGE ( 'NONE', *, *, #2490, .T. ) ;
#6801 = CARTESIAN_POINT ( 'NONE',  ( 1.439999999999999900, -2.200000000000000200, 5.000000000000000900 ) ) ;
#6802 = DIRECTION ( 'NONE',  ( 0.0000000000000000000, 0.0000000000000000000, 1.000000000000000000 ) ) ;
#6803 = ORIENTED_EDGE ( 'NONE', *, *, #1080, .T. ) ;
#6804 = EDGE_CURVE ( 'NONE', #1103, #1167, #5253, .T. ) ;
#6805 =( LENGTH_UNIT ( ) NAMED_UNIT ( * ) SI_UNIT ( .MILLI., .METRE. ) );
#6806 = VECTOR ( 'NONE', #295, 1000.000000000000000 ) ;
#6807 = DIRECTION ( 'NONE',  ( 0.7825059109464322900, 0.0000000000000000000, 0.6226431556950531300 ) ) ;
#6808 = ORIENTED_EDGE ( 'NONE', *, *, #6668, .F. ) ;
#6809 = ORIENTED_EDGE ( 'NONE', *, *, #3416, .F. ) ;
#6810 = DIRECTION ( 'NONE',  ( 0.0000000000000000000, 1.000000000000000000, 0.0000000000000000000 ) ) ;
#6811 = DIRECTION ( 'NONE',  ( 0.0000000000000000000, 1.000000000000000000, -0.0000000000000000000 ) ) ;
#6812 = CARTESIAN_POINT ( 'NONE',  ( 1.890000000000000300, -2.149999999999999900, -4.000000000000000000 ) ) ;
#6813 = ADVANCED_FACE ( 'NONE', ( #2419 ), #6197, .F. ) ;
#6814 = DIRECTION ( 'NONE',  ( -0.0000000000000000000, -1.000000000000000000, -0.0000000000000000000 ) ) ;
#6815 = DIRECTION ( 'NONE',  ( 1.000000000000000000, 0.0000000000000000000, -0.0000000000000000000 ) ) ;
#6816 = EDGE_CURVE ( 'NONE', #454, #973, #6352, .T. ) ;
#6817 = EDGE_CURVE ( 'NONE', #5339, #1761, #853, .T. ) ;
#6818 = SURFACE_STYLE_FILL_AREA ( #2941 ) ;
#6819 = CARTESIAN_POINT ( 'NONE',  ( 2.554999999999998400, -2.149999999999999900, -4.999999999999999100 ) ) ;
#6820 = CARTESIAN_POINT ( 'NONE',  ( -1.890000000000000300, -2.200000000000000200, 4.000000000000000000 ) ) ;
#6821 = VECTOR ( 'NONE', #2162, 1000.000000000000000 ) ;
#6822 = DIRECTION ( 'NONE',  ( 0.7071067811865369100, 0.0000000000000000000, -0.7071067811865581200 ) ) ;
#6823 = ADVANCED_FACE ( 'NONE', ( #676 ), #5144, .T. ) ;
#6824 = ORIENTED_EDGE ( 'NONE', *, *, #4977, .F. ) ;
#6825 = PLANE ( 'NONE',  #5976 ) ;
#6826 = AXIS2_PLACEMENT_3D ( 'NONE', #3587, #405, #4117 ) ;
#6827 = EDGE_CURVE ( 'NONE', #2147, #2606, #2263, .T. ) ;
#6828 = CARTESIAN_POINT ( 'NONE',  ( -5.379825418101230400, -0.05000000000000000300, 3.550112163170693800 ) ) ;
#6829 = EDGE_CURVE ( 'NONE', #4868, #343, #6170, .T. ) ;
#6830 = SURFACE_STYLE_USAGE ( .BOTH. , #3096 ) ;
#6831 = CARTESIAN_POINT ( 'NONE',  ( -1.249430322124140100, -0.05000000000000000300, 2.168404344971008900E-015 ) ) ;
#6832 = FILL_AREA_STYLE_COLOUR ( '', #946 ) ;
#6833 = ORIENTED_EDGE ( 'NONE', *, *, #5709, .T. ) ;
#6834 = CARTESIAN_POINT ( 'NONE',  ( -0.4500000000000001800, -3.050000000000000300, 3.800000000000001200 ) ) ;
#6835 = CARTESIAN_POINT ( 'NONE',  ( -3.330000000000013400, -2.200000000000000200, 0.01782600801238096200 ) ) ;
#6836 = LINE ( 'NONE', #5739, #5399 ) ;
#6837 = VERTEX_POINT ( 'NONE', #4630 ) ;
#6838 = CARTESIAN_POINT ( 'NONE',  ( 2.461714443247939000, -0.05000000000000000300, 2.140000000000001900 ) ) ;
#6839 = ORIENTED_EDGE ( 'NONE', *, *, #4550, .T. ) ;
#6840 =( NAMED_UNIT ( * ) SI_UNIT ( $, .STERADIAN. ) SOLID_ANGLE_UNIT ( ) );
#6841 = VERTEX_POINT ( 'NONE', #5164 ) ;
#6842 = VERTEX_POINT ( 'NONE', #5706 ) ;
#6843 = ADVANCED_FACE ( 'NONE', ( #519 ), #4579, .F. ) ;
#6844 = ORIENTED_EDGE ( 'NONE', *, *, #3200, .F. ) ;
#6845 = DIRECTION ( 'NONE',  ( -0.7660444431189772400, 0.0000000000000000000, 0.6427876096865402500 ) ) ;
#6846 = DIRECTION ( 'NONE',  ( 0.0000000000000000000, 1.000000000000000000, 0.0000000000000000000 ) ) ;
#6847 = PRODUCT_CONTEXT ( 'NONE', #4164, 'mechanical' ) ;
#6848 = LINE ( 'NONE', #2414, #2596 ) ;
#6849 = PLANE ( 'NONE',  #5977 ) ;
#6850 = LINE ( 'NONE', #1648, #4176 ) ;
#6851 =( GEOMETRIC_REPRESENTATION_CONTEXT ( 3 ) GLOBAL_UNCERTAINTY_ASSIGNED_CONTEXT ( ( #5730 ) ) GLOBAL_UNIT_ASSIGNED_CONTEXT ( ( #3662, #482, #4193 ) ) REPRESENTATION_CONTEXT ( 'NONE', 'WORKASPACE' ) );
#6852 = SURFACE_STYLE_USAGE ( .BOTH. , #3132 ) ;
#6853 = CARTESIAN_POINT ( 'NONE',  ( 2.429999999999999700, -3.000000000000000400, 5.000000000000000000 ) ) ;
#6854 = CARTESIAN_POINT ( 'NONE',  ( -9.855445003483749700, -2.149999999999999900, -4.999999999999999100 ) ) ;
#6855 = DIRECTION ( 'NONE',  ( 0.0000000000000000000, -0.0000000000000000000, 1.000000000000000000 ) ) ;
#6856 = LINE ( 'NONE', #5523, #5260 ) ;
#6857 = AXIS2_PLACEMENT_3D ( 'NONE', #3492, #4564, #1396 ) ;
#6858 = FACE_OUTER_BOUND ( 'NONE', #1069, .T. ) ;
#6859 = DIRECTION ( 'NONE',  ( 0.6427876096865436900, 0.0000000000000000000, 0.7660444431189744600 ) ) ;
#6860 = FACE_OUTER_BOUND ( 'NONE', #1957, .T. ) ;
#6861 = ORIENTED_EDGE ( 'NONE', *, *, #5331, .T. ) ;
#6862 = CARTESIAN_POINT ( 'NONE',  ( 0.0000000000000000000, -2.200000000000000200, 5.000000000000000900 ) ) ;
#6863 = DIRECTION ( 'NONE',  ( -0.0000000000000000000, 0.0000000000000000000, -1.000000000000000000 ) ) ;
#6864 = DIRECTION ( 'NONE',  ( -1.807003620809174900E-016, -0.0000000000000000000, 1.000000000000000000 ) ) ;
#6865 = VERTEX_POINT ( 'NONE', #409 ) ;
#6866 =( GEOMETRIC_REPRESENTATION_CONTEXT ( 3 ) GLOBAL_UNCERTAINTY_ASSIGNED_CONTEXT ( ( #3341 ) ) GLOBAL_UNIT_ASSIGNED_CONTEXT ( ( #331, #4055, #884 ) ) REPRESENTATION_CONTEXT ( 'NONE', 'WORKASPACE' ) );
#6867 = VERTEX_POINT ( 'NONE', #4119 ) ;
#6868 = LINE ( 'NONE', #2375, #4010 ) ;
#6869 = ORIENTED_EDGE ( 'NONE', *, *, #2475, .F. ) ;
#6870 = FACE_OUTER_BOUND ( 'NONE', #222, .T. ) ;
#6871 = VECTOR ( 'NONE', #1278, 1000.000000000000000 ) ;
#6872 = LINE ( 'NONE', #6689, #1367 ) ;
#6873 = EDGE_LOOP ( 'NONE', ( #4150, #4190, #4576, #2960 ) ) ;
#6874 = ORIENTED_EDGE ( 'NONE', *, *, #4616, .F. ) ;
#6875 = CARTESIAN_POINT ( 'NONE',  ( -3.450000000000000200, -3.050000000000000300, 5.000000000000000900 ) ) ;
#6876 = LINE ( 'NONE', #948, #5437 ) ;
#6877 = MECHANICAL_DESIGN_GEOMETRIC_PRESENTATION_REPRESENTATION (  '', ( #5799 ), #309 ) ;
#6878 = CARTESIAN_POINT ( 'NONE',  ( 1.043860116843172900, -0.05000000000000000300, -1.839999999999997900 ) ) ;
#6879 = VERTEX_POINT ( 'NONE', #6779 ) ;
#6880 = FACE_BOUND ( 'NONE', #1498, .T. ) ;
#6881 = PLANE ( 'NONE',  #495 ) ;
#6882 = EDGE_CURVE ( 'NONE', #2808, #2857, #1933, .T. ) ;
#6883 = CARTESIAN_POINT ( 'NONE',  ( -1.440000000000001500, -3.050000000000000300, -5.000000000000000000 ) ) ;
#6884 = FACE_OUTER_BOUND ( 'NONE', #77, .T. ) ;
#6885 = ORIENTED_EDGE ( 'NONE', *, *, #3301, .T. ) ;
#6886 = CARTESIAN_POINT ( 'NONE',  ( -1.889999999999999900, -3.050000000000000300, -9.591503366463465200 ) ) ;
#6887 = DIRECTION ( 'NONE',  ( -1.000000000000000000, 0.0000000000000000000, -3.252606517456513300E-015 ) ) ;
#6888 = VECTOR ( 'NONE', #2397, 1000.000000000000000 ) ;
#6889 = DIRECTION ( 'NONE',  ( 0.0000000000000000000, -0.0000000000000000000, 1.000000000000000000 ) ) ;
#6890 = DIRECTION ( 'NONE',  ( 0.7071067811865849900, -0.0000000000000000000, 0.7071067811865101600 ) ) ;
#6891 = EDGE_CURVE ( 'NONE', #6842, #2958, #4751, .T. ) ;
#6892 = PLANE ( 'NONE',  #2723 ) ;
#6893 = ORIENTED_EDGE ( 'NONE', *, *, #445, .T. ) ;
#6894 = ORIENTED_EDGE ( 'NONE', *, *, #2118, .F. ) ;
#6895 = ORIENTED_EDGE ( 'NONE', *, *, #797, .T. ) ;
#6896 = EDGE_LOOP ( 'NONE', ( #5188, #4984, #4912, #5250 ) ) ;
#6897 = VECTOR ( 'NONE', #2214, 999.9999999999998900 ) ;
#6898 = CARTESIAN_POINT ( 'NONE',  ( 3.329999999999993900, -2.149999999999999900, -4.999999999999999100 ) ) ;
#6899 = DIRECTION ( 'NONE',  ( 0.0000000000000000000, 1.000000000000000000, 0.0000000000000000000 ) ) ;
#6900 = CARTESIAN_POINT ( 'NONE',  ( -1.115000000000001300, -2.200000000000000200, -4.999999999999999100 ) ) ;
#6901 = VECTOR ( 'NONE', #1122, 1000.000000000000000 ) ;
#6902 = AXIS2_PLACEMENT_3D ( 'NONE', #3089, #988, #4684 ) ;
#6903 = VERTEX_POINT ( 'NONE', #2552 ) ;
#6904 = DIRECTION ( 'NONE',  ( 0.5735764363510473800, 0.0000000000000000000, 0.8191520442889909100 ) ) ;
#6905 = CARTESIAN_POINT ( 'NONE',  ( -3.205000000000001400, -2.200000000000000200, -4.999999999999999100 ) ) ;
#6906 = LINE ( 'NONE', #4047, #5469 ) ;
#6907 = EDGE_CURVE ( 'NONE', #1460, #2740, #5845, .T. ) ;
#6908 = EDGE_LOOP ( 'NONE', ( #1284, #3340, #5696, #2467, #5031, #1183, #3642, #6375 ) ) ;
#6909 = CARTESIAN_POINT ( 'NONE',  ( 2.554999999999998400, -2.200000000000000200, -4.999999999999999100 ) ) ;
#6910 = EDGE_CURVE ( 'NONE', #6344, #4278, #6013, .T. ) ;
#6911 = EDGE_CURVE ( 'NONE', #4830, #1211, #1763, .T. ) ;
#6912 = DIRECTION ( 'NONE',  ( 0.0000000000000000000, 1.000000000000000000, 0.0000000000000000000 ) ) ;
#6913 = DIRECTION ( 'NONE',  ( -0.0000000000000000000, -1.000000000000000000, -0.0000000000000000000 ) ) ;
ENDSEC;
END-ISO-10303-21;
